[2026-02-23 17:08:56] DEBUG: Incoming Request {"method":"POST","uri":"\/ssms-backend\/public\/api\/auth\/register","content_type":"application\/json","body_length":168,"parsed_body":{"username":"vlsi","password":"***REDACTED***","full_name":"\u0645\u062d\u0645\u062f \u064a\u0627\u0633\u0631 \u0645\u062d\u0645\u0648\u062f \u0634\u0648\u0644\u064a","email":"s12323069@stu.najah.edu","phone":"1111111115","address":"nablus"},"session_user_id":null}
[2026-02-23 17:08:56] ERROR: API Error: NOT_FOUND - Invalid API endpoint {"status_code":404}
[2026-02-23 17:14:07] DEBUG: Incoming Request {"method":"POST","uri":"\/ssms-backend\/public\/api\/auth\/register","content_type":"application\/json","body_length":167,"parsed_body":{"username":"vlsi","password":"***REDACTED***","full_name":"\u0645\u062d\u0645\u062f \u064a\u0627\u0633\u0631 \u0645\u062d\u0645\u0648\u062f \u0634\u0648\u0644\u064a","email":"s12323069@stu.najah.edu","phone":"1111111115","address":"nablus"},"session_user_id":null}
[2026-02-23 17:14:07] ERROR: API Error: NOT_FOUND - Invalid API endpoint {"status_code":404}
[2026-02-23 17:23:12] DEBUG: Incoming Request {"method":"GET","uri":"\/ssms-backend\/public\/api\/debug\/ping","content_type":"","body_length":0,"parsed_body":null,"session_user_id":null}
[2026-02-23 17:23:13] DEBUG: Router: parsed URI {"method":"GET","raw_uri":"\/ssms-backend\/public\/api\/debug\/ping","base_path":"\/ssms-backend\/public","clean_uri":"api\/debug\/ping","segments":["api","debug","ping"]}
[2026-02-23 17:23:33] DEBUG: Incoming Request {"method":"GET","uri":"\/ssms-backend\/public\/api\/debug\/ping","content_type":"","body_length":0,"parsed_body":null,"session_user_id":null}
[2026-02-23 17:23:33] DEBUG: Router: parsed URI {"method":"GET","raw_uri":"\/ssms-backend\/public\/api\/debug\/ping","base_path":"\/ssms-backend\/public","clean_uri":"api\/debug\/ping","segments":["api","debug","ping"]}
[2026-02-23 17:23:48] DEBUG: Incoming Request {"method":"POST","uri":"\/ssms-backend\/public\/api\/auth\/register","content_type":"application\/json","body_length":2,"parsed_body":null,"session_user_id":null}
[2026-02-23 17:23:48] DEBUG: Router: parsed URI {"method":"POST","raw_uri":"\/ssms-backend\/public\/api\/auth\/register","base_path":"\/ssms-backend\/public","clean_uri":"api\/auth\/register","segments":["api","auth","register"]}
[2026-02-23 17:23:48] DEBUG: AuthController::register - Start 
[2026-02-23 17:23:48] DEBUG: AuthController::register - Invalid JSON body {"raw_length":2,"json_error":"Syntax error"}
[2026-02-23 17:23:48] ERROR: API Error: VALIDATION_ERROR - Invalid JSON body {"status_code":400}
[2026-02-23 17:24:05] DEBUG: Incoming Request {"method":"POST","uri":"\/ssms-backend\/public\/api\/auth\/register","content_type":"application\/json","body_length":131,"parsed_body":null,"session_user_id":null}
[2026-02-23 17:24:05] DEBUG: Router: parsed URI {"method":"POST","raw_uri":"\/ssms-backend\/public\/api\/auth\/register","base_path":"\/ssms-backend\/public","clean_uri":"api\/auth\/register","segments":["api","auth","register"]}
[2026-02-23 17:24:05] DEBUG: AuthController::register - Start 
[2026-02-23 17:24:05] DEBUG: AuthController::register - Invalid JSON body {"raw_length":131,"json_error":"Syntax error"}
[2026-02-23 17:24:05] ERROR: API Error: VALIDATION_ERROR - Invalid JSON body {"status_code":400}
[2026-02-23 17:24:25] DEBUG: Incoming Request {"method":"POST","uri":"\/ssms-backend\/public\/api\/auth\/register","content_type":"application\/json","body_length":155,"parsed_body":{"username":"testuser999","password":"***REDACTED***","full_name":"Test User","phone":"0501234567","address":"Riyadh Saudi Arabia","email":"test999@example.com"},"session_user_id":null}
[2026-02-23 17:24:25] DEBUG: Router: parsed URI {"method":"POST","raw_uri":"\/ssms-backend\/public\/api\/auth\/register","base_path":"\/ssms-backend\/public","clean_uri":"api\/auth\/register","segments":["api","auth","register"]}
[2026-02-23 17:24:25] DEBUG: AuthController::register - Start 
[2026-02-23 17:24:25] DEBUG: AuthController::register - Request data received {"username":"testuser999","full_name":"Test User","email":"test999@example.com","phone":"0501234567","address":"Riyadh Saudi Arabia","has_password":true}
[2026-02-23 17:24:25] DEBUG: UserModel::register - Start {"username":"testuser999","full_name":"Test User","email":"test999@example.com","phone":"0501234567","address":"Riyadh Saudi Arabia"}
[2026-02-23 17:24:25] DEBUG: UserModel::register - Transaction started 
[2026-02-23 17:24:25] DEBUG: UserModel::register - Preparing INSERT into users table {"columns":"username, password_hash, full_name, phone, address, email, role, account_status"}
[2026-02-23 17:24:25] DEBUG: UserModel::register - Executing INSERT into users 
[2026-02-23 17:24:25] DEBUG: UserModel::register - User inserted successfully {"user_id":"4"}
[2026-02-23 17:24:25] DEBUG: UserModel::register - Preparing INSERT into customers table {"columns":"user_id"}
[2026-02-23 17:24:25] DEBUG: UserModel::register - Executing INSERT into customers 
[2026-02-23 17:24:25] DEBUG: UserModel::register - Customer inserted successfully {"customer_id":"2"}
[2026-02-23 17:24:25] DEBUG: UserModel::register - Transaction committed successfully 
[2026-02-23 17:24:25] DEBUG: AuthController::register - User registered successfully {"user_id":"4","customer_id":"2"}
[2026-02-23 17:24:25] DEBUG: AuthController::register - Session set {"session_id":"cdvf4hb6ooll9tb90hcop6ajf5"}
[2026-02-23 17:26:28] DEBUG: Incoming Request {"method":"POST","uri":"\/ssms-backend\/public\/api\/auth\/register","content_type":"application\/json","body_length":187,"parsed_body":{"username":"s12323069@stu.najah.edu","password":"***REDACTED***","full_name":"\u0645\u062d\u0645\u062f \u064a\u0627\u0633\u0631 \u0645\u062d\u0645\u0648\u062f \u0634\u0648\u0644\u064a","email":"s12323069@stu.najah.edu","phone":"1111111115","address":"nablus"},"session_user_id":null}
[2026-02-23 17:26:28] DEBUG: Router: parsed URI {"method":"POST","raw_uri":"\/ssms-backend\/public\/api\/auth\/register","base_path":"\/ssms-backend\/public","clean_uri":"api\/auth\/register","segments":["api","auth","register"]}
[2026-02-23 17:26:28] DEBUG: AuthController::register - Start 
[2026-02-23 17:26:28] DEBUG: AuthController::register - Request data received {"username":"s12323069@stu.najah.edu","full_name":"\u0645\u062d\u0645\u062f \u064a\u0627\u0633\u0631 \u0645\u062d\u0645\u0648\u062f \u0634\u0648\u0644\u064a","email":"s12323069@stu.najah.edu","phone":"1111111115","address":"nablus","has_password":true}
[2026-02-23 17:26:28] DEBUG: UserModel::register - Start {"username":"s12323069@stu.najah.edu","full_name":"\u0645\u062d\u0645\u062f \u064a\u0627\u0633\u0631 \u0645\u062d\u0645\u0648\u062f \u0634\u0648\u0644\u064a","email":"s12323069@stu.najah.edu","phone":"1111111115","address":"nablus"}
[2026-02-23 17:26:28] DEBUG: UserModel::register - Transaction started 
[2026-02-23 17:26:28] DEBUG: UserModel::register - Preparing INSERT into users table {"columns":"username, password_hash, full_name, phone, address, email, role, account_status"}
[2026-02-23 17:26:28] DEBUG: UserModel::register - Executing INSERT into users 
[2026-02-23 17:26:28] DEBUG: UserModel::register - User inserted successfully {"user_id":"5"}
[2026-02-23 17:26:28] DEBUG: UserModel::register - Preparing INSERT into customers table {"columns":"user_id"}
[2026-02-23 17:26:28] DEBUG: UserModel::register - Executing INSERT into customers 
[2026-02-23 17:26:28] DEBUG: UserModel::register - Customer inserted successfully {"customer_id":"3"}
[2026-02-23 17:26:28] DEBUG: UserModel::register - Transaction committed successfully 
[2026-02-23 17:26:28] DEBUG: AuthController::register - User registered successfully {"user_id":"5","customer_id":"3"}
[2026-02-23 17:26:28] DEBUG: AuthController::register - Session set {"session_id":"16p577n9hhqlslph44h0ld921d"}
[2026-02-23 17:44:22] DEBUG: Incoming Request {"method":"POST","uri":"\/ssms-backend\/public\/api\/auth\/login","content_type":"application\/json","body_length":48,"parsed_body":{"username":"testuser999","password":"***REDACTED***"},"session_user_id":null}
[2026-02-23 17:44:22] DEBUG: Router: parsed URI {"method":"POST","raw_uri":"\/ssms-backend\/public\/api\/auth\/login","base_path":"\/ssms-backend\/public","clean_uri":"api\/auth\/login","segments":["api","auth","login"]}
[2026-02-23 17:44:40] DEBUG: Incoming Request {"method":"GET","uri":"\/ssms-backend\/public\/api\/stones","content_type":"application\/json","body_length":0,"parsed_body":null,"session_user_id":4}
[2026-02-23 17:44:40] DEBUG: Router: parsed URI {"method":"GET","raw_uri":"\/ssms-backend\/public\/api\/stones","base_path":"\/ssms-backend\/public","clean_uri":"api\/stones","segments":["api","stones"]}
[2026-02-23 17:45:01] DEBUG: Incoming Request {"method":"GET","uri":"\/ssms-backend\/public\/api\/debug\/db-check","content_type":"application\/json","body_length":0,"parsed_body":null,"session_user_id":4}
[2026-02-23 17:45:01] DEBUG: Router: parsed URI {"method":"GET","raw_uri":"\/ssms-backend\/public\/api\/debug\/db-check","base_path":"\/ssms-backend\/public","clean_uri":"api\/debug\/db-check","segments":["api","debug","db-check"]}
[2026-02-23 17:46:03] DEBUG: Incoming Request {"method":"GET","uri":"\/ssms-backend\/public\/api\/debug\/ping","content_type":"","body_length":0,"parsed_body":null,"session_user_id":null}
[2026-02-23 17:46:03] DEBUG: Router: parsed URI {"method":"GET","raw_uri":"\/ssms-backend\/public\/api\/debug\/ping","base_path":"\/ssms-backend\/public","clean_uri":"api\/debug\/ping","segments":["api","debug","ping"]}
[2026-02-23 17:48:31] DEBUG: Incoming Request {"method":"POST","uri":"\/ssms-backend\/public\/api\/auth\/login","content_type":"application\/json","body_length":48,"parsed_body":{"username":"testuser999","password":"***REDACTED***"},"session_user_id":null}
[2026-02-23 17:48:31] DEBUG: Router: parsed URI {"method":"POST","raw_uri":"\/ssms-backend\/public\/api\/auth\/login","base_path":"\/ssms-backend\/public","clean_uri":"api\/auth\/login","segments":["api","auth","login"]}
[2026-02-23 17:49:08] DEBUG: Incoming Request {"method":"POST","uri":"\/ssms-backend\/public\/api\/cart\/add","content_type":"application\/json","body_length":27,"parsed_body":{"stone_id":3,"quantity":2},"session_user_id":4}
[2026-02-23 17:49:08] DEBUG: Router: parsed URI {"method":"POST","raw_uri":"\/ssms-backend\/public\/api\/cart\/add","base_path":"\/ssms-backend\/public","clean_uri":"api\/cart\/add","segments":["api","cart","add"]}
[2026-02-23 17:49:08] DEBUG: CartModel::addItem {"customer_id":2,"stone_id":3,"quantity":2}
[2026-02-23 17:49:08] DEBUG: CartModel::getOrCreateCart {"customer_id":2}
[2026-02-23 17:49:08] DEBUG: CartModel::getOrCreateCart - Created new cart {"cart_id":"1"}
[2026-02-23 17:49:08] DEBUG: CartModel::addItem - Inserted new item {"cart_item_id":"1","unit_price":"250.00"}
[2026-02-23 17:49:08] DEBUG: CartModel::getCart {"customer_id":2}
[2026-02-23 17:49:08] DEBUG: CartModel::getOrCreateCart {"customer_id":2}
[2026-02-23 17:49:08] DEBUG: CartModel::getOrCreateCart - Found existing cart {"cart_id":1}
[2026-02-23 17:49:08] DEBUG: CartModel::getCart - Result {"cart_id":1,"item_count":1,"total":500}
[2026-02-23 17:49:37] DEBUG: Incoming Request {"method":"POST","uri":"\/ssms-backend\/public\/api\/cart\/add","content_type":"application\/json","body_length":27,"parsed_body":{"stone_id":4,"quantity":3},"session_user_id":4}
[2026-02-23 17:49:37] DEBUG: Router: parsed URI {"method":"POST","raw_uri":"\/ssms-backend\/public\/api\/cart\/add","base_path":"\/ssms-backend\/public","clean_uri":"api\/cart\/add","segments":["api","cart","add"]}
[2026-02-23 17:49:37] DEBUG: CartModel::addItem {"customer_id":2,"stone_id":4,"quantity":3}
[2026-02-23 17:49:37] DEBUG: CartModel::getOrCreateCart {"customer_id":2}
[2026-02-23 17:49:37] DEBUG: CartModel::getOrCreateCart - Found existing cart {"cart_id":1}
[2026-02-23 17:49:37] DEBUG: CartModel::addItem - Inserted new item {"cart_item_id":"2","unit_price":"180.00"}
[2026-02-23 17:49:37] DEBUG: CartModel::getCart {"customer_id":2}
[2026-02-23 17:49:37] DEBUG: CartModel::getOrCreateCart {"customer_id":2}
[2026-02-23 17:49:37] DEBUG: CartModel::getOrCreateCart - Found existing cart {"cart_id":1}
[2026-02-23 17:49:37] DEBUG: CartModel::getCart - Result {"cart_id":1,"item_count":2,"total":1040}
[2026-02-23 17:50:01] DEBUG: Incoming Request {"method":"POST","uri":"\/ssms-backend\/public\/api\/checkout","content_type":"application\/json","body_length":0,"parsed_body":null,"session_user_id":4}
[2026-02-23 17:50:01] DEBUG: Router: parsed URI {"method":"POST","raw_uri":"\/ssms-backend\/public\/api\/checkout","base_path":"\/ssms-backend\/public","clean_uri":"api\/checkout","segments":["api","checkout"]}
[2026-02-23 17:50:01] DEBUG: OrderController::checkout - Start {"customer_id":2}
[2026-02-23 17:50:01] DEBUG: CartModel::getCart {"customer_id":2}
[2026-02-23 17:50:01] DEBUG: CartModel::getOrCreateCart {"customer_id":2}
[2026-02-23 17:50:01] DEBUG: CartModel::getOrCreateCart - Found existing cart {"cart_id":1}
[2026-02-23 17:50:01] DEBUG: CartModel::getCart - Result {"cart_id":1,"item_count":2,"total":1040}
[2026-02-23 17:50:01] DEBUG: OrderModel::createOrder - Start {"customer_id":2,"cart_id":1,"cart_items_count":2}
[2026-02-23 17:50:01] DEBUG: OrderModel::createOrder - Transaction started 
[2026-02-23 17:50:01] DEBUG: OrderModel::createOrder - Total calculated {"total":1040}
[2026-02-23 17:50:01] DEBUG: OrderModel::createOrder - Order inserted {"order_id":"1"}
[2026-02-23 17:50:01] DEBUG: OrderModel::createOrder - Order detail inserted {"stone_id":4,"quantity":3,"unit_price":"180.00"}
[2026-02-23 17:50:01] DEBUG: OrderModel::createOrder - Order detail inserted {"stone_id":3,"quantity":2,"unit_price":"250.00"}
[2026-02-23 17:50:01] DEBUG: OrderModel::createOrder - Cart cleared {"cart_id":1,"items_deleted":2}
[2026-02-23 17:50:01] DEBUG: OrderModel::createOrder - Transaction committed 
[2026-02-23 17:50:01] DEBUG: OrderController::checkout - Order created {"order_id":1}
[2026-02-23 17:50:35] DEBUG: Incoming Request {"method":"GET","uri":"\/ssms-backend\/public\/api\/cart","content_type":"application\/json","body_length":0,"parsed_body":null,"session_user_id":4}
[2026-02-23 17:50:35] DEBUG: Router: parsed URI {"method":"GET","raw_uri":"\/ssms-backend\/public\/api\/cart","base_path":"\/ssms-backend\/public","clean_uri":"api\/cart","segments":["api","cart"]}
[2026-02-23 17:50:35] DEBUG: CartModel::getCart {"customer_id":2}
[2026-02-23 17:50:35] DEBUG: CartModel::getOrCreateCart {"customer_id":2}
[2026-02-23 17:50:35] DEBUG: CartModel::getOrCreateCart - Found existing cart {"cart_id":1}
[2026-02-23 17:50:35] DEBUG: CartModel::getCart - Result {"cart_id":1,"item_count":0,"total":0}
[2026-02-23 17:50:35] DEBUG: Incoming Request {"method":"GET","uri":"\/ssms-backend\/public\/api\/orders","content_type":"application\/json","body_length":0,"parsed_body":null,"session_user_id":4}
[2026-02-23 17:50:35] DEBUG: Router: parsed URI {"method":"GET","raw_uri":"\/ssms-backend\/public\/api\/orders","base_path":"\/ssms-backend\/public","clean_uri":"api\/orders","segments":["api","orders"]}
[2026-02-23 18:03:10] DEBUG: Incoming Request {"method":"POST","uri":"\/ssms-backend\/public\/api\/auth\/login","content_type":"application\/json","body_length":43,"parsed_body":{"username":"admin","password":"***REDACTED***"},"session_user_id":null}
[2026-02-23 18:03:11] DEBUG: Router: parsed URI {"method":"POST","raw_uri":"\/ssms-backend\/public\/api\/auth\/login","base_path":"\/ssms-backend\/public","clean_uri":"api\/auth\/login","segments":["api","auth","login"]}
[2026-02-23 18:03:20] DEBUG: Incoming Request {"method":"GET","uri":"\/ssms-backend\/public\/api\/admin\/users","content_type":"","body_length":0,"parsed_body":null,"session_user_id":1}
[2026-02-23 18:03:20] DEBUG: Router: parsed URI {"method":"GET","raw_uri":"\/ssms-backend\/public\/api\/admin\/users","base_path":"\/ssms-backend\/public","clean_uri":"api\/admin\/users","segments":["api","admin","users"]}
[2026-02-23 18:03:28] DEBUG: Incoming Request {"method":"POST","uri":"\/ssms-backend\/public\/api\/admin\/users\/3\/reset-password","content_type":"application\/json","body_length":29,"parsed_body":{"new_password":"NewPass123"},"session_user_id":1}
[2026-02-23 18:03:28] DEBUG: Router: parsed URI {"method":"POST","raw_uri":"\/ssms-backend\/public\/api\/admin\/users\/3\/reset-password","base_path":"\/ssms-backend\/public","clean_uri":"api\/admin\/users\/3\/reset-password","segments":["api","admin","users","3","reset-password"]}
[2026-02-23 18:03:28] INFO: Admin reset password {"admin_user_id":1,"target_user_id":3}
[2026-02-23 18:03:41] DEBUG: Incoming Request {"method":"POST","uri":"\/ssms-backend\/public\/api\/admin\/employees","content_type":"application\/json","body_length":180,"parsed_body":{"username":"emp_new","password":"***REDACTED***","full_name":"New Employee","email":"emp_new@ssms.local","phone":"0599999999","address":"Nablus","salary":3500,"date_hired":"2025-06-01"},"session_user_id":1}
[2026-02-23 18:03:41] DEBUG: Router: parsed URI {"method":"POST","raw_uri":"\/ssms-backend\/public\/api\/admin\/employees","base_path":"\/ssms-backend\/public","clean_uri":"api\/admin\/employees","segments":["api","admin","employees"]}
[2026-02-23 18:03:41] INFO: Admin created employee {"admin_user_id":1,"new_user_id":"6","new_employee_id":"2"}
[2026-02-23 18:03:48] DEBUG: Incoming Request {"method":"PUT","uri":"\/ssms-backend\/public\/api\/admin\/users\/4\/status","content_type":"application\/json","body_length":22,"parsed_body":{"status":"Suspended"},"session_user_id":1}
[2026-02-23 18:03:48] DEBUG: Router: parsed URI {"method":"PUT","raw_uri":"\/ssms-backend\/public\/api\/admin\/users\/4\/status","base_path":"\/ssms-backend\/public","clean_uri":"api\/admin\/users\/4\/status","segments":["api","admin","users","4","status"]}
[2026-02-23 18:04:00] DEBUG: Incoming Request {"method":"POST","uri":"\/ssms-backend\/public\/api\/auth\/login","content_type":"application\/json","body_length":48,"parsed_body":{"username":"testuser999","password":"***REDACTED***"},"session_user_id":null}
[2026-02-23 18:04:00] DEBUG: Router: parsed URI {"method":"POST","raw_uri":"\/ssms-backend\/public\/api\/auth\/login","base_path":"\/ssms-backend\/public","clean_uri":"api\/auth\/login","segments":["api","auth","login"]}
[2026-02-23 18:04:00] ERROR: API Error: VALIDATION_ERROR - Invalid username or password {"status_code":400}
[2026-02-23 18:04:07] DEBUG: Incoming Request {"method":"PUT","uri":"\/ssms-backend\/public\/api\/admin\/users\/4\/status","content_type":"application\/json","body_length":19,"parsed_body":{"status":"Active"},"session_user_id":1}
[2026-02-23 18:04:07] DEBUG: Router: parsed URI {"method":"PUT","raw_uri":"\/ssms-backend\/public\/api\/admin\/users\/4\/status","base_path":"\/ssms-backend\/public","clean_uri":"api\/admin\/users\/4\/status","segments":["api","admin","users","4","status"]}
[2026-02-23 18:04:16] DEBUG: Incoming Request {"method":"GET","uri":"\/ssms-backend\/public\/api\/admin\/audit-logs","content_type":"","body_length":0,"parsed_body":null,"session_user_id":1}
[2026-02-23 18:04:16] DEBUG: Router: parsed URI {"method":"GET","raw_uri":"\/ssms-backend\/public\/api\/admin\/audit-logs","base_path":"\/ssms-backend\/public","clean_uri":"api\/admin\/audit-logs","segments":["api","admin","audit-logs"]}
[2026-02-23 18:07:19] DEBUG: Incoming Request {"method":"POST","uri":"\/ssms-backend\/public\/api\/auth\/login","content_type":"application\/json","body_length":61,"parsed_body":{"username":"s12323069@stu.najah.edu","password":"***REDACTED***"},"session_user_id":"5"}
[2026-02-23 18:07:20] DEBUG: Router: parsed URI {"method":"POST","raw_uri":"\/ssms-backend\/public\/api\/auth\/login","base_path":"\/ssms-backend\/public","clean_uri":"api\/auth\/login","segments":["api","auth","login"]}
[2026-02-23 18:08:17] DEBUG: Incoming Request {"method":"GET","uri":"\/ssms-backend\/public\/api\/orders","content_type":"application\/json","body_length":0,"parsed_body":null,"session_user_id":5}
[2026-02-23 18:08:17] DEBUG: Router: parsed URI {"method":"GET","raw_uri":"\/ssms-backend\/public\/api\/orders","base_path":"\/ssms-backend\/public","clean_uri":"api\/orders","segments":["api","orders"]}
[2026-02-23 18:08:23] DEBUG: Incoming Request {"method":"POST","uri":"\/ssms-backend\/public\/api\/cart\/add","content_type":"application\/json","body_length":34,"parsed_body":{"stone_id":"STN004","quantity":1},"session_user_id":5}
[2026-02-23 18:08:23] DEBUG: Router: parsed URI {"method":"POST","raw_uri":"\/ssms-backend\/public\/api\/cart\/add","base_path":"\/ssms-backend\/public","clean_uri":"api\/cart\/add","segments":["api","cart","add"]}
[2026-02-23 18:08:23] ERROR: API Error: VALIDATION_ERROR - Stone ID must be a number {"status_code":400}
[2026-02-23 18:08:28] DEBUG: Incoming Request {"method":"POST","uri":"\/ssms-backend\/public\/api\/cart\/add","content_type":"application\/json","body_length":34,"parsed_body":{"stone_id":"STN004","quantity":1},"session_user_id":5}
[2026-02-23 18:08:28] DEBUG: Router: parsed URI {"method":"POST","raw_uri":"\/ssms-backend\/public\/api\/cart\/add","base_path":"\/ssms-backend\/public","clean_uri":"api\/cart\/add","segments":["api","cart","add"]}
[2026-02-23 18:08:28] ERROR: API Error: VALIDATION_ERROR - Stone ID must be a number {"status_code":400}
[2026-02-23 18:08:28] DEBUG: Incoming Request {"method":"POST","uri":"\/ssms-backend\/public\/api\/cart\/add","content_type":"application\/json","body_length":34,"parsed_body":{"stone_id":"STN004","quantity":1},"session_user_id":5}
[2026-02-23 18:08:28] DEBUG: Router: parsed URI {"method":"POST","raw_uri":"\/ssms-backend\/public\/api\/cart\/add","base_path":"\/ssms-backend\/public","clean_uri":"api\/cart\/add","segments":["api","cart","add"]}
[2026-02-23 18:08:28] ERROR: API Error: VALIDATION_ERROR - Stone ID must be a number {"status_code":400}
[2026-02-23 18:08:30] DEBUG: Incoming Request {"method":"POST","uri":"\/ssms-backend\/public\/api\/cart\/add","content_type":"application\/json","body_length":34,"parsed_body":{"stone_id":"STN004","quantity":2},"session_user_id":5}
[2026-02-23 18:08:30] DEBUG: Router: parsed URI {"method":"POST","raw_uri":"\/ssms-backend\/public\/api\/cart\/add","base_path":"\/ssms-backend\/public","clean_uri":"api\/cart\/add","segments":["api","cart","add"]}
[2026-02-23 18:08:30] ERROR: API Error: VALIDATION_ERROR - Stone ID must be a number {"status_code":400}
[2026-02-23 18:08:38] DEBUG: Incoming Request {"method":"POST","uri":"\/ssms-backend\/public\/api\/cart\/add","content_type":"application\/json","body_length":34,"parsed_body":{"stone_id":"STN004","quantity":2},"session_user_id":5}
[2026-02-23 18:08:38] DEBUG: Router: parsed URI {"method":"POST","raw_uri":"\/ssms-backend\/public\/api\/cart\/add","base_path":"\/ssms-backend\/public","clean_uri":"api\/cart\/add","segments":["api","cart","add"]}
[2026-02-23 18:08:38] ERROR: API Error: VALIDATION_ERROR - Stone ID must be a number {"status_code":400}
[2026-02-23 18:11:27] DEBUG: Incoming Request {"method":"GET","uri":"\/ssms-backend\/public\/api\/stones","content_type":"","body_length":0,"parsed_body":null,"session_user_id":null}
[2026-02-23 18:11:27] DEBUG: Router: parsed URI {"method":"GET","raw_uri":"\/ssms-backend\/public\/api\/stones","base_path":"\/ssms-backend\/public","clean_uri":"api\/stones","segments":["api","stones"]}
[2026-02-23 18:13:01] DEBUG: Incoming Request {"method":"POST","uri":"\/ssms-backend\/public\/api\/cart\/add","content_type":"application\/json","body_length":34,"parsed_body":{"stone_id":"STN004","quantity":2},"session_user_id":5}
[2026-02-23 18:13:01] DEBUG: Router: parsed URI {"method":"POST","raw_uri":"\/ssms-backend\/public\/api\/cart\/add","base_path":"\/ssms-backend\/public","clean_uri":"api\/cart\/add","segments":["api","cart","add"]}
[2026-02-23 18:13:01] ERROR: API Error: VALIDATION_ERROR - Stone ID must be a number {"status_code":400}
[2026-02-23 18:13:55] DEBUG: Incoming Request {"method":"POST","uri":"\/ssms-backend\/public\/api\/auth\/login","content_type":"application\/json","body_length":53,"parsed_body":{"username":"admin@ssms.local","password":"***REDACTED***"},"session_user_id":5}
[2026-02-23 18:13:55] DEBUG: Router: parsed URI {"method":"POST","raw_uri":"\/ssms-backend\/public\/api\/auth\/login","base_path":"\/ssms-backend\/public","clean_uri":"api\/auth\/login","segments":["api","auth","login"]}
[2026-02-23 18:13:55] ERROR: API Error: VALIDATION_ERROR - Invalid username or password {"status_code":400}
[2026-02-23 18:13:59] DEBUG: Incoming Request {"method":"POST","uri":"\/ssms-backend\/public\/api\/auth\/login","content_type":"application\/json","body_length":53,"parsed_body":{"username":"admin@ssms.local","password":"***REDACTED***"},"session_user_id":5}
[2026-02-23 18:13:59] DEBUG: Router: parsed URI {"method":"POST","raw_uri":"\/ssms-backend\/public\/api\/auth\/login","base_path":"\/ssms-backend\/public","clean_uri":"api\/auth\/login","segments":["api","auth","login"]}
[2026-02-23 18:13:59] ERROR: API Error: VALIDATION_ERROR - Invalid username or password {"status_code":400}
[2026-02-23 18:14:16] DEBUG: Incoming Request {"method":"POST","uri":"\/ssms-backend\/public\/api\/auth\/login","content_type":"application\/json","body_length":54,"parsed_body":{"username":"admin@ssms.local","password":"***REDACTED***"},"session_user_id":5}
[2026-02-23 18:14:16] DEBUG: Router: parsed URI {"method":"POST","raw_uri":"\/ssms-backend\/public\/api\/auth\/login","base_path":"\/ssms-backend\/public","clean_uri":"api\/auth\/login","segments":["api","auth","login"]}
[2026-02-23 18:14:16] ERROR: API Error: VALIDATION_ERROR - Invalid username or password {"status_code":400}
[2026-02-23 18:14:23] DEBUG: Incoming Request {"method":"POST","uri":"\/ssms-backend\/public\/api\/auth\/login","content_type":"application\/json","body_length":54,"parsed_body":{"username":"admin@ssms.local","password":"***REDACTED***"},"session_user_id":5}
[2026-02-23 18:14:23] DEBUG: Router: parsed URI {"method":"POST","raw_uri":"\/ssms-backend\/public\/api\/auth\/login","base_path":"\/ssms-backend\/public","clean_uri":"api\/auth\/login","segments":["api","auth","login"]}
[2026-02-23 18:14:23] ERROR: API Error: VALIDATION_ERROR - Invalid username or password {"status_code":400}
[2026-02-23 18:14:49] DEBUG: Incoming Request {"method":"POST","uri":"\/ssms-backend\/public\/api\/auth\/login","content_type":"application\/json","body_length":43,"parsed_body":{"username":"admin","password":"***REDACTED***"},"session_user_id":5}
[2026-02-23 18:14:49] DEBUG: Router: parsed URI {"method":"POST","raw_uri":"\/ssms-backend\/public\/api\/auth\/login","base_path":"\/ssms-backend\/public","clean_uri":"api\/auth\/login","segments":["api","auth","login"]}
[2026-02-23 18:15:01] DEBUG: Incoming Request {"method":"POST","uri":"\/ssms-backend\/public\/api\/auth\/login","content_type":"application\/json","body_length":43,"parsed_body":{"username":"admin","password":"***REDACTED***"},"session_user_id":1}
[2026-02-23 18:15:01] DEBUG: Router: parsed URI {"method":"POST","raw_uri":"\/ssms-backend\/public\/api\/auth\/login","base_path":"\/ssms-backend\/public","clean_uri":"api\/auth\/login","segments":["api","auth","login"]}
[2026-02-23 18:15:09] DEBUG: Incoming Request {"method":"POST","uri":"\/ssms-backend\/public\/api\/auth\/login","content_type":"application\/json","body_length":58,"parsed_body":{"username":"s12323069@stu.najah.edu","password":"***REDACTED***"},"session_user_id":null}
[2026-02-23 18:15:09] DEBUG: Router: parsed URI {"method":"POST","raw_uri":"\/ssms-backend\/public\/api\/auth\/login","base_path":"\/ssms-backend\/public","clean_uri":"api\/auth\/login","segments":["api","auth","login"]}
[2026-02-23 18:15:09] ERROR: API Error: VALIDATION_ERROR - Invalid username or password {"status_code":400}
[2026-02-23 18:15:16] DEBUG: Incoming Request {"method":"POST","uri":"\/ssms-backend\/public\/api\/auth\/login","content_type":"application\/json","body_length":48,"parsed_body":{"username":"testuser999","password":"***REDACTED***"},"session_user_id":null}
[2026-02-23 18:15:16] DEBUG: Router: parsed URI {"method":"POST","raw_uri":"\/ssms-backend\/public\/api\/auth\/login","base_path":"\/ssms-backend\/public","clean_uri":"api\/auth\/login","segments":["api","auth","login"]}
[2026-02-23 18:15:22] DEBUG: Incoming Request {"method":"POST","uri":"\/ssms-backend\/public\/api\/cart\/add","content_type":"application\/json","body_length":27,"parsed_body":{"stone_id":3,"quantity":1},"session_user_id":4}
[2026-02-23 18:15:22] DEBUG: Router: parsed URI {"method":"POST","raw_uri":"\/ssms-backend\/public\/api\/cart\/add","base_path":"\/ssms-backend\/public","clean_uri":"api\/cart\/add","segments":["api","cart","add"]}
[2026-02-23 18:15:22] DEBUG: CartModel::addItem {"customer_id":2,"stone_id":3,"quantity":1}
[2026-02-23 18:15:22] DEBUG: CartModel::getOrCreateCart {"customer_id":2}
[2026-02-23 18:15:22] DEBUG: CartModel::getOrCreateCart - Found existing cart {"cart_id":1}
[2026-02-23 18:15:22] DEBUG: CartModel::addItem - Inserted new item {"cart_item_id":"3","unit_price":"250.00"}
[2026-02-23 18:15:22] DEBUG: CartModel::getCart {"customer_id":2}
[2026-02-23 18:15:22] DEBUG: CartModel::getOrCreateCart {"customer_id":2}
[2026-02-23 18:15:22] DEBUG: CartModel::getOrCreateCart - Found existing cart {"cart_id":1}
[2026-02-23 18:15:22] DEBUG: CartModel::getCart - Result {"cart_id":1,"item_count":1,"total":250}
[2026-02-23 18:15:30] DEBUG: Incoming Request {"method":"GET","uri":"\/ssms-backend\/public\/api\/stones\/3","content_type":"","body_length":0,"parsed_body":null,"session_user_id":null}
[2026-02-23 18:15:30] DEBUG: Router: parsed URI {"method":"GET","raw_uri":"\/ssms-backend\/public\/api\/stones\/3","base_path":"\/ssms-backend\/public","clean_uri":"api\/stones\/3","segments":["api","stones","3"]}
[2026-02-23 18:15:30] ERROR: Uncaught exception in router {"error":"Undefined array key 3","code":0,"file":"C:\\wamp64\\www\\ssms-backend\\public\\index.php","line":221}
[2026-02-23 18:15:30] ERROR: API Error: SERVER_ERROR - Server error: Undefined array key 3 {"status_code":500}
[2026-02-23 18:15:52] DEBUG: Incoming Request {"method":"GET","uri":"\/ssms-backend\/public\/api\/stones\/3","content_type":"","body_length":0,"parsed_body":null,"session_user_id":null}
[2026-02-23 18:15:52] DEBUG: Router: parsed URI {"method":"GET","raw_uri":"\/ssms-backend\/public\/api\/stones\/3","base_path":"\/ssms-backend\/public","clean_uri":"api\/stones\/3","segments":["api","stones","3"]}
[2026-02-23 18:19:07] DEBUG: Incoming Request {"method":"POST","uri":"\/ssms-backend\/public\/api\/auth\/login","content_type":"application\/json","body_length":43,"parsed_body":{"username":"admin","password":"***REDACTED***"},"session_user_id":null}
[2026-02-23 18:19:07] DEBUG: Router: parsed URI {"method":"POST","raw_uri":"\/ssms-backend\/public\/api\/auth\/login","base_path":"\/ssms-backend\/public","clean_uri":"api\/auth\/login","segments":["api","auth","login"]}
[2026-02-23 18:20:19] DEBUG: Incoming Request {"method":"POST","uri":"\/ssms-backend\/public\/api\/auth\/login","content_type":"application\/json","body_length":43,"parsed_body":{"username":"admin","password":"***REDACTED***"},"session_user_id":null}
[2026-02-23 18:20:19] DEBUG: Router: parsed URI {"method":"POST","raw_uri":"\/ssms-backend\/public\/api\/auth\/login","base_path":"\/ssms-backend\/public","clean_uri":"api\/auth\/login","segments":["api","auth","login"]}
[2026-02-23 18:20:28] DEBUG: Incoming Request {"method":"POST","uri":"\/ssms-backend\/public\/api\/auth\/login","content_type":"application\/json","body_length":39,"parsed_body":{"username":"asdk","password":"***REDACTED***"},"session_user_id":null}
[2026-02-23 18:20:28] DEBUG: Router: parsed URI {"method":"POST","raw_uri":"\/ssms-backend\/public\/api\/auth\/login","base_path":"\/ssms-backend\/public","clean_uri":"api\/auth\/login","segments":["api","auth","login"]}
[2026-02-23 18:20:28] ERROR: API Error: VALIDATION_ERROR - Invalid username or password {"status_code":400}
[2026-02-23 18:20:39] DEBUG: Incoming Request {"method":"POST","uri":"\/ssms-backend\/public\/api\/auth\/login","content_type":"application\/json","body_length":45,"parsed_body":{"username":"test@admin","password":"***REDACTED***"},"session_user_id":null}
[2026-02-23 18:20:39] DEBUG: Router: parsed URI {"method":"POST","raw_uri":"\/ssms-backend\/public\/api\/auth\/login","base_path":"\/ssms-backend\/public","clean_uri":"api\/auth\/login","segments":["api","auth","login"]}
[2026-02-23 18:20:39] ERROR: API Error: VALIDATION_ERROR - Invalid username or password {"status_code":400}
[2026-02-23 18:20:49] DEBUG: Incoming Request {"method":"POST","uri":"\/ssms-backend\/public\/api\/auth\/login","content_type":"application\/json","body_length":43,"parsed_body":{"username":"admin","password":"***REDACTED***"},"session_user_id":null}
[2026-02-23 18:20:49] DEBUG: Router: parsed URI {"method":"POST","raw_uri":"\/ssms-backend\/public\/api\/auth\/login","base_path":"\/ssms-backend\/public","clean_uri":"api\/auth\/login","segments":["api","auth","login"]}
[2026-02-23 18:22:07] DEBUG: Incoming Request {"method":"POST","uri":"\/ssms-backend\/public\/api\/auth\/login","content_type":"application\/json","body_length":43,"parsed_body":{"username":"admin","password":"***REDACTED***"},"session_user_id":null}
[2026-02-23 18:22:07] DEBUG: Router: parsed URI {"method":"POST","raw_uri":"\/ssms-backend\/public\/api\/auth\/login","base_path":"\/ssms-backend\/public","clean_uri":"api\/auth\/login","segments":["api","auth","login"]}
[2026-02-23 18:25:36] DEBUG: Incoming Request {"method":"POST","uri":"\/ssms-backend\/public\/api\/auth\/login","content_type":"application\/json","body_length":43,"parsed_body":{"username":"admin","password":"***REDACTED***"},"session_user_id":1}
[2026-02-23 18:25:36] DEBUG: Router: parsed URI {"method":"POST","raw_uri":"\/ssms-backend\/public\/api\/auth\/login","base_path":"\/ssms-backend\/public","clean_uri":"api\/auth\/login","segments":["api","auth","login"]}
[2026-02-23 18:33:06] DEBUG: Incoming Request {"method":"POST","uri":"\/ssms-backend\/public\/api\/auth\/login","content_type":"application\/json","body_length":43,"parsed_body":{"username":"admin","password":"***REDACTED***"},"session_user_id":null}
[2026-02-23 18:33:06] DEBUG: Router: parsed URI {"method":"POST","raw_uri":"\/ssms-backend\/public\/api\/auth\/login","base_path":"\/ssms-backend\/public","clean_uri":"api\/auth\/login","segments":["api","auth","login"]}
[2026-02-23 18:36:08] DEBUG: Incoming Request {"method":"POST","uri":"\/ssms-backend\/public\/api\/auth\/login","content_type":"application\/json","body_length":43,"parsed_body":{"username":"admin","password":"***REDACTED***"},"session_user_id":1}
[2026-02-23 18:36:08] DEBUG: Router: parsed URI {"method":"POST","raw_uri":"\/ssms-backend\/public\/api\/auth\/login","base_path":"\/ssms-backend\/public","clean_uri":"api\/auth\/login","segments":["api","auth","login"]}
[2026-02-23 18:36:16] DEBUG: Incoming Request {"method":"POST","uri":"\/ssms-backend\/public\/api\/auth\/login","content_type":"application\/json","body_length":43,"parsed_body":{"username":"admin","password":"***REDACTED***"},"session_user_id":1}
[2026-02-23 18:36:16] DEBUG: Router: parsed URI {"method":"POST","raw_uri":"\/ssms-backend\/public\/api\/auth\/login","base_path":"\/ssms-backend\/public","clean_uri":"api\/auth\/login","segments":["api","auth","login"]}
[2026-02-23 18:36:25] DEBUG: Incoming Request {"method":"POST","uri":"\/ssms-backend\/public\/api\/auth\/login","content_type":"application\/json","body_length":43,"parsed_body":{"username":"admin","password":"***REDACTED***"},"session_user_id":1}
[2026-02-23 18:36:25] DEBUG: Router: parsed URI {"method":"POST","raw_uri":"\/ssms-backend\/public\/api\/auth\/login","base_path":"\/ssms-backend\/public","clean_uri":"api\/auth\/login","segments":["api","auth","login"]}
[2026-02-23 18:36:40] DEBUG: Incoming Request {"method":"POST","uri":"\/ssms-backend\/public\/api\/auth\/login","content_type":"application\/json","body_length":43,"parsed_body":{"username":"admin","password":"***REDACTED***"},"session_user_id":1}
[2026-02-23 18:36:40] DEBUG: Router: parsed URI {"method":"POST","raw_uri":"\/ssms-backend\/public\/api\/auth\/login","base_path":"\/ssms-backend\/public","clean_uri":"api\/auth\/login","segments":["api","auth","login"]}
[2026-02-23 18:36:53] DEBUG: Incoming Request {"method":"GET","uri":"\/ssms-backend\/public\/api\/admin\/orders","content_type":"application\/json","body_length":0,"parsed_body":null,"session_user_id":1}
[2026-02-23 18:36:53] DEBUG: Router: parsed URI {"method":"GET","raw_uri":"\/ssms-backend\/public\/api\/admin\/orders","base_path":"\/ssms-backend\/public","clean_uri":"api\/admin\/orders","segments":["api","admin","orders"]}
[2026-02-23 18:36:53] DEBUG: Incoming Request {"method":"GET","uri":"\/ssms-backend\/public\/api\/stones","content_type":"application\/json","body_length":0,"parsed_body":null,"session_user_id":1}
[2026-02-23 18:36:53] DEBUG: Router: parsed URI {"method":"GET","raw_uri":"\/ssms-backend\/public\/api\/stones","base_path":"\/ssms-backend\/public","clean_uri":"api\/stones","segments":["api","stones"]}
[2026-02-23 18:36:53] DEBUG: Incoming Request {"method":"GET","uri":"\/ssms-backend\/public\/api\/admin\/requests","content_type":"application\/json","body_length":0,"parsed_body":null,"session_user_id":1}
[2026-02-23 18:36:53] DEBUG: Router: parsed URI {"method":"GET","raw_uri":"\/ssms-backend\/public\/api\/admin\/requests","base_path":"\/ssms-backend\/public","clean_uri":"api\/admin\/requests","segments":["api","admin","requests"]}
[2026-02-23 19:05:02] DEBUG: Incoming Request {"method":"GET","uri":"\/ssms-backend\/public\/api\/admin\/orders","content_type":"application\/json","body_length":0,"parsed_body":null,"session_user_id":1}
[2026-02-23 19:05:02] DEBUG: Router: parsed URI {"method":"GET","raw_uri":"\/ssms-backend\/public\/api\/admin\/orders","base_path":"\/ssms-backend\/public","clean_uri":"api\/admin\/orders","segments":["api","admin","orders"]}
[2026-02-23 19:05:02] DEBUG: Incoming Request {"method":"GET","uri":"\/ssms-backend\/public\/api\/stones","content_type":"application\/json","body_length":0,"parsed_body":null,"session_user_id":1}
[2026-02-23 19:05:02] DEBUG: Router: parsed URI {"method":"GET","raw_uri":"\/ssms-backend\/public\/api\/stones","base_path":"\/ssms-backend\/public","clean_uri":"api\/stones","segments":["api","stones"]}
[2026-02-23 19:05:02] DEBUG: Incoming Request {"method":"GET","uri":"\/ssms-backend\/public\/api\/admin\/requests","content_type":"application\/json","body_length":0,"parsed_body":null,"session_user_id":1}
[2026-02-23 19:05:02] DEBUG: Router: parsed URI {"method":"GET","raw_uri":"\/ssms-backend\/public\/api\/admin\/requests","base_path":"\/ssms-backend\/public","clean_uri":"api\/admin\/requests","segments":["api","admin","requests"]}
[2026-02-23 19:05:18] DEBUG: Incoming Request {"method":"GET","uri":"\/ssms-backend\/public\/api\/admin\/orders","content_type":"application\/json","body_length":0,"parsed_body":null,"session_user_id":1}
[2026-02-23 19:05:18] DEBUG: Router: parsed URI {"method":"GET","raw_uri":"\/ssms-backend\/public\/api\/admin\/orders","base_path":"\/ssms-backend\/public","clean_uri":"api\/admin\/orders","segments":["api","admin","orders"]}
[2026-02-23 19:05:18] DEBUG: Incoming Request {"method":"GET","uri":"\/ssms-backend\/public\/api\/stones","content_type":"application\/json","body_length":0,"parsed_body":null,"session_user_id":1}
[2026-02-23 19:05:18] DEBUG: Router: parsed URI {"method":"GET","raw_uri":"\/ssms-backend\/public\/api\/stones","base_path":"\/ssms-backend\/public","clean_uri":"api\/stones","segments":["api","stones"]}
[2026-02-23 19:05:18] DEBUG: Incoming Request {"method":"GET","uri":"\/ssms-backend\/public\/api\/admin\/requests","content_type":"application\/json","body_length":0,"parsed_body":null,"session_user_id":1}
[2026-02-23 19:05:18] DEBUG: Router: parsed URI {"method":"GET","raw_uri":"\/ssms-backend\/public\/api\/admin\/requests","base_path":"\/ssms-backend\/public","clean_uri":"api\/admin\/requests","segments":["api","admin","requests"]}
[2026-02-23 19:05:36] DEBUG: Incoming Request {"method":"POST","uri":"\/ssms-backend\/public\/api\/auth\/login","content_type":"application\/json","body_length":43,"parsed_body":{"username":"admin","password":"***REDACTED***"},"session_user_id":1}
[2026-02-23 19:05:36] DEBUG: Router: parsed URI {"method":"POST","raw_uri":"\/ssms-backend\/public\/api\/auth\/login","base_path":"\/ssms-backend\/public","clean_uri":"api\/auth\/login","segments":["api","auth","login"]}
[2026-02-23 19:07:32] DEBUG: Incoming Request {"method":"POST","uri":"\/ssms-backend\/public\/api\/auth\/login","content_type":"application\/json","body_length":43,"parsed_body":{"username":"admin","password":"***REDACTED***"},"session_user_id":1}
[2026-02-23 19:07:32] DEBUG: Router: parsed URI {"method":"POST","raw_uri":"\/ssms-backend\/public\/api\/auth\/login","base_path":"\/ssms-backend\/public","clean_uri":"api\/auth\/login","segments":["api","auth","login"]}
[2026-02-23 19:07:35] DEBUG: Incoming Request {"method":"GET","uri":"\/ssms-backend\/public\/api\/admin\/orders","content_type":"application\/json","body_length":0,"parsed_body":null,"session_user_id":1}
[2026-02-23 19:07:35] DEBUG: Router: parsed URI {"method":"GET","raw_uri":"\/ssms-backend\/public\/api\/admin\/orders","base_path":"\/ssms-backend\/public","clean_uri":"api\/admin\/orders","segments":["api","admin","orders"]}
[2026-02-23 19:07:35] DEBUG: Incoming Request {"method":"GET","uri":"\/ssms-backend\/public\/api\/stones","content_type":"application\/json","body_length":0,"parsed_body":null,"session_user_id":1}
[2026-02-23 19:07:35] DEBUG: Router: parsed URI {"method":"GET","raw_uri":"\/ssms-backend\/public\/api\/stones","base_path":"\/ssms-backend\/public","clean_uri":"api\/stones","segments":["api","stones"]}
[2026-02-23 19:07:35] DEBUG: Incoming Request {"method":"GET","uri":"\/ssms-backend\/public\/api\/admin\/requests","content_type":"application\/json","body_length":0,"parsed_body":null,"session_user_id":1}
[2026-02-23 19:07:35] DEBUG: Router: parsed URI {"method":"GET","raw_uri":"\/ssms-backend\/public\/api\/admin\/requests","base_path":"\/ssms-backend\/public","clean_uri":"api\/admin\/requests","segments":["api","admin","requests"]}
[2026-02-23 19:12:19] DEBUG: Incoming Request {"method":"POST","uri":"\/ssms-backend\/public\/api\/auth\/login","content_type":"application\/json","body_length":43,"parsed_body":{"username":"admin","password":"***REDACTED***"},"session_user_id":null}
[2026-02-23 19:12:19] DEBUG: Router: parsed URI {"method":"POST","raw_uri":"\/ssms-backend\/public\/api\/auth\/login","base_path":"\/ssms-backend\/public","clean_uri":"api\/auth\/login","segments":["api","auth","login"]}
[2026-02-23 19:12:25] DEBUG: Incoming Request {"method":"GET","uri":"\/ssms-backend\/public\/api\/admin\/orders","content_type":"","body_length":0,"parsed_body":null,"session_user_id":1}
[2026-02-23 19:12:25] DEBUG: Router: parsed URI {"method":"GET","raw_uri":"\/ssms-backend\/public\/api\/admin\/orders","base_path":"\/ssms-backend\/public","clean_uri":"api\/admin\/orders","segments":["api","admin","orders"]}
[2026-02-23 19:12:31] DEBUG: Incoming Request {"method":"GET","uri":"\/ssms-backend\/public\/api\/stones","content_type":"","body_length":0,"parsed_body":null,"session_user_id":1}
[2026-02-23 19:12:31] DEBUG: Router: parsed URI {"method":"GET","raw_uri":"\/ssms-backend\/public\/api\/stones","base_path":"\/ssms-backend\/public","clean_uri":"api\/stones","segments":["api","stones"]}
[2026-02-23 19:12:36] DEBUG: Incoming Request {"method":"GET","uri":"\/ssms-backend\/public\/api\/admin\/requests","content_type":"","body_length":0,"parsed_body":null,"session_user_id":1}
[2026-02-23 19:12:36] DEBUG: Router: parsed URI {"method":"GET","raw_uri":"\/ssms-backend\/public\/api\/admin\/requests","base_path":"\/ssms-backend\/public","clean_uri":"api\/admin\/requests","segments":["api","admin","requests"]}
[2026-02-23 19:14:17] DEBUG: Incoming Request {"method":"POST","uri":"\/ssms-backend\/public\/api\/auth\/login","content_type":"application\/json","body_length":43,"parsed_body":{"username":"admin","password":"***REDACTED***"},"session_user_id":1}
[2026-02-23 19:14:17] DEBUG: Router: parsed URI {"method":"POST","raw_uri":"\/ssms-backend\/public\/api\/auth\/login","base_path":"\/ssms-backend\/public","clean_uri":"api\/auth\/login","segments":["api","auth","login"]}
[2026-02-23 19:14:17] DEBUG: Incoming Request {"method":"GET","uri":"\/ssms-backend\/public\/api\/admin\/orders","content_type":"application\/json","body_length":0,"parsed_body":null,"session_user_id":1}
[2026-02-23 19:14:17] DEBUG: Router: parsed URI {"method":"GET","raw_uri":"\/ssms-backend\/public\/api\/admin\/orders","base_path":"\/ssms-backend\/public","clean_uri":"api\/admin\/orders","segments":["api","admin","orders"]}
[2026-02-23 19:14:17] DEBUG: Incoming Request {"method":"GET","uri":"\/ssms-backend\/public\/api\/stones","content_type":"application\/json","body_length":0,"parsed_body":null,"session_user_id":1}
[2026-02-23 19:14:17] DEBUG: Router: parsed URI {"method":"GET","raw_uri":"\/ssms-backend\/public\/api\/stones","base_path":"\/ssms-backend\/public","clean_uri":"api\/stones","segments":["api","stones"]}
[2026-02-23 19:14:17] DEBUG: Incoming Request {"method":"GET","uri":"\/ssms-backend\/public\/api\/admin\/requests","content_type":"application\/json","body_length":0,"parsed_body":null,"session_user_id":1}
[2026-02-23 19:14:17] DEBUG: Router: parsed URI {"method":"GET","raw_uri":"\/ssms-backend\/public\/api\/admin\/requests","base_path":"\/ssms-backend\/public","clean_uri":"api\/admin\/requests","segments":["api","admin","requests"]}
[2026-02-23 19:14:58] DEBUG: Incoming Request {"method":"GET","uri":"\/ssms-backend\/public\/api\/stones","content_type":"application\/json","body_length":0,"parsed_body":null,"session_user_id":1}
[2026-02-23 19:14:58] DEBUG: Router: parsed URI {"method":"GET","raw_uri":"\/ssms-backend\/public\/api\/stones","base_path":"\/ssms-backend\/public","clean_uri":"api\/stones","segments":["api","stones"]}
[2026-02-23 19:15:45] DEBUG: Incoming Request {"method":"GET","uri":"\/ssms-backend\/public\/api\/stones","content_type":"application\/json","body_length":0,"parsed_body":null,"session_user_id":1}
[2026-02-23 19:15:45] DEBUG: Router: parsed URI {"method":"GET","raw_uri":"\/ssms-backend\/public\/api\/stones","base_path":"\/ssms-backend\/public","clean_uri":"api\/stones","segments":["api","stones"]}
[2026-02-23 19:16:16] DEBUG: Incoming Request {"method":"GET","uri":"\/ssms-backend\/public\/api\/stones","content_type":"application\/json","body_length":0,"parsed_body":null,"session_user_id":1}
[2026-02-23 19:16:16] DEBUG: Router: parsed URI {"method":"GET","raw_uri":"\/ssms-backend\/public\/api\/stones","base_path":"\/ssms-backend\/public","clean_uri":"api\/stones","segments":["api","stones"]}
[2026-02-23 19:16:24] DEBUG: Incoming Request {"method":"GET","uri":"\/ssms-backend\/public\/api\/stones","content_type":"application\/json","body_length":0,"parsed_body":null,"session_user_id":1}
[2026-02-23 19:16:24] DEBUG: Router: parsed URI {"method":"GET","raw_uri":"\/ssms-backend\/public\/api\/stones","base_path":"\/ssms-backend\/public","clean_uri":"api\/stones","segments":["api","stones"]}
[2026-02-23 19:16:31] DEBUG: Incoming Request {"method":"POST","uri":"\/ssms-backend\/public\/api\/auth\/login","content_type":"application\/json","body_length":43,"parsed_body":{"username":"admin","password":"***REDACTED***"},"session_user_id":1}
[2026-02-23 19:16:31] DEBUG: Router: parsed URI {"method":"POST","raw_uri":"\/ssms-backend\/public\/api\/auth\/login","base_path":"\/ssms-backend\/public","clean_uri":"api\/auth\/login","segments":["api","auth","login"]}
[2026-02-23 19:16:31] DEBUG: Incoming Request {"method":"GET","uri":"\/ssms-backend\/public\/api\/stones","content_type":"application\/json","body_length":0,"parsed_body":null,"session_user_id":1}
[2026-02-23 19:16:31] DEBUG: Router: parsed URI {"method":"GET","raw_uri":"\/ssms-backend\/public\/api\/stones","base_path":"\/ssms-backend\/public","clean_uri":"api\/stones","segments":["api","stones"]}
[2026-02-23 19:16:31] DEBUG: Incoming Request {"method":"GET","uri":"\/ssms-backend\/public\/api\/admin\/orders","content_type":"application\/json","body_length":0,"parsed_body":null,"session_user_id":1}
[2026-02-23 19:16:31] DEBUG: Router: parsed URI {"method":"GET","raw_uri":"\/ssms-backend\/public\/api\/admin\/orders","base_path":"\/ssms-backend\/public","clean_uri":"api\/admin\/orders","segments":["api","admin","orders"]}
[2026-02-23 19:16:31] DEBUG: Incoming Request {"method":"GET","uri":"\/ssms-backend\/public\/api\/admin\/requests","content_type":"application\/json","body_length":0,"parsed_body":null,"session_user_id":1}
[2026-02-23 19:16:31] DEBUG: Router: parsed URI {"method":"GET","raw_uri":"\/ssms-backend\/public\/api\/admin\/requests","base_path":"\/ssms-backend\/public","clean_uri":"api\/admin\/requests","segments":["api","admin","requests"]}
[2026-03-02 21:25:43] DEBUG: Incoming Request {"method":"GET","uri":"\/ssms-backend\/public\/api\/stones","content_type":"application\/json","body_length":0,"parsed_body":null,"session_user_id":null}
[2026-03-02 21:25:43] DEBUG: Router: parsed URI {"method":"GET","raw_uri":"\/ssms-backend\/public\/api\/stones","base_path":"\/ssms-backend\/public","clean_uri":"api\/stones","segments":["api","stones"]}
[2026-03-02 21:32:16] DEBUG: Incoming Request {"method":"POST","uri":"\/ssms-backend\/public\/api\/auth\/login","content_type":"application\/json","body_length":43,"parsed_body":{"username":"Admin","password":"***REDACTED***"},"session_user_id":null}
[2026-03-02 21:32:16] DEBUG: Router: parsed URI {"method":"POST","raw_uri":"\/ssms-backend\/public\/api\/auth\/login","base_path":"\/ssms-backend\/public","clean_uri":"api\/auth\/login","segments":["api","auth","login"]}
[2026-03-02 21:32:16] ERROR: API Error: VALIDATION_ERROR - Invalid username or password {"status_code":400}
[2026-03-02 21:32:25] DEBUG: Incoming Request {"method":"POST","uri":"\/ssms-backend\/public\/api\/auth\/login","content_type":"application\/json","body_length":43,"parsed_body":{"username":"admin","password":"***REDACTED***"},"session_user_id":null}
[2026-03-02 21:32:25] DEBUG: Router: parsed URI {"method":"POST","raw_uri":"\/ssms-backend\/public\/api\/auth\/login","base_path":"\/ssms-backend\/public","clean_uri":"api\/auth\/login","segments":["api","auth","login"]}
[2026-03-02 21:32:25] DEBUG: Incoming Request {"method":"GET","uri":"\/ssms-backend\/public\/api\/stones","content_type":"application\/json","body_length":0,"parsed_body":null,"session_user_id":1}
[2026-03-02 21:32:25] DEBUG: Router: parsed URI {"method":"GET","raw_uri":"\/ssms-backend\/public\/api\/stones","base_path":"\/ssms-backend\/public","clean_uri":"api\/stones","segments":["api","stones"]}
[2026-03-02 21:32:25] DEBUG: Incoming Request {"method":"GET","uri":"\/ssms-backend\/public\/api\/admin\/orders","content_type":"application\/json","body_length":0,"parsed_body":null,"session_user_id":1}
[2026-03-02 21:32:25] DEBUG: Router: parsed URI {"method":"GET","raw_uri":"\/ssms-backend\/public\/api\/admin\/orders","base_path":"\/ssms-backend\/public","clean_uri":"api\/admin\/orders","segments":["api","admin","orders"]}
[2026-03-02 21:32:25] DEBUG: Incoming Request {"method":"GET","uri":"\/ssms-backend\/public\/api\/admin\/requests","content_type":"application\/json","body_length":0,"parsed_body":null,"session_user_id":1}
[2026-03-02 21:32:25] DEBUG: Router: parsed URI {"method":"GET","raw_uri":"\/ssms-backend\/public\/api\/admin\/requests","base_path":"\/ssms-backend\/public","clean_uri":"api\/admin\/requests","segments":["api","admin","requests"]}
[2026-03-02 21:53:54] DEBUG: Incoming Request {"method":"POST","uri":"\/ssms-backend\/public\/api\/auth\/login","content_type":"application\/json","body_length":42,"parsed_body":{"username":"admin","password":"***REDACTED***"},"session_user_id":null}
[2026-03-02 21:53:54] DEBUG: Router: parsed URI {"method":"POST","raw_uri":"\/ssms-backend\/public\/api\/auth\/login","base_path":"\/ssms-backend\/public","clean_uri":"api\/auth\/login","segments":["api","auth","login"]}
[2026-03-02 21:53:54] ERROR: API Error: VALIDATION_ERROR - Invalid username or password {"status_code":400}
[2026-03-02 21:54:07] DEBUG: Incoming Request {"method":"POST","uri":"\/ssms-backend\/public\/api\/auth\/login","content_type":"application\/json","body_length":43,"parsed_body":{"username":"admin","password":"***REDACTED***"},"session_user_id":null}
[2026-03-02 21:54:07] DEBUG: Router: parsed URI {"method":"POST","raw_uri":"\/ssms-backend\/public\/api\/auth\/login","base_path":"\/ssms-backend\/public","clean_uri":"api\/auth\/login","segments":["api","auth","login"]}
[2026-03-02 21:54:08] DEBUG: Incoming Request {"method":"GET","uri":"\/ssms-backend\/public\/api\/admin\/orders","content_type":"application\/json","body_length":0,"parsed_body":null,"session_user_id":1}
[2026-03-02 21:54:08] DEBUG: Router: parsed URI {"method":"GET","raw_uri":"\/ssms-backend\/public\/api\/admin\/orders","base_path":"\/ssms-backend\/public","clean_uri":"api\/admin\/orders","segments":["api","admin","orders"]}
[2026-03-02 21:54:08] DEBUG: Incoming Request {"method":"GET","uri":"\/ssms-backend\/public\/api\/stones","content_type":"application\/json","body_length":0,"parsed_body":null,"session_user_id":1}
[2026-03-02 21:54:08] DEBUG: Router: parsed URI {"method":"GET","raw_uri":"\/ssms-backend\/public\/api\/stones","base_path":"\/ssms-backend\/public","clean_uri":"api\/stones","segments":["api","stones"]}
[2026-03-02 21:54:08] DEBUG: Incoming Request {"method":"GET","uri":"\/ssms-backend\/public\/api\/admin\/requests","content_type":"application\/json","body_length":0,"parsed_body":null,"session_user_id":1}
[2026-03-02 21:54:08] DEBUG: Router: parsed URI {"method":"GET","raw_uri":"\/ssms-backend\/public\/api\/admin\/requests","base_path":"\/ssms-backend\/public","clean_uri":"api\/admin\/requests","segments":["api","admin","requests"]}
[2026-03-02 22:00:48] DEBUG: Incoming Request {"method":"GET","uri":"\/ssms-backend\/public\/api\/admin\/orders","content_type":"application\/json","body_length":0,"parsed_body":null,"session_user_id":1}
[2026-03-02 22:00:48] DEBUG: Router: parsed URI {"method":"GET","raw_uri":"\/ssms-backend\/public\/api\/admin\/orders","base_path":"\/ssms-backend\/public","clean_uri":"api\/admin\/orders","segments":["api","admin","orders"]}
[2026-03-02 22:00:48] DEBUG: Incoming Request {"method":"GET","uri":"\/ssms-backend\/public\/api\/stones","content_type":"application\/json","body_length":0,"parsed_body":null,"session_user_id":1}
[2026-03-02 22:00:48] DEBUG: Router: parsed URI {"method":"GET","raw_uri":"\/ssms-backend\/public\/api\/stones","base_path":"\/ssms-backend\/public","clean_uri":"api\/stones","segments":["api","stones"]}
[2026-03-02 22:00:48] DEBUG: Incoming Request {"method":"GET","uri":"\/ssms-backend\/public\/api\/admin\/requests","content_type":"application\/json","body_length":0,"parsed_body":null,"session_user_id":1}
[2026-03-02 22:00:48] DEBUG: Router: parsed URI {"method":"GET","raw_uri":"\/ssms-backend\/public\/api\/admin\/requests","base_path":"\/ssms-backend\/public","clean_uri":"api\/admin\/requests","segments":["api","admin","requests"]}
[2026-03-10 16:49:42] DEBUG: Incoming Request {"method":"GET","uri":"\/ssms-backend\/public\/api\/stones","content_type":"application\/json","body_length":0,"parsed_body":null,"session_user_id":null}
[2026-03-10 16:49:42] DEBUG: Router: parsed {"method":"GET","uri":"api\/stones","segments":["api","stones"]}
[2026-03-10 16:50:04] DEBUG: Incoming Request {"method":"GET","uri":"\/ssms-backend\/public\/api\/stones\/4","content_type":"application\/json","body_length":0,"parsed_body":null,"session_user_id":null}
[2026-03-10 16:50:04] DEBUG: Router: parsed {"method":"GET","uri":"api\/stones\/4","segments":["api","stones","4"]}
[2026-03-10 16:50:04] DEBUG: Incoming Request {"method":"GET","uri":"\/ssms-backend\/public\/api\/stones\/4\/reviews","content_type":"application\/json","body_length":0,"parsed_body":null,"session_user_id":null}
[2026-03-10 16:50:04] DEBUG: Router: parsed {"method":"GET","uri":"api\/stones\/4\/reviews","segments":["api","stones","4","reviews"]}
[2026-03-10 16:50:04] ERROR: Uncaught exception in router {"error":"round(): Passing null to parameter #1 ($num) of type int|float is deprecated","code":0,"file":"C:\\wamp64\\www\\ssms-backend\\models\\ReviewModel.php","line":87}
[2026-03-10 16:50:04] ERROR: API Error: SERVER_ERROR - Server error: round(): Passing null to parameter #1 ($num) of type int|float is deprecated {"status_code":500}
[2026-03-10 16:58:40] DEBUG: Incoming Request {"method":"POST","uri":"\/ssms-backend\/public\/api\/auth\/register","content_type":"application\/json","body_length":174,"parsed_body":{"username":"vlsi","password":"***REDACTED***","full_name":"\u0645\u062d\u0645\u062f \u064a\u0627\u0633\u0631 \u0645\u062d\u0645\u0648\u062f \u0634\u0648\u0644\u064a","email":"s12323069@stu.najah.edu","phone":"+9701111111115","address":"nablus"},"session_user_id":null}
[2026-03-10 16:58:40] DEBUG: Router: parsed {"method":"POST","uri":"api\/auth\/register","segments":["api","auth","register"]}
[2026-03-10 16:58:40] DEBUG: AuthController::register - Start 
[2026-03-10 16:58:40] DEBUG: AuthController::register - Request data received {"username":"vlsi","full_name":"\u0645\u062d\u0645\u062f \u064a\u0627\u0633\u0631 \u0645\u062d\u0645\u0648\u062f \u0634\u0648\u0644\u064a","email":"s12323069@stu.najah.edu","phone":"+9701111111115","address":"nablus","has_password":true}
[2026-03-10 16:58:40] DEBUG: UserModel::register - Start {"username":"vlsi","full_name":"\u0645\u062d\u0645\u062f \u064a\u0627\u0633\u0631 \u0645\u062d\u0645\u0648\u062f \u0634\u0648\u0644\u064a","email":"s12323069@stu.najah.edu","phone":"+9701111111115","address":"nablus"}
[2026-03-10 16:58:40] DEBUG: UserModel::register - Transaction started 
[2026-03-10 16:58:40] DEBUG: UserModel::register - Preparing INSERT into users table {"columns":"username, password_hash, full_name, phone, address, email, role, account_status"}
[2026-03-10 16:58:40] DEBUG: UserModel::register - Executing INSERT into users 
[2026-03-10 16:58:40] DEBUG: UserModel::register - User inserted successfully {"user_id":"7"}
[2026-03-10 16:58:40] DEBUG: UserModel::register - Preparing INSERT into customers table {"columns":"user_id"}
[2026-03-10 16:58:40] DEBUG: UserModel::register - Executing INSERT into customers 
[2026-03-10 16:58:40] DEBUG: UserModel::register - Customer inserted successfully {"customer_id":"4"}
[2026-03-10 16:58:40] DEBUG: UserModel::register - Transaction committed successfully 
[2026-03-10 16:58:40] DEBUG: AuthController::register - User registered successfully {"user_id":"7","customer_id":"4"}
[2026-03-10 16:58:40] DEBUG: AuthController::register - Session set {"session_id":"ue7mtvq8ku91d8i1vadshsplg4"}
[2026-03-10 17:11:06] DEBUG: Incoming Request {"method":"GET","uri":"\/ssms-backend\/public\/api\/orders","content_type":"application\/json","body_length":0,"parsed_body":null,"session_user_id":"7"}
[2026-03-10 17:11:06] DEBUG: Router: parsed {"method":"GET","uri":"api\/orders","segments":["api","orders"]}
[2026-03-10 17:40:18] DEBUG: Incoming Request {"method":"GET","uri":"\/ssms-backend\/public\/api\/orders","content_type":"application\/json","body_length":0,"parsed_body":null,"session_user_id":"7"}
[2026-03-10 17:40:18] DEBUG: Router: parsed {"method":"GET","uri":"api\/orders","segments":["api","orders"]}
[2026-03-11 10:50:09] DEBUG: Incoming Request {"method":"GET","uri":"\/ssms-backend\/public\/api\/stones","content_type":"application\/json","body_length":0,"parsed_body":null,"session_user_id":null}
[2026-03-11 10:50:09] DEBUG: Router: parsed {"method":"GET","uri":"api\/stones","segments":["api","stones"]}
[2026-03-11 11:54:10] DEBUG: Incoming Request {"method":"GET","uri":"\/ssms-backend\/public\/api\/stones","content_type":"application\/json","body_length":0,"parsed_body":null,"session_user_id":null}
[2026-03-11 11:54:10] DEBUG: Router: parsed {"method":"GET","uri":"api\/stones","segments":["api","stones"]}
[2026-03-11 11:54:18] DEBUG: Incoming Request {"method":"GET","uri":"\/ssms-backend\/public\/api\/stones","content_type":"application\/json","body_length":0,"parsed_body":null,"session_user_id":null}
[2026-03-11 11:54:18] DEBUG: Router: parsed {"method":"GET","uri":"api\/stones","segments":["api","stones"]}
[2026-03-11 11:56:16] DEBUG: Incoming Request {"method":"GET","uri":"\/ssms-backend\/public\/api\/stones","content_type":"application\/json","body_length":0,"parsed_body":null,"session_user_id":null}
[2026-03-11 11:56:16] DEBUG: Router: parsed {"method":"GET","uri":"api\/stones","segments":["api","stones"]}
[2026-03-11 11:56:52] DEBUG: Incoming Request {"method":"GET","uri":"\/ssms-backend\/public\/api\/stones","content_type":"application\/json","body_length":0,"parsed_body":null,"session_user_id":null}
[2026-03-11 11:56:52] DEBUG: Router: parsed {"method":"GET","uri":"api\/stones","segments":["api","stones"]}
[2026-03-11 11:56:53] DEBUG: Incoming Request {"method":"GET","uri":"\/ssms-backend\/public\/api\/stones","content_type":"application\/json","body_length":0,"parsed_body":null,"session_user_id":null}
[2026-03-11 11:56:53] DEBUG: Router: parsed {"method":"GET","uri":"api\/stones","segments":["api","stones"]}
[2026-03-11 11:56:53] DEBUG: Incoming Request {"method":"GET","uri":"\/ssms-backend\/public\/api\/stones","content_type":"application\/json","body_length":0,"parsed_body":null,"session_user_id":null}
[2026-03-11 11:56:53] DEBUG: Router: parsed {"method":"GET","uri":"api\/stones","segments":["api","stones"]}
[2026-03-11 11:59:10] DEBUG: Incoming Request {"method":"GET","uri":"\/ssms-backend\/public\/api\/stones","content_type":"application\/json","body_length":0,"parsed_body":null,"session_user_id":null}
[2026-03-11 11:59:10] DEBUG: Router: parsed {"method":"GET","uri":"api\/stones","segments":["api","stones"]}
[2026-03-11 11:59:17] DEBUG: Incoming Request {"method":"GET","uri":"\/ssms-backend\/public\/api\/stones","content_type":"application\/json","body_length":0,"parsed_body":null,"session_user_id":null}
[2026-03-11 11:59:17] DEBUG: Router: parsed {"method":"GET","uri":"api\/stones","segments":["api","stones"]}
[2026-03-11 12:00:03] DEBUG: Incoming Request {"method":"GET","uri":"\/ssms-backend\/public\/api\/stones","content_type":"application\/json","body_length":0,"parsed_body":null,"session_user_id":null}
[2026-03-11 12:00:03] DEBUG: Router: parsed {"method":"GET","uri":"api\/stones","segments":["api","stones"]}
[2026-03-11 12:01:27] DEBUG: Incoming Request {"method":"GET","uri":"\/ssms-backend\/public\/api\/stones","content_type":"application\/json","body_length":0,"parsed_body":null,"session_user_id":null}
[2026-03-11 12:01:27] DEBUG: Router: parsed {"method":"GET","uri":"api\/stones","segments":["api","stones"]}
[2026-03-11 12:01:27] DEBUG: Incoming Request {"method":"GET","uri":"\/ssms-backend\/public\/api\/stones","content_type":"application\/json","body_length":0,"parsed_body":null,"session_user_id":null}
[2026-03-11 12:01:27] DEBUG: Router: parsed {"method":"GET","uri":"api\/stones","segments":["api","stones"]}
[2026-03-11 12:56:09] DEBUG: Incoming Request {"method":"GET","uri":"\/ssms-backend\/public\/api\/stones","content_type":"application\/json","body_length":0,"parsed_body":null,"session_user_id":null}
[2026-03-11 12:56:09] DEBUG: Router: parsed {"method":"GET","uri":"api\/stones","segments":["api","stones"]}
[2026-03-11 13:36:59] DEBUG: Incoming Request {"method":"GET","uri":"\/ssms-backend\/public\/api\/stones","content_type":"application\/json","body_length":0,"parsed_body":null,"session_user_id":null}
[2026-03-11 13:36:59] DEBUG: Router: parsed {"method":"GET","uri":"api\/stones","segments":["api","stones"]}
[2026-03-11 13:54:51] DEBUG: Incoming Request {"method":"GET","uri":"\/ssms-backend\/public\/api\/stones","content_type":"application\/json","body_length":0,"parsed_body":null,"session_user_id":null}
[2026-03-11 13:54:51] DEBUG: Router: parsed {"method":"GET","uri":"api\/stones","segments":["api","stones"]}
[2026-03-11 14:01:38] DEBUG: Incoming Request {"method":"GET","uri":"\/ssms-backend\/public\/api\/stones","content_type":"application\/json","body_length":0,"parsed_body":null,"session_user_id":null}
[2026-03-11 14:01:38] DEBUG: Router: parsed {"method":"GET","uri":"api\/stones","segments":["api","stones"]}
[2026-03-11 14:01:39] DEBUG: Incoming Request {"method":"GET","uri":"\/ssms-backend\/public\/api\/stones","content_type":"application\/json","body_length":0,"parsed_body":null,"session_user_id":null}
[2026-03-11 14:01:39] DEBUG: Router: parsed {"method":"GET","uri":"api\/stones","segments":["api","stones"]}
[2026-03-14 10:38:46] DEBUG: Incoming Request {"method":"GET","uri":"\/ssms-backend\/public\/api\/stones","content_type":"application\/json","body_length":0,"parsed_body":null,"session_user_id":null}
[2026-03-14 10:38:46] DEBUG: Router: parsed {"method":"GET","uri":"api\/stones","segments":["api","stones"]}
[2026-03-14 11:06:10] DEBUG: Incoming Request {"method":"GET","uri":"\/ssms-backend\/public\/api\/stones","content_type":"application\/json","body_length":0,"parsed_body":null,"session_user_id":null}
[2026-03-14 11:06:10] DEBUG: Router: parsed {"method":"GET","uri":"api\/stones","segments":["api","stones"]}
[2026-03-14 11:06:19] DEBUG: Incoming Request {"method":"GET","uri":"\/ssms-backend\/public\/api\/stones","content_type":"application\/json","body_length":0,"parsed_body":null,"session_user_id":null}
[2026-03-14 11:06:19] DEBUG: Router: parsed {"method":"GET","uri":"api\/stones","segments":["api","stones"]}
[2026-03-14 11:09:24] DEBUG: Incoming Request {"method":"GET","uri":"\/ssms-backend\/public\/api\/stones","content_type":"application\/json","body_length":0,"parsed_body":null,"session_user_id":null}
[2026-03-14 11:09:24] DEBUG: Router: parsed {"method":"GET","uri":"api\/stones","segments":["api","stones"]}
[2026-03-14 11:09:26] DEBUG: Incoming Request {"method":"GET","uri":"\/ssms-backend\/public\/api\/stones","content_type":"application\/json","body_length":0,"parsed_body":null,"session_user_id":null}
[2026-03-14 11:09:26] DEBUG: Router: parsed {"method":"GET","uri":"api\/stones","segments":["api","stones"]}
[2026-03-14 11:09:27] DEBUG: Incoming Request {"method":"GET","uri":"\/ssms-backend\/public\/api\/stones","content_type":"application\/json","body_length":0,"parsed_body":null,"session_user_id":null}
[2026-03-14 11:09:27] DEBUG: Router: parsed {"method":"GET","uri":"api\/stones","segments":["api","stones"]}
[2026-03-14 11:16:03] DEBUG: Incoming Request {"method":"GET","uri":"\/ssms-backend\/public\/api\/stones","content_type":"application\/json","body_length":0,"parsed_body":null,"session_user_id":null}
[2026-03-14 11:16:03] DEBUG: Router: parsed {"method":"GET","uri":"api\/stones","segments":["api","stones"]}
[2026-03-14 11:20:58] DEBUG: Incoming Request {"method":"GET","uri":"\/ssms-backend\/public\/api\/stones","content_type":"application\/json","body_length":0,"parsed_body":null,"session_user_id":null}
[2026-03-14 11:20:58] DEBUG: Router: parsed {"method":"GET","uri":"api\/stones","segments":["api","stones"]}
[2026-03-14 11:21:06] DEBUG: Incoming Request {"method":"GET","uri":"\/ssms-backend\/public\/api\/stones","content_type":"application\/json","body_length":0,"parsed_body":null,"session_user_id":null}
[2026-03-14 11:21:06] DEBUG: Router: parsed {"method":"GET","uri":"api\/stones","segments":["api","stones"]}
[2026-03-14 11:21:24] DEBUG: Incoming Request {"method":"POST","uri":"\/ssms-backend\/public\/api\/auth\/login","content_type":"application\/json","body_length":43,"parsed_body":{"username":"admin","password":"***REDACTED***"},"session_user_id":null}
[2026-03-14 11:21:24] DEBUG: Router: parsed {"method":"POST","uri":"api\/auth\/login","segments":["api","auth","login"]}
[2026-03-14 11:21:25] DEBUG: Incoming Request {"method":"GET","uri":"\/ssms-backend\/public\/api\/admin\/orders","content_type":"application\/json","body_length":0,"parsed_body":null,"session_user_id":1}
[2026-03-14 11:21:25] DEBUG: Router: parsed {"method":"GET","uri":"api\/admin\/orders","segments":["api","admin","orders"]}
[2026-03-14 11:21:25] DEBUG: Incoming Request {"method":"GET","uri":"\/ssms-backend\/public\/api\/stones","content_type":"application\/json","body_length":0,"parsed_body":null,"session_user_id":1}
[2026-03-14 11:21:25] DEBUG: Router: parsed {"method":"GET","uri":"api\/stones","segments":["api","stones"]}
[2026-03-14 11:21:25] DEBUG: Incoming Request {"method":"GET","uri":"\/ssms-backend\/public\/api\/admin\/requests","content_type":"application\/json","body_length":0,"parsed_body":null,"session_user_id":1}
[2026-03-14 11:21:25] DEBUG: Router: parsed {"method":"GET","uri":"api\/admin\/requests","segments":["api","admin","requests"]}
[2026-03-14 11:22:07] DEBUG: Incoming Request {"method":"POST","uri":"\/ssms-backend\/public\/api\/auth\/login","content_type":"application\/json","body_length":43,"parsed_body":{"username":"admin","password":"***REDACTED***"},"session_user_id":1}
[2026-03-14 11:22:07] DEBUG: Router: parsed {"method":"POST","uri":"api\/auth\/login","segments":["api","auth","login"]}
[2026-03-14 11:22:07] DEBUG: Incoming Request {"method":"GET","uri":"\/ssms-backend\/public\/api\/admin\/orders","content_type":"application\/json","body_length":0,"parsed_body":null,"session_user_id":1}
[2026-03-14 11:22:07] DEBUG: Router: parsed {"method":"GET","uri":"api\/admin\/orders","segments":["api","admin","orders"]}
[2026-03-14 11:22:07] DEBUG: Incoming Request {"method":"GET","uri":"\/ssms-backend\/public\/api\/stones","content_type":"application\/json","body_length":0,"parsed_body":null,"session_user_id":1}
[2026-03-14 11:22:07] DEBUG: Router: parsed {"method":"GET","uri":"api\/stones","segments":["api","stones"]}
[2026-03-14 11:22:07] DEBUG: Incoming Request {"method":"GET","uri":"\/ssms-backend\/public\/api\/admin\/requests","content_type":"application\/json","body_length":0,"parsed_body":null,"session_user_id":1}
[2026-03-14 11:22:07] DEBUG: Router: parsed {"method":"GET","uri":"api\/admin\/requests","segments":["api","admin","requests"]}
[2026-03-14 11:31:02] DEBUG: Incoming Request {"method":"GET","uri":"\/ssms-backend\/public\/api\/admin\/orders","content_type":"application\/json","body_length":0,"parsed_body":null,"session_user_id":1}
[2026-03-14 11:31:02] DEBUG: Router: parsed {"method":"GET","uri":"api\/admin\/orders","segments":["api","admin","orders"]}
[2026-03-14 11:31:02] DEBUG: Incoming Request {"method":"GET","uri":"\/ssms-backend\/public\/api\/orders\/1","content_type":"application\/json","body_length":0,"parsed_body":null,"session_user_id":1}
[2026-03-14 11:31:02] DEBUG: Router: parsed {"method":"GET","uri":"api\/orders\/1","segments":["api","orders","1"]}
[2026-03-14 11:33:40] DEBUG: Incoming Request {"method":"GET","uri":"\/ssms-backend\/public\/api\/admin\/orders","content_type":"application\/json","body_length":0,"parsed_body":null,"session_user_id":1}
[2026-03-14 11:33:40] DEBUG: Router: parsed {"method":"GET","uri":"api\/admin\/orders","segments":["api","admin","orders"]}
[2026-03-14 11:33:40] DEBUG: Incoming Request {"method":"GET","uri":"\/ssms-backend\/public\/api\/orders\/1","content_type":"application\/json","body_length":0,"parsed_body":null,"session_user_id":1}
[2026-03-14 11:33:40] DEBUG: Router: parsed {"method":"GET","uri":"api\/orders\/1","segments":["api","orders","1"]}
[2026-03-14 11:33:58] DEBUG: Incoming Request {"method":"GET","uri":"\/ssms-backend\/public\/api\/stones","content_type":"application\/json","body_length":0,"parsed_body":null,"session_user_id":1}
[2026-03-14 11:33:58] DEBUG: Router: parsed {"method":"GET","uri":"api\/stones","segments":["api","stones"]}
[2026-03-14 11:33:59] DEBUG: Incoming Request {"method":"GET","uri":"\/ssms-backend\/public\/api\/admin\/orders","content_type":"application\/json","body_length":0,"parsed_body":null,"session_user_id":1}
[2026-03-14 11:33:59] DEBUG: Router: parsed {"method":"GET","uri":"api\/admin\/orders","segments":["api","admin","orders"]}
[2026-03-14 11:33:59] DEBUG: Incoming Request {"method":"GET","uri":"\/ssms-backend\/public\/api\/stones","content_type":"application\/json","body_length":0,"parsed_body":null,"session_user_id":1}
[2026-03-14 11:33:59] DEBUG: Router: parsed {"method":"GET","uri":"api\/stones","segments":["api","stones"]}
[2026-03-14 11:33:59] DEBUG: Incoming Request {"method":"GET","uri":"\/ssms-backend\/public\/api\/admin\/requests","content_type":"application\/json","body_length":0,"parsed_body":null,"session_user_id":1}
[2026-03-14 11:33:59] DEBUG: Router: parsed {"method":"GET","uri":"api\/admin\/requests","segments":["api","admin","requests"]}
[2026-03-14 11:33:59] DEBUG: Incoming Request {"method":"GET","uri":"\/ssms-backend\/public\/api\/stones","content_type":"application\/json","body_length":0,"parsed_body":null,"session_user_id":1}
[2026-03-14 11:33:59] DEBUG: Router: parsed {"method":"GET","uri":"api\/stones","segments":["api","stones"]}
[2026-03-14 11:34:04] DEBUG: Incoming Request {"method":"GET","uri":"\/ssms-backend\/public\/api\/stones","content_type":"application\/json","body_length":0,"parsed_body":null,"session_user_id":1}
[2026-03-14 11:34:04] DEBUG: Router: parsed {"method":"GET","uri":"api\/stones","segments":["api","stones"]}
[2026-03-14 11:34:04] DEBUG: Incoming Request {"method":"GET","uri":"\/ssms-backend\/public\/api\/admin\/orders","content_type":"application\/json","body_length":0,"parsed_body":null,"session_user_id":1}
[2026-03-14 11:34:04] DEBUG: Router: parsed {"method":"GET","uri":"api\/admin\/orders","segments":["api","admin","orders"]}
[2026-03-14 11:34:04] DEBUG: Incoming Request {"method":"GET","uri":"\/ssms-backend\/public\/api\/admin\/requests","content_type":"application\/json","body_length":0,"parsed_body":null,"session_user_id":1}
[2026-03-14 11:34:04] DEBUG: Router: parsed {"method":"GET","uri":"api\/admin\/requests","segments":["api","admin","requests"]}
[2026-03-14 11:34:12] DEBUG: Incoming Request {"method":"GET","uri":"\/ssms-backend\/public\/api\/admin\/orders","content_type":"application\/json","body_length":0,"parsed_body":null,"session_user_id":1}
[2026-03-14 11:34:12] DEBUG: Router: parsed {"method":"GET","uri":"api\/admin\/orders","segments":["api","admin","orders"]}
[2026-03-14 11:34:12] DEBUG: Incoming Request {"method":"GET","uri":"\/ssms-backend\/public\/api\/stones","content_type":"application\/json","body_length":0,"parsed_body":null,"session_user_id":1}
[2026-03-14 11:34:12] DEBUG: Router: parsed {"method":"GET","uri":"api\/stones","segments":["api","stones"]}
[2026-03-14 11:34:12] DEBUG: Incoming Request {"method":"GET","uri":"\/ssms-backend\/public\/api\/admin\/requests","content_type":"application\/json","body_length":0,"parsed_body":null,"session_user_id":1}
[2026-03-14 11:34:12] DEBUG: Router: parsed {"method":"GET","uri":"api\/admin\/requests","segments":["api","admin","requests"]}
[2026-05-07 17:49:11] DEBUG: Incoming Request {"method":"GET","uri":"\/ssms-backend\/public\/api\/stones","content_type":"application\/json","body_length":0,"parsed_body":null,"session_user_id":null}
[2026-05-07 17:49:11] DEBUG: Router: parsed {"method":"GET","uri":"api\/stones","segments":["api","stones"]}
[2026-05-07 17:49:15] DEBUG: Incoming Request {"method":"GET","uri":"\/ssms-backend\/public\/api\/stones","content_type":"application\/json","body_length":0,"parsed_body":null,"session_user_id":null}
[2026-05-07 17:49:15] DEBUG: Router: parsed {"method":"GET","uri":"api\/stones","segments":["api","stones"]}
[2026-05-07 17:52:20] DEBUG: Incoming Request {"method":"GET","uri":"\/ssms-backend\/public\/api\/stones","content_type":"application\/json","body_length":0,"parsed_body":null,"session_user_id":null}
[2026-05-07 17:52:20] DEBUG: Router: parsed {"method":"GET","uri":"api\/stones","segments":["api","stones"]}
[2026-05-07 17:54:59] DEBUG: Incoming Request {"method":"POST","uri":"\/ssms-backend\/public\/api\/auth\/login","content_type":"application\/json","body_length":52,"parsed_body":{"username":"qa_employee_tmp","password":"***REDACTED***"},"session_user_id":null}
[2026-05-07 17:54:59] DEBUG: Router: parsed {"method":"POST","uri":"api\/auth\/login","segments":["api","auth","login"]}
[2026-05-07 17:54:59] ERROR: API Error: VALIDATION_ERROR - Invalid username or password {"status_code":400}
[2026-05-07 17:55:34] DEBUG: Incoming Request {"method":"POST","uri":"\/ssms-backend\/public\/api\/auth\/login","content_type":"application\/json","body_length":49,"parsed_body":{"username":"qa_admin_tmp","password":"***REDACTED***"},"session_user_id":null}
[2026-05-07 17:55:34] DEBUG: Router: parsed {"method":"POST","uri":"api\/auth\/login","segments":["api","auth","login"]}
[2026-05-07 17:55:34] ERROR: API Error: VALIDATION_ERROR - Invalid username or password {"status_code":400}
[2026-05-07 17:56:24] DEBUG: Incoming Request {"method":"POST","uri":"\/ssms-backend\/public\/api\/auth\/login","content_type":"application\/json","body_length":67,"parsed_body":{"password":"***REDACTED***","username":"qa_admin_tmp"},"session_user_id":null}
[2026-05-07 17:56:24] DEBUG: Router: parsed {"method":"POST","uri":"api\/auth\/login","segments":["api","auth","login"]}
[2026-05-07 17:56:24] ERROR: API Error: VALIDATION_ERROR - Invalid username or password {"status_code":400}
[2026-05-07 17:56:54] DEBUG: Incoming Request {"method":"POST","uri":"\/ssms-backend\/public\/api\/auth\/login","content_type":"application\/json","body_length":49,"parsed_body":{"username":"qa_admin_tmp","password":"***REDACTED***"},"session_user_id":null}
[2026-05-07 17:56:54] DEBUG: Router: parsed {"method":"POST","uri":"api\/auth\/login","segments":["api","auth","login"]}
[2026-05-07 17:56:54] ERROR: API Error: VALIDATION_ERROR - Invalid username or password {"status_code":400}
[2026-05-07 18:00:11] DEBUG: Incoming Request {"method":"POST","uri":"\/ssms-backend\/public\/api\/auth\/login","content_type":"application\/json","body_length":49,"parsed_body":{"username":"qa_admin_tmp","password":"***REDACTED***"},"session_user_id":null}
[2026-05-07 18:00:11] DEBUG: Router: parsed {"method":"POST","uri":"api\/auth\/login","segments":["api","auth","login"]}
[2026-05-07 18:00:12] DEBUG: Incoming Request {"method":"POST","uri":"\/ssms-backend\/public\/api\/auth\/login","content_type":"application\/json","body_length":52,"parsed_body":{"username":"qa_employee_tmp","password":"***REDACTED***"},"session_user_id":null}
[2026-05-07 18:00:12] DEBUG: Router: parsed {"method":"POST","uri":"api\/auth\/login","segments":["api","auth","login"]}
[2026-05-07 18:00:12] DEBUG: Incoming Request {"method":"POST","uri":"\/ssms-backend\/public\/api\/auth\/login","content_type":"application\/json","body_length":52,"parsed_body":{"username":"qa_customer_tmp","password":"***REDACTED***"},"session_user_id":null}
[2026-05-07 18:00:12] DEBUG: Router: parsed {"method":"POST","uri":"api\/auth\/login","segments":["api","auth","login"]}
[2026-05-07 18:00:56] DEBUG: Incoming Request {"method":"POST","uri":"\/ssms-backend\/public\/api\/auth\/login","content_type":"application\/json","body_length":52,"parsed_body":{"username":"qa_employee_tmp","password":"***REDACTED***"},"session_user_id":null}
[2026-05-07 18:00:56] DEBUG: Router: parsed {"method":"POST","uri":"api\/auth\/login","segments":["api","auth","login"]}
[2026-05-07 18:06:49] DEBUG: Incoming Request {"method":"POST","uri":"\/ssms-backend\/public\/api\/auth\/login","content_type":"application\/json","body_length":52,"parsed_body":{"username":"qa_customer_tmp","password":"***REDACTED***"},"session_user_id":9}
[2026-05-07 18:06:49] DEBUG: Router: parsed {"method":"POST","uri":"api\/auth\/login","segments":["api","auth","login"]}
[2026-05-07 18:07:05] DEBUG: Incoming Request {"method":"GET","uri":"\/ssms-backend\/public\/api\/stones","content_type":"application\/json","body_length":0,"parsed_body":null,"session_user_id":10}
[2026-05-07 18:07:05] DEBUG: Router: parsed {"method":"GET","uri":"api\/stones","segments":["api","stones"]}
[2026-05-07 18:07:15] DEBUG: Incoming Request {"method":"GET","uri":"\/ssms-backend\/public\/api\/stones\/4","content_type":"application\/json","body_length":0,"parsed_body":null,"session_user_id":10}
[2026-05-07 18:07:15] DEBUG: Router: parsed {"method":"GET","uri":"api\/stones\/4","segments":["api","stones","4"]}
[2026-05-07 18:07:15] DEBUG: Incoming Request {"method":"GET","uri":"\/ssms-backend\/public\/api\/stones\/4\/reviews","content_type":"application\/json","body_length":0,"parsed_body":null,"session_user_id":10}
[2026-05-07 18:07:15] DEBUG: Router: parsed {"method":"GET","uri":"api\/stones\/4\/reviews","segments":["api","stones","4","reviews"]}
[2026-05-07 18:07:15] ERROR: Uncaught exception in router {"error":"round(): Passing null to parameter #1 ($num) of type int|float is deprecated","code":0,"file":"C:\\wamp64\\www\\ssms-backend\\models\\ReviewModel.php","line":87}
[2026-05-07 18:07:15] ERROR: API Error: SERVER_ERROR - Server error: round(): Passing null to parameter #1 ($num) of type int|float is deprecated {"status_code":500}
[2026-05-07 18:07:19] DEBUG: Incoming Request {"method":"POST","uri":"\/ssms-backend\/public\/api\/cart\/add","content_type":"application\/json","body_length":27,"parsed_body":{"stone_id":4,"quantity":4},"session_user_id":10}
[2026-05-07 18:07:19] DEBUG: Router: parsed {"method":"POST","uri":"api\/cart\/add","segments":["api","cart","add"]}
[2026-05-07 18:07:19] DEBUG: CartModel::addItem {"customer_id":5,"stone_id":4,"quantity":4}
[2026-05-07 18:07:19] DEBUG: CartModel::getOrCreateCart {"customer_id":5}
[2026-05-07 18:07:19] DEBUG: CartModel::getOrCreateCart - Created new cart {"cart_id":"2"}
[2026-05-07 18:07:19] DEBUG: CartModel::addItem - Inserted new item {"cart_item_id":"4","unit_price":"180.00"}
[2026-05-07 18:07:19] DEBUG: CartModel::getCart {"customer_id":5}
[2026-05-07 18:07:19] DEBUG: CartModel::getOrCreateCart {"customer_id":5}
[2026-05-07 18:07:19] DEBUG: CartModel::getOrCreateCart - Found existing cart {"cart_id":2}
[2026-05-07 18:07:19] DEBUG: CartModel::getCart - Result {"cart_id":2,"item_count":1,"total":720}
[2026-05-07 18:07:27] DEBUG: Incoming Request {"method":"GET","uri":"\/ssms-backend\/public\/api\/stones","content_type":"application\/json","body_length":0,"parsed_body":null,"session_user_id":10}
[2026-05-07 18:07:27] DEBUG: Router: parsed {"method":"GET","uri":"api\/stones","segments":["api","stones"]}
[2026-05-07 18:07:38] DEBUG: Incoming Request {"method":"GET","uri":"\/ssms-backend\/public\/api\/stones","content_type":"application\/json","body_length":0,"parsed_body":null,"session_user_id":10}
[2026-05-07 18:07:38] DEBUG: Router: parsed {"method":"GET","uri":"api\/stones","segments":["api","stones"]}
[2026-05-07 18:07:40] DEBUG: Incoming Request {"method":"GET","uri":"\/ssms-backend\/public\/api\/stones\/4","content_type":"application\/json","body_length":0,"parsed_body":null,"session_user_id":10}
[2026-05-07 18:07:40] DEBUG: Router: parsed {"method":"GET","uri":"api\/stones\/4","segments":["api","stones","4"]}
[2026-05-07 18:07:40] DEBUG: Incoming Request {"method":"GET","uri":"\/ssms-backend\/public\/api\/stones\/4\/reviews","content_type":"application\/json","body_length":0,"parsed_body":null,"session_user_id":10}
[2026-05-07 18:07:40] DEBUG: Router: parsed {"method":"GET","uri":"api\/stones\/4\/reviews","segments":["api","stones","4","reviews"]}
[2026-05-07 18:07:40] ERROR: Uncaught exception in router {"error":"round(): Passing null to parameter #1 ($num) of type int|float is deprecated","code":0,"file":"C:\\wamp64\\www\\ssms-backend\\models\\ReviewModel.php","line":87}
[2026-05-07 18:07:40] ERROR: API Error: SERVER_ERROR - Server error: round(): Passing null to parameter #1 ($num) of type int|float is deprecated {"status_code":500}
[2026-05-07 18:07:46] DEBUG: Incoming Request {"method":"POST","uri":"\/ssms-backend\/public\/api\/cart\/add","content_type":"application\/json","body_length":27,"parsed_body":{"stone_id":4,"quantity":4},"session_user_id":10}
[2026-05-07 18:07:46] DEBUG: Router: parsed {"method":"POST","uri":"api\/cart\/add","segments":["api","cart","add"]}
[2026-05-07 18:07:46] DEBUG: CartModel::addItem {"customer_id":5,"stone_id":4,"quantity":4}
[2026-05-07 18:07:46] DEBUG: CartModel::getOrCreateCart {"customer_id":5}
[2026-05-07 18:07:46] DEBUG: CartModel::getOrCreateCart - Found existing cart {"cart_id":2}
[2026-05-07 18:07:46] DEBUG: CartModel::addItem - Updated existing item {"cart_item_id":4,"old_qty":4,"new_qty":8}
[2026-05-07 18:07:46] DEBUG: CartModel::getCart {"customer_id":5}
[2026-05-07 18:07:46] DEBUG: CartModel::getOrCreateCart {"customer_id":5}
[2026-05-07 18:07:46] DEBUG: CartModel::getOrCreateCart - Found existing cart {"cart_id":2}
[2026-05-07 18:07:46] DEBUG: CartModel::getCart - Result {"cart_id":2,"item_count":1,"total":1440}
[2026-05-07 18:07:51] DEBUG: Incoming Request {"method":"GET","uri":"\/ssms-backend\/public\/api\/stones","content_type":"application\/json","body_length":0,"parsed_body":null,"session_user_id":10}
[2026-05-07 18:07:51] DEBUG: Router: parsed {"method":"GET","uri":"api\/stones","segments":["api","stones"]}
[2026-05-07 18:07:59] DEBUG: Incoming Request {"method":"GET","uri":"\/ssms-backend\/public\/api\/orders","content_type":"application\/json","body_length":0,"parsed_body":null,"session_user_id":10}
[2026-05-07 18:07:59] DEBUG: Router: parsed {"method":"GET","uri":"api\/orders","segments":["api","orders"]}
[2026-05-07 18:08:24] DEBUG: Incoming Request {"method":"GET","uri":"\/ssms-backend\/public\/api\/stones","content_type":"application\/json","body_length":0,"parsed_body":null,"session_user_id":10}
[2026-05-07 18:08:24] DEBUG: Router: parsed {"method":"GET","uri":"api\/stones","segments":["api","stones"]}
[2026-05-07 18:08:29] DEBUG: Incoming Request {"method":"GET","uri":"\/ssms-backend\/public\/api\/stones\/4","content_type":"application\/json","body_length":0,"parsed_body":null,"session_user_id":10}
[2026-05-07 18:08:29] DEBUG: Router: parsed {"method":"GET","uri":"api\/stones\/4","segments":["api","stones","4"]}
[2026-05-07 18:08:29] DEBUG: Incoming Request {"method":"GET","uri":"\/ssms-backend\/public\/api\/stones\/4\/reviews","content_type":"application\/json","body_length":0,"parsed_body":null,"session_user_id":10}
[2026-05-07 18:08:29] DEBUG: Router: parsed {"method":"GET","uri":"api\/stones\/4\/reviews","segments":["api","stones","4","reviews"]}
[2026-05-07 18:08:29] ERROR: Uncaught exception in router {"error":"round(): Passing null to parameter #1 ($num) of type int|float is deprecated","code":0,"file":"C:\\wamp64\\www\\ssms-backend\\models\\ReviewModel.php","line":87}
[2026-05-07 18:08:29] ERROR: API Error: SERVER_ERROR - Server error: round(): Passing null to parameter #1 ($num) of type int|float is deprecated {"status_code":500}
[2026-05-07 18:13:19] DEBUG: Incoming Request {"method":"POST","uri":"\/ssms-backend\/public\/api\/auth\/login","content_type":"application\/json","body_length":52,"parsed_body":{"username":"qa_customer_tmp","password":"***REDACTED***"},"session_user_id":10}
[2026-05-07 18:13:19] DEBUG: Router: parsed {"method":"POST","uri":"api\/auth\/login","segments":["api","auth","login"]}
[2026-05-07 18:14:14] DEBUG: Incoming Request {"method":"GET","uri":"\/ssms-backend\/public\/api\/cart","content_type":"application\/json","body_length":0,"parsed_body":null,"session_user_id":10}
[2026-05-07 18:14:14] DEBUG: Router: parsed {"method":"GET","uri":"api\/cart","segments":["api","cart"]}
[2026-05-07 18:14:14] DEBUG: CartModel::getCart {"customer_id":5}
[2026-05-07 18:14:14] DEBUG: CartModel::getOrCreateCart {"customer_id":5}
[2026-05-07 18:14:14] DEBUG: CartModel::getOrCreateCart - Found existing cart {"cart_id":2}
[2026-05-07 18:14:14] DEBUG: CartModel::getCart - Result {"cart_id":2,"item_count":1,"total":1440}
[2026-05-07 18:14:28] DEBUG: Incoming Request {"method":"GET","uri":"\/ssms-backend\/public\/api\/stones","content_type":"application\/json","body_length":0,"parsed_body":null,"session_user_id":10}
[2026-05-07 18:14:28] DEBUG: Router: parsed {"method":"GET","uri":"api\/stones","segments":["api","stones"]}
[2026-05-07 18:14:48] DEBUG: Incoming Request {"method":"GET","uri":"\/ssms-backend\/public\/api\/orders","content_type":"application\/json","body_length":0,"parsed_body":null,"session_user_id":10}
[2026-05-07 18:14:48] DEBUG: Router: parsed {"method":"GET","uri":"api\/orders","segments":["api","orders"]}
[2026-05-07 18:21:09] DEBUG: Incoming Request {"method":"GET","uri":"\/ssms-backend\/public\/api\/stones","content_type":"application\/json","body_length":0,"parsed_body":null,"session_user_id":10}
[2026-05-07 18:21:09] DEBUG: Router: parsed {"method":"GET","uri":"api\/stones","segments":["api","stones"]}
[2026-05-07 18:21:14] DEBUG: Incoming Request {"method":"GET","uri":"\/ssms-backend\/public\/api\/stones\/4","content_type":"application\/json","body_length":0,"parsed_body":null,"session_user_id":10}
[2026-05-07 18:21:14] DEBUG: Router: parsed {"method":"GET","uri":"api\/stones\/4","segments":["api","stones","4"]}
[2026-05-07 18:21:14] DEBUG: Incoming Request {"method":"GET","uri":"\/ssms-backend\/public\/api\/stones\/4\/reviews","content_type":"application\/json","body_length":0,"parsed_body":null,"session_user_id":10}
[2026-05-07 18:21:14] DEBUG: Router: parsed {"method":"GET","uri":"api\/stones\/4\/reviews","segments":["api","stones","4","reviews"]}
[2026-05-07 18:21:14] ERROR: Uncaught exception in router {"error":"round(): Passing null to parameter #1 ($num) of type int|float is deprecated","code":0,"file":"C:\\wamp64\\www\\ssms-backend\\models\\ReviewModel.php","line":87}
[2026-05-07 18:21:14] ERROR: API Error: SERVER_ERROR - Server error: round(): Passing null to parameter #1 ($num) of type int|float is deprecated {"status_code":500}
[2026-05-07 18:21:19] DEBUG: Incoming Request {"method":"POST","uri":"\/ssms-backend\/public\/api\/cart\/add","content_type":"application\/json","body_length":27,"parsed_body":{"stone_id":4,"quantity":8},"session_user_id":10}
[2026-05-07 18:21:19] DEBUG: Router: parsed {"method":"POST","uri":"api\/cart\/add","segments":["api","cart","add"]}
[2026-05-07 18:21:19] DEBUG: CartModel::addItem {"customer_id":5,"stone_id":4,"quantity":8}
[2026-05-07 18:21:19] DEBUG: CartModel::getOrCreateCart {"customer_id":5}
[2026-05-07 18:21:19] DEBUG: CartModel::getOrCreateCart - Found existing cart {"cart_id":2}
[2026-05-07 18:21:19] DEBUG: CartModel::addItem - Updated existing item {"cart_item_id":4,"old_qty":8,"new_qty":16}
[2026-05-07 18:21:19] DEBUG: CartModel::getCart {"customer_id":5}
[2026-05-07 18:21:19] DEBUG: CartModel::getOrCreateCart {"customer_id":5}
[2026-05-07 18:21:19] DEBUG: CartModel::getOrCreateCart - Found existing cart {"cart_id":2}
[2026-05-07 18:21:19] DEBUG: CartModel::getCart - Result {"cart_id":2,"item_count":1,"total":2880}
[2026-05-07 18:21:27] DEBUG: Incoming Request {"method":"GET","uri":"\/ssms-backend\/public\/api\/stones","content_type":"application\/json","body_length":0,"parsed_body":null,"session_user_id":10}
[2026-05-07 18:21:27] DEBUG: Router: parsed {"method":"GET","uri":"api\/stones","segments":["api","stones"]}
[2026-05-07 18:21:34] DEBUG: Incoming Request {"method":"GET","uri":"\/ssms-backend\/public\/api\/stones","content_type":"application\/json","body_length":0,"parsed_body":null,"session_user_id":10}
[2026-05-07 18:21:34] DEBUG: Router: parsed {"method":"GET","uri":"api\/stones","segments":["api","stones"]}
[2026-05-07 18:21:34] DEBUG: Incoming Request {"method":"GET","uri":"\/ssms-backend\/public\/api\/stones","content_type":"application\/json","body_length":0,"parsed_body":null,"session_user_id":10}
[2026-05-07 18:21:34] DEBUG: Router: parsed {"method":"GET","uri":"api\/stones","segments":["api","stones"]}
[2026-05-07 18:21:35] DEBUG: Incoming Request {"method":"GET","uri":"\/ssms-backend\/public\/api\/stones","content_type":"application\/json","body_length":0,"parsed_body":null,"session_user_id":10}
[2026-05-07 18:21:35] DEBUG: Router: parsed {"method":"GET","uri":"api\/stones","segments":["api","stones"]}
[2026-05-07 18:21:35] DEBUG: Incoming Request {"method":"GET","uri":"\/ssms-backend\/public\/api\/stones","content_type":"application\/json","body_length":0,"parsed_body":null,"session_user_id":10}
[2026-05-07 18:21:35] DEBUG: Router: parsed {"method":"GET","uri":"api\/stones","segments":["api","stones"]}
[2026-05-07 18:21:35] DEBUG: Incoming Request {"method":"GET","uri":"\/ssms-backend\/public\/api\/stones","content_type":"application\/json","body_length":0,"parsed_body":null,"session_user_id":10}
[2026-05-07 18:21:35] DEBUG: Router: parsed {"method":"GET","uri":"api\/stones","segments":["api","stones"]}
[2026-05-07 18:21:35] DEBUG: Incoming Request {"method":"GET","uri":"\/ssms-backend\/public\/api\/stones","content_type":"application\/json","body_length":0,"parsed_body":null,"session_user_id":10}
[2026-05-07 18:21:35] DEBUG: Router: parsed {"method":"GET","uri":"api\/stones","segments":["api","stones"]}
[2026-05-07 18:21:35] DEBUG: Incoming Request {"method":"GET","uri":"\/ssms-backend\/public\/api\/stones","content_type":"application\/json","body_length":0,"parsed_body":null,"session_user_id":10}
[2026-05-07 18:21:35] DEBUG: Router: parsed {"method":"GET","uri":"api\/stones","segments":["api","stones"]}
[2026-05-07 18:21:36] DEBUG: Incoming Request {"method":"GET","uri":"\/ssms-backend\/public\/api\/stones","content_type":"application\/json","body_length":0,"parsed_body":null,"session_user_id":10}
[2026-05-07 18:21:36] DEBUG: Router: parsed {"method":"GET","uri":"api\/stones","segments":["api","stones"]}
[2026-05-07 18:21:42] DEBUG: Incoming Request {"method":"POST","uri":"\/ssms-backend\/public\/api\/auth\/login","content_type":"application\/json","body_length":52,"parsed_body":{"username":"qa_customer_tmp","password":"***REDACTED***"},"session_user_id":10}
[2026-05-07 18:21:42] DEBUG: Router: parsed {"method":"POST","uri":"api\/auth\/login","segments":["api","auth","login"]}
[2026-05-07 18:21:45] DEBUG: Incoming Request {"method":"GET","uri":"\/ssms-backend\/public\/api\/orders","content_type":"application\/json","body_length":0,"parsed_body":null,"session_user_id":10}
[2026-05-07 18:21:45] DEBUG: Router: parsed {"method":"GET","uri":"api\/orders","segments":["api","orders"]}
[2026-05-07 18:26:16] DEBUG: Incoming Request {"method":"GET","uri":"\/ssms-backend\/public\/api\/stones","content_type":"application\/json","body_length":0,"parsed_body":null,"session_user_id":10}
[2026-05-07 18:26:16] DEBUG: Router: parsed {"method":"GET","uri":"api\/stones","segments":["api","stones"]}
[2026-05-07 18:26:19] DEBUG: Incoming Request {"method":"GET","uri":"\/ssms-backend\/public\/api\/stones\/4","content_type":"application\/json","body_length":0,"parsed_body":null,"session_user_id":10}
[2026-05-07 18:26:19] DEBUG: Router: parsed {"method":"GET","uri":"api\/stones\/4","segments":["api","stones","4"]}
[2026-05-07 18:26:19] DEBUG: Incoming Request {"method":"GET","uri":"\/ssms-backend\/public\/api\/stones\/4\/reviews","content_type":"application\/json","body_length":0,"parsed_body":null,"session_user_id":10}
[2026-05-07 18:26:19] DEBUG: Router: parsed {"method":"GET","uri":"api\/stones\/4\/reviews","segments":["api","stones","4","reviews"]}
[2026-05-07 18:26:19] ERROR: Uncaught exception in router {"error":"round(): Passing null to parameter #1 ($num) of type int|float is deprecated","code":0,"file":"C:\\wamp64\\www\\ssms-backend\\models\\ReviewModel.php","line":87}
[2026-05-07 18:26:19] ERROR: API Error: SERVER_ERROR - Server error: round(): Passing null to parameter #1 ($num) of type int|float is deprecated {"status_code":500}
[2026-05-07 18:26:21] DEBUG: Incoming Request {"method":"POST","uri":"\/ssms-backend\/public\/api\/cart\/add","content_type":"application\/json","body_length":27,"parsed_body":{"stone_id":4,"quantity":1},"session_user_id":10}
[2026-05-07 18:26:21] DEBUG: Router: parsed {"method":"POST","uri":"api\/cart\/add","segments":["api","cart","add"]}
[2026-05-07 18:26:21] DEBUG: CartModel::addItem {"customer_id":5,"stone_id":4,"quantity":1}
[2026-05-07 18:26:21] DEBUG: CartModel::getOrCreateCart {"customer_id":5}
[2026-05-07 18:26:21] DEBUG: CartModel::getOrCreateCart - Found existing cart {"cart_id":2}
[2026-05-07 18:26:21] DEBUG: CartModel::addItem - Updated existing item {"cart_item_id":4,"old_qty":16,"new_qty":17}
[2026-05-07 18:26:21] DEBUG: CartModel::getCart {"customer_id":5}
[2026-05-07 18:26:21] DEBUG: CartModel::getOrCreateCart {"customer_id":5}
[2026-05-07 18:26:21] DEBUG: CartModel::getOrCreateCart - Found existing cart {"cart_id":2}
[2026-05-07 18:26:21] DEBUG: CartModel::getCart - Result {"cart_id":2,"item_count":1,"total":3060}
[2026-05-07 18:26:22] DEBUG: Incoming Request {"method":"POST","uri":"\/ssms-backend\/public\/api\/cart\/add","content_type":"application\/json","body_length":27,"parsed_body":{"stone_id":4,"quantity":1},"session_user_id":10}
[2026-05-07 18:26:22] DEBUG: Router: parsed {"method":"POST","uri":"api\/cart\/add","segments":["api","cart","add"]}
[2026-05-07 18:26:22] DEBUG: CartModel::addItem {"customer_id":5,"stone_id":4,"quantity":1}
[2026-05-07 18:26:22] DEBUG: CartModel::getOrCreateCart {"customer_id":5}
[2026-05-07 18:26:22] DEBUG: CartModel::getOrCreateCart - Found existing cart {"cart_id":2}
[2026-05-07 18:26:22] DEBUG: CartModel::addItem - Updated existing item {"cart_item_id":4,"old_qty":17,"new_qty":18}
[2026-05-07 18:26:22] DEBUG: CartModel::getCart {"customer_id":5}
[2026-05-07 18:26:22] DEBUG: CartModel::getOrCreateCart {"customer_id":5}
[2026-05-07 18:26:22] DEBUG: CartModel::getOrCreateCart - Found existing cart {"cart_id":2}
[2026-05-07 18:26:22] DEBUG: CartModel::getCart - Result {"cart_id":2,"item_count":1,"total":3240}
[2026-05-07 18:26:22] DEBUG: Incoming Request {"method":"POST","uri":"\/ssms-backend\/public\/api\/cart\/add","content_type":"application\/json","body_length":27,"parsed_body":{"stone_id":4,"quantity":1},"session_user_id":10}
[2026-05-07 18:26:22] DEBUG: Router: parsed {"method":"POST","uri":"api\/cart\/add","segments":["api","cart","add"]}
[2026-05-07 18:26:22] DEBUG: CartModel::addItem {"customer_id":5,"stone_id":4,"quantity":1}
[2026-05-07 18:26:22] DEBUG: CartModel::getOrCreateCart {"customer_id":5}
[2026-05-07 18:26:22] DEBUG: CartModel::getOrCreateCart - Found existing cart {"cart_id":2}
[2026-05-07 18:26:22] DEBUG: CartModel::addItem - Updated existing item {"cart_item_id":4,"old_qty":18,"new_qty":19}
[2026-05-07 18:26:22] DEBUG: CartModel::getCart {"customer_id":5}
[2026-05-07 18:26:22] DEBUG: CartModel::getOrCreateCart {"customer_id":5}
[2026-05-07 18:26:22] DEBUG: CartModel::getOrCreateCart - Found existing cart {"cart_id":2}
[2026-05-07 18:26:22] DEBUG: CartModel::getCart - Result {"cart_id":2,"item_count":1,"total":3420}
[2026-05-07 18:26:22] DEBUG: Incoming Request {"method":"POST","uri":"\/ssms-backend\/public\/api\/cart\/add","content_type":"application\/json","body_length":27,"parsed_body":{"stone_id":4,"quantity":1},"session_user_id":10}
[2026-05-07 18:26:22] DEBUG: Router: parsed {"method":"POST","uri":"api\/cart\/add","segments":["api","cart","add"]}
[2026-05-07 18:26:22] DEBUG: CartModel::addItem {"customer_id":5,"stone_id":4,"quantity":1}
[2026-05-07 18:26:22] DEBUG: CartModel::getOrCreateCart {"customer_id":5}
[2026-05-07 18:26:22] DEBUG: CartModel::getOrCreateCart - Found existing cart {"cart_id":2}
[2026-05-07 18:26:22] DEBUG: CartModel::addItem - Updated existing item {"cart_item_id":4,"old_qty":19,"new_qty":20}
[2026-05-07 18:26:22] DEBUG: CartModel::getCart {"customer_id":5}
[2026-05-07 18:26:22] DEBUG: CartModel::getOrCreateCart {"customer_id":5}
[2026-05-07 18:26:22] DEBUG: CartModel::getOrCreateCart - Found existing cart {"cart_id":2}
[2026-05-07 18:26:22] DEBUG: CartModel::getCart - Result {"cart_id":2,"item_count":1,"total":3600}
[2026-05-07 18:26:22] DEBUG: Incoming Request {"method":"POST","uri":"\/ssms-backend\/public\/api\/cart\/add","content_type":"application\/json","body_length":27,"parsed_body":{"stone_id":4,"quantity":1},"session_user_id":10}
[2026-05-07 18:26:22] DEBUG: Router: parsed {"method":"POST","uri":"api\/cart\/add","segments":["api","cart","add"]}
[2026-05-07 18:26:22] DEBUG: CartModel::addItem {"customer_id":5,"stone_id":4,"quantity":1}
[2026-05-07 18:26:22] DEBUG: CartModel::getOrCreateCart {"customer_id":5}
[2026-05-07 18:26:22] DEBUG: CartModel::getOrCreateCart - Found existing cart {"cart_id":2}
[2026-05-07 18:26:22] DEBUG: CartModel::addItem - Updated existing item {"cart_item_id":4,"old_qty":20,"new_qty":21}
[2026-05-07 18:26:22] DEBUG: CartModel::getCart {"customer_id":5}
[2026-05-07 18:26:22] DEBUG: CartModel::getOrCreateCart {"customer_id":5}
[2026-05-07 18:26:22] DEBUG: CartModel::getOrCreateCart - Found existing cart {"cart_id":2}
[2026-05-07 18:26:22] DEBUG: CartModel::getCart - Result {"cart_id":2,"item_count":1,"total":3780}
[2026-05-07 18:26:22] DEBUG: Incoming Request {"method":"POST","uri":"\/ssms-backend\/public\/api\/cart\/add","content_type":"application\/json","body_length":27,"parsed_body":{"stone_id":4,"quantity":1},"session_user_id":10}
[2026-05-07 18:26:22] DEBUG: Router: parsed {"method":"POST","uri":"api\/cart\/add","segments":["api","cart","add"]}
[2026-05-07 18:26:22] DEBUG: CartModel::addItem {"customer_id":5,"stone_id":4,"quantity":1}
[2026-05-07 18:26:22] DEBUG: CartModel::getOrCreateCart {"customer_id":5}
[2026-05-07 18:26:22] DEBUG: CartModel::getOrCreateCart - Found existing cart {"cart_id":2}
[2026-05-07 18:26:22] DEBUG: CartModel::addItem - Updated existing item {"cart_item_id":4,"old_qty":21,"new_qty":22}
[2026-05-07 18:26:22] DEBUG: CartModel::getCart {"customer_id":5}
[2026-05-07 18:26:22] DEBUG: CartModel::getOrCreateCart {"customer_id":5}
[2026-05-07 18:26:22] DEBUG: CartModel::getOrCreateCart - Found existing cart {"cart_id":2}
[2026-05-07 18:26:22] DEBUG: CartModel::getCart - Result {"cart_id":2,"item_count":1,"total":3960}
[2026-05-07 18:26:33] DEBUG: Incoming Request {"method":"GET","uri":"\/ssms-backend\/public\/api\/orders","content_type":"application\/json","body_length":0,"parsed_body":null,"session_user_id":10}
[2026-05-07 18:26:33] DEBUG: Router: parsed {"method":"GET","uri":"api\/orders","segments":["api","orders"]}
[2026-05-07 18:26:50] DEBUG: Incoming Request {"method":"GET","uri":"\/ssms-backend\/public\/api\/cart","content_type":"application\/json","body_length":0,"parsed_body":null,"session_user_id":10}
[2026-05-07 18:26:50] DEBUG: Router: parsed {"method":"GET","uri":"api\/cart","segments":["api","cart"]}
[2026-05-07 18:26:50] DEBUG: CartModel::getCart {"customer_id":5}
[2026-05-07 18:26:50] DEBUG: CartModel::getOrCreateCart {"customer_id":5}
[2026-05-07 18:26:50] DEBUG: CartModel::getOrCreateCart - Found existing cart {"cart_id":2}
[2026-05-07 18:26:50] DEBUG: CartModel::getCart - Result {"cart_id":2,"item_count":1,"total":3960}
[2026-05-07 18:27:02] DEBUG: Incoming Request {"method":"PUT","uri":"\/ssms-backend\/public\/api\/cart\/item\/4","content_type":"application\/json","body_length":15,"parsed_body":{"quantity":21},"session_user_id":10}
[2026-05-07 18:27:02] DEBUG: Router: parsed {"method":"PUT","uri":"api\/cart\/item\/4","segments":["api","cart","item","4"]}
[2026-05-07 18:27:02] DEBUG: CartModel::updateItemQuantity {"customer_id":5,"cart_item_id":4,"new_quantity":21}
[2026-05-07 18:27:02] DEBUG: CartModel::getOrCreateCart {"customer_id":5}
[2026-05-07 18:27:02] DEBUG: CartModel::getOrCreateCart - Found existing cart {"cart_id":2}
[2026-05-07 18:27:02] DEBUG: CartModel::updateItemQuantity - Updated {"cart_item_id":4,"quantity":21}
[2026-05-07 18:27:02] DEBUG: CartModel::getCart {"customer_id":5}
[2026-05-07 18:27:02] DEBUG: CartModel::getOrCreateCart {"customer_id":5}
[2026-05-07 18:27:02] DEBUG: CartModel::getOrCreateCart - Found existing cart {"cart_id":2}
[2026-05-07 18:27:02] DEBUG: CartModel::getCart - Result {"cart_id":2,"item_count":1,"total":3780}
[2026-05-07 18:27:02] DEBUG: Incoming Request {"method":"PUT","uri":"\/ssms-backend\/public\/api\/cart\/item\/4","content_type":"application\/json","body_length":15,"parsed_body":{"quantity":20},"session_user_id":10}
[2026-05-07 18:27:02] DEBUG: Router: parsed {"method":"PUT","uri":"api\/cart\/item\/4","segments":["api","cart","item","4"]}
[2026-05-07 18:27:02] DEBUG: CartModel::updateItemQuantity {"customer_id":5,"cart_item_id":4,"new_quantity":20}
[2026-05-07 18:27:02] DEBUG: CartModel::getOrCreateCart {"customer_id":5}
[2026-05-07 18:27:02] DEBUG: CartModel::getOrCreateCart - Found existing cart {"cart_id":2}
[2026-05-07 18:27:02] DEBUG: CartModel::updateItemQuantity - Updated {"cart_item_id":4,"quantity":20}
[2026-05-07 18:27:02] DEBUG: CartModel::getCart {"customer_id":5}
[2026-05-07 18:27:02] DEBUG: CartModel::getOrCreateCart {"customer_id":5}
[2026-05-07 18:27:02] DEBUG: CartModel::getOrCreateCart - Found existing cart {"cart_id":2}
[2026-05-07 18:27:02] DEBUG: CartModel::getCart - Result {"cart_id":2,"item_count":1,"total":3600}
[2026-05-07 18:27:02] DEBUG: Incoming Request {"method":"PUT","uri":"\/ssms-backend\/public\/api\/cart\/item\/4","content_type":"application\/json","body_length":15,"parsed_body":{"quantity":19},"session_user_id":10}
[2026-05-07 18:27:02] DEBUG: Router: parsed {"method":"PUT","uri":"api\/cart\/item\/4","segments":["api","cart","item","4"]}
[2026-05-07 18:27:02] DEBUG: CartModel::updateItemQuantity {"customer_id":5,"cart_item_id":4,"new_quantity":19}
[2026-05-07 18:27:02] DEBUG: CartModel::getOrCreateCart {"customer_id":5}
[2026-05-07 18:27:02] DEBUG: CartModel::getOrCreateCart - Found existing cart {"cart_id":2}
[2026-05-07 18:27:02] DEBUG: CartModel::updateItemQuantity - Updated {"cart_item_id":4,"quantity":19}
[2026-05-07 18:27:02] DEBUG: CartModel::getCart {"customer_id":5}
[2026-05-07 18:27:02] DEBUG: CartModel::getOrCreateCart {"customer_id":5}
[2026-05-07 18:27:02] DEBUG: CartModel::getOrCreateCart - Found existing cart {"cart_id":2}
[2026-05-07 18:27:02] DEBUG: CartModel::getCart - Result {"cart_id":2,"item_count":1,"total":3420}
[2026-05-07 18:27:02] DEBUG: Incoming Request {"method":"PUT","uri":"\/ssms-backend\/public\/api\/cart\/item\/4","content_type":"application\/json","body_length":15,"parsed_body":{"quantity":18},"session_user_id":10}
[2026-05-07 18:27:02] DEBUG: Router: parsed {"method":"PUT","uri":"api\/cart\/item\/4","segments":["api","cart","item","4"]}
[2026-05-07 18:27:02] DEBUG: CartModel::updateItemQuantity {"customer_id":5,"cart_item_id":4,"new_quantity":18}
[2026-05-07 18:27:02] DEBUG: CartModel::getOrCreateCart {"customer_id":5}
[2026-05-07 18:27:02] DEBUG: CartModel::getOrCreateCart - Found existing cart {"cart_id":2}
[2026-05-07 18:27:02] DEBUG: CartModel::updateItemQuantity - Updated {"cart_item_id":4,"quantity":18}
[2026-05-07 18:27:02] DEBUG: CartModel::getCart {"customer_id":5}
[2026-05-07 18:27:02] DEBUG: CartModel::getOrCreateCart {"customer_id":5}
[2026-05-07 18:27:02] DEBUG: CartModel::getOrCreateCart - Found existing cart {"cart_id":2}
[2026-05-07 18:27:02] DEBUG: CartModel::getCart - Result {"cart_id":2,"item_count":1,"total":3240}
[2026-05-07 18:27:03] DEBUG: Incoming Request {"method":"PUT","uri":"\/ssms-backend\/public\/api\/cart\/item\/4","content_type":"application\/json","body_length":15,"parsed_body":{"quantity":17},"session_user_id":10}
[2026-05-07 18:27:03] DEBUG: Router: parsed {"method":"PUT","uri":"api\/cart\/item\/4","segments":["api","cart","item","4"]}
[2026-05-07 18:27:03] DEBUG: CartModel::updateItemQuantity {"customer_id":5,"cart_item_id":4,"new_quantity":17}
[2026-05-07 18:27:03] DEBUG: CartModel::getOrCreateCart {"customer_id":5}
[2026-05-07 18:27:03] DEBUG: CartModel::getOrCreateCart - Found existing cart {"cart_id":2}
[2026-05-07 18:27:03] DEBUG: CartModel::updateItemQuantity - Updated {"cart_item_id":4,"quantity":17}
[2026-05-07 18:27:03] DEBUG: CartModel::getCart {"customer_id":5}
[2026-05-07 18:27:03] DEBUG: CartModel::getOrCreateCart {"customer_id":5}
[2026-05-07 18:27:03] DEBUG: CartModel::getOrCreateCart - Found existing cart {"cart_id":2}
[2026-05-07 18:27:03] DEBUG: CartModel::getCart - Result {"cart_id":2,"item_count":1,"total":3060}
[2026-05-07 18:27:03] DEBUG: Incoming Request {"method":"PUT","uri":"\/ssms-backend\/public\/api\/cart\/item\/4","content_type":"application\/json","body_length":15,"parsed_body":{"quantity":16},"session_user_id":10}
[2026-05-07 18:27:03] DEBUG: Router: parsed {"method":"PUT","uri":"api\/cart\/item\/4","segments":["api","cart","item","4"]}
[2026-05-07 18:27:03] DEBUG: CartModel::updateItemQuantity {"customer_id":5,"cart_item_id":4,"new_quantity":16}
[2026-05-07 18:27:03] DEBUG: CartModel::getOrCreateCart {"customer_id":5}
[2026-05-07 18:27:03] DEBUG: CartModel::getOrCreateCart - Found existing cart {"cart_id":2}
[2026-05-07 18:27:03] DEBUG: CartModel::updateItemQuantity - Updated {"cart_item_id":4,"quantity":16}
[2026-05-07 18:27:03] DEBUG: CartModel::getCart {"customer_id":5}
[2026-05-07 18:27:03] DEBUG: CartModel::getOrCreateCart {"customer_id":5}
[2026-05-07 18:27:03] DEBUG: CartModel::getOrCreateCart - Found existing cart {"cart_id":2}
[2026-05-07 18:27:03] DEBUG: CartModel::getCart - Result {"cart_id":2,"item_count":1,"total":2880}
[2026-05-07 18:27:06] DEBUG: Incoming Request {"method":"DELETE","uri":"\/ssms-backend\/public\/api\/cart\/item\/4","content_type":"application\/json","body_length":0,"parsed_body":null,"session_user_id":10}
[2026-05-07 18:27:06] DEBUG: Router: parsed {"method":"DELETE","uri":"api\/cart\/item\/4","segments":["api","cart","item","4"]}
[2026-05-07 18:27:06] DEBUG: CartModel::removeItem {"customer_id":5,"cart_item_id":4}
[2026-05-07 18:27:06] DEBUG: CartModel::getOrCreateCart {"customer_id":5}
[2026-05-07 18:27:06] DEBUG: CartModel::getOrCreateCart - Found existing cart {"cart_id":2}
[2026-05-07 18:27:06] DEBUG: CartModel::removeItem - Deleted {"cart_item_id":4}
[2026-05-07 18:27:06] DEBUG: CartModel::getCart {"customer_id":5}
[2026-05-07 18:27:06] DEBUG: CartModel::getOrCreateCart {"customer_id":5}
[2026-05-07 18:27:06] DEBUG: CartModel::getOrCreateCart - Found existing cart {"cart_id":2}
[2026-05-07 18:27:06] DEBUG: CartModel::getCart - Result {"cart_id":2,"item_count":0,"total":0}
[2026-05-07 18:27:09] DEBUG: Incoming Request {"method":"GET","uri":"\/ssms-backend\/public\/api\/stones","content_type":"application\/json","body_length":0,"parsed_body":null,"session_user_id":10}
[2026-05-07 18:27:09] DEBUG: Router: parsed {"method":"GET","uri":"api\/stones","segments":["api","stones"]}
[2026-05-07 18:27:52] DEBUG: Incoming Request {"method":"GET","uri":"\/ssms-backend\/public\/api\/stones\/2","content_type":"application\/json","body_length":0,"parsed_body":null,"session_user_id":10}
[2026-05-07 18:27:52] DEBUG: Router: parsed {"method":"GET","uri":"api\/stones\/2","segments":["api","stones","2"]}
[2026-05-07 18:27:52] DEBUG: Incoming Request {"method":"GET","uri":"\/ssms-backend\/public\/api\/stones\/2\/reviews","content_type":"application\/json","body_length":0,"parsed_body":null,"session_user_id":10}
[2026-05-07 18:27:52] DEBUG: Router: parsed {"method":"GET","uri":"api\/stones\/2\/reviews","segments":["api","stones","2","reviews"]}
[2026-05-07 18:27:52] ERROR: Uncaught exception in router {"error":"round(): Passing null to parameter #1 ($num) of type int|float is deprecated","code":0,"file":"C:\\wamp64\\www\\ssms-backend\\models\\ReviewModel.php","line":87}
[2026-05-07 18:27:52] ERROR: API Error: SERVER_ERROR - Server error: round(): Passing null to parameter #1 ($num) of type int|float is deprecated {"status_code":500}
[2026-05-07 18:27:57] DEBUG: Incoming Request {"method":"POST","uri":"\/ssms-backend\/public\/api\/cart\/add","content_type":"application\/json","body_length":27,"parsed_body":{"stone_id":2,"quantity":1},"session_user_id":10}
[2026-05-07 18:27:57] DEBUG: Router: parsed {"method":"POST","uri":"api\/cart\/add","segments":["api","cart","add"]}
[2026-05-07 18:27:57] DEBUG: CartModel::addItem {"customer_id":5,"stone_id":2,"quantity":1}
[2026-05-07 18:27:57] DEBUG: CartModel::getOrCreateCart {"customer_id":5}
[2026-05-07 18:27:57] DEBUG: CartModel::getOrCreateCart - Found existing cart {"cart_id":2}
[2026-05-07 18:27:57] DEBUG: CartModel::addItem - Inserted new item {"cart_item_id":"5","unit_price":"180.00"}
[2026-05-07 18:27:57] DEBUG: CartModel::getCart {"customer_id":5}
[2026-05-07 18:27:57] DEBUG: CartModel::getOrCreateCart {"customer_id":5}
[2026-05-07 18:27:57] DEBUG: CartModel::getOrCreateCart - Found existing cart {"cart_id":2}
[2026-05-07 18:27:57] DEBUG: CartModel::getCart - Result {"cart_id":2,"item_count":1,"total":180}
[2026-05-07 18:27:57] DEBUG: Incoming Request {"method":"POST","uri":"\/ssms-backend\/public\/api\/cart\/add","content_type":"application\/json","body_length":27,"parsed_body":{"stone_id":2,"quantity":1},"session_user_id":10}
[2026-05-07 18:27:57] DEBUG: Router: parsed {"method":"POST","uri":"api\/cart\/add","segments":["api","cart","add"]}
[2026-05-07 18:27:57] DEBUG: CartModel::addItem {"customer_id":5,"stone_id":2,"quantity":1}
[2026-05-07 18:27:57] DEBUG: CartModel::getOrCreateCart {"customer_id":5}
[2026-05-07 18:27:57] DEBUG: CartModel::getOrCreateCart - Found existing cart {"cart_id":2}
[2026-05-07 18:27:57] DEBUG: CartModel::addItem - Updated existing item {"cart_item_id":5,"old_qty":1,"new_qty":2}
[2026-05-07 18:27:57] DEBUG: CartModel::getCart {"customer_id":5}
[2026-05-07 18:27:57] DEBUG: CartModel::getOrCreateCart {"customer_id":5}
[2026-05-07 18:27:57] DEBUG: CartModel::getOrCreateCart - Found existing cart {"cart_id":2}
[2026-05-07 18:27:57] DEBUG: CartModel::getCart - Result {"cart_id":2,"item_count":1,"total":360}
[2026-05-07 18:27:57] DEBUG: Incoming Request {"method":"POST","uri":"\/ssms-backend\/public\/api\/cart\/add","content_type":"application\/json","body_length":27,"parsed_body":{"stone_id":2,"quantity":1},"session_user_id":10}
[2026-05-07 18:27:57] DEBUG: Router: parsed {"method":"POST","uri":"api\/cart\/add","segments":["api","cart","add"]}
[2026-05-07 18:27:57] DEBUG: CartModel::addItem {"customer_id":5,"stone_id":2,"quantity":1}
[2026-05-07 18:27:57] DEBUG: CartModel::getOrCreateCart {"customer_id":5}
[2026-05-07 18:27:57] DEBUG: CartModel::getOrCreateCart - Found existing cart {"cart_id":2}
[2026-05-07 18:27:57] DEBUG: CartModel::addItem - Updated existing item {"cart_item_id":5,"old_qty":2,"new_qty":3}
[2026-05-07 18:27:57] DEBUG: CartModel::getCart {"customer_id":5}
[2026-05-07 18:27:57] DEBUG: CartModel::getOrCreateCart {"customer_id":5}
[2026-05-07 18:27:57] DEBUG: CartModel::getOrCreateCart - Found existing cart {"cart_id":2}
[2026-05-07 18:27:57] DEBUG: CartModel::getCart - Result {"cart_id":2,"item_count":1,"total":540}
[2026-05-07 18:27:57] DEBUG: Incoming Request {"method":"POST","uri":"\/ssms-backend\/public\/api\/cart\/add","content_type":"application\/json","body_length":27,"parsed_body":{"stone_id":2,"quantity":1},"session_user_id":10}
[2026-05-07 18:27:57] DEBUG: Router: parsed {"method":"POST","uri":"api\/cart\/add","segments":["api","cart","add"]}
[2026-05-07 18:27:57] DEBUG: CartModel::addItem {"customer_id":5,"stone_id":2,"quantity":1}
[2026-05-07 18:27:57] DEBUG: CartModel::getOrCreateCart {"customer_id":5}
[2026-05-07 18:27:57] DEBUG: CartModel::getOrCreateCart - Found existing cart {"cart_id":2}
[2026-05-07 18:27:57] DEBUG: CartModel::addItem - Updated existing item {"cart_item_id":5,"old_qty":3,"new_qty":4}
[2026-05-07 18:27:57] DEBUG: CartModel::getCart {"customer_id":5}
[2026-05-07 18:27:57] DEBUG: CartModel::getOrCreateCart {"customer_id":5}
[2026-05-07 18:27:57] DEBUG: CartModel::getOrCreateCart - Found existing cart {"cart_id":2}
[2026-05-07 18:27:57] DEBUG: CartModel::getCart - Result {"cart_id":2,"item_count":1,"total":720}
[2026-05-07 18:30:25] DEBUG: Incoming Request {"method":"POST","uri":"\/ssms-backend\/public\/api\/auth\/login","content_type":"application\/json","body_length":52,"parsed_body":{"username":"qa_customer_tmp","password":"***REDACTED***"},"session_user_id":null}
[2026-05-07 18:30:25] DEBUG: Router: parsed {"method":"POST","uri":"api\/auth\/login","segments":["api","auth","login"]}
[2026-05-07 18:30:31] DEBUG: Incoming Request {"method":"GET","uri":"\/ssms-backend\/public\/api\/stones","content_type":"application\/json","body_length":0,"parsed_body":null,"session_user_id":10}
[2026-05-07 18:30:31] DEBUG: Router: parsed {"method":"GET","uri":"api\/stones","segments":["api","stones"]}
[2026-05-07 18:30:37] DEBUG: Incoming Request {"method":"GET","uri":"\/ssms-backend\/public\/api\/stones\/4","content_type":"application\/json","body_length":0,"parsed_body":null,"session_user_id":10}
[2026-05-07 18:30:37] DEBUG: Router: parsed {"method":"GET","uri":"api\/stones\/4","segments":["api","stones","4"]}
[2026-05-07 18:30:37] DEBUG: Incoming Request {"method":"GET","uri":"\/ssms-backend\/public\/api\/stones\/4\/reviews","content_type":"application\/json","body_length":0,"parsed_body":null,"session_user_id":10}
[2026-05-07 18:30:37] DEBUG: Router: parsed {"method":"GET","uri":"api\/stones\/4\/reviews","segments":["api","stones","4","reviews"]}
[2026-05-07 18:30:37] ERROR: Uncaught exception in router {"error":"round(): Passing null to parameter #1 ($num) of type int|float is deprecated","code":0,"file":"C:\\wamp64\\www\\ssms-backend\\models\\ReviewModel.php","line":87}
[2026-05-07 18:30:37] ERROR: API Error: SERVER_ERROR - Server error: round(): Passing null to parameter #1 ($num) of type int|float is deprecated {"status_code":500}
[2026-05-07 18:30:43] DEBUG: Incoming Request {"method":"POST","uri":"\/ssms-backend\/public\/api\/cart\/add","content_type":"application\/json","body_length":27,"parsed_body":{"stone_id":4,"quantity":1},"session_user_id":10}
[2026-05-07 18:30:43] DEBUG: Router: parsed {"method":"POST","uri":"api\/cart\/add","segments":["api","cart","add"]}
[2026-05-07 18:30:43] DEBUG: CartModel::addItem {"customer_id":5,"stone_id":4,"quantity":1}
[2026-05-07 18:30:43] DEBUG: CartModel::getOrCreateCart {"customer_id":5}
[2026-05-07 18:30:43] DEBUG: CartModel::getOrCreateCart - Found existing cart {"cart_id":2}
[2026-05-07 18:30:43] DEBUG: CartModel::addItem - Inserted new item {"cart_item_id":"6","unit_price":"180.00"}
[2026-05-07 18:30:43] DEBUG: CartModel::getCart {"customer_id":5}
[2026-05-07 18:30:43] DEBUG: CartModel::getOrCreateCart {"customer_id":5}
[2026-05-07 18:30:43] DEBUG: CartModel::getOrCreateCart - Found existing cart {"cart_id":2}
[2026-05-07 18:30:43] DEBUG: CartModel::getCart - Result {"cart_id":2,"item_count":2,"total":900}
[2026-05-07 18:30:54] DEBUG: Incoming Request {"method":"GET","uri":"\/ssms-backend\/public\/api\/cart","content_type":"application\/json","body_length":0,"parsed_body":null,"session_user_id":10}
[2026-05-07 18:30:54] DEBUG: Router: parsed {"method":"GET","uri":"api\/cart","segments":["api","cart"]}
[2026-05-07 18:30:54] DEBUG: CartModel::getCart {"customer_id":5}
[2026-05-07 18:30:54] DEBUG: CartModel::getOrCreateCart {"customer_id":5}
[2026-05-07 18:30:54] DEBUG: CartModel::getOrCreateCart - Found existing cart {"cart_id":2}
[2026-05-07 18:30:54] DEBUG: CartModel::getCart - Result {"cart_id":2,"item_count":2,"total":900}
[2026-05-07 18:33:10] DEBUG: Incoming Request {"method":"POST","uri":"\/ssms-backend\/public\/api\/auth\/login","content_type":"application\/json","body_length":52,"parsed_body":{"username":"qa_customer_tmp","password":"***REDACTED***"},"session_user_id":10}
[2026-05-07 18:33:10] DEBUG: Router: parsed {"method":"POST","uri":"api\/auth\/login","segments":["api","auth","login"]}
[2026-05-07 18:33:12] DEBUG: Incoming Request {"method":"GET","uri":"\/ssms-backend\/public\/api\/stones","content_type":"application\/json","body_length":0,"parsed_body":null,"session_user_id":10}
[2026-05-07 18:33:12] DEBUG: Router: parsed {"method":"GET","uri":"api\/stones","segments":["api","stones"]}
[2026-05-07 18:33:16] DEBUG: Incoming Request {"method":"GET","uri":"\/ssms-backend\/public\/api\/stones\/4","content_type":"application\/json","body_length":0,"parsed_body":null,"session_user_id":10}
[2026-05-07 18:33:16] DEBUG: Router: parsed {"method":"GET","uri":"api\/stones\/4","segments":["api","stones","4"]}
[2026-05-07 18:33:16] DEBUG: Incoming Request {"method":"GET","uri":"\/ssms-backend\/public\/api\/stones\/4\/reviews","content_type":"application\/json","body_length":0,"parsed_body":null,"session_user_id":10}
[2026-05-07 18:33:16] DEBUG: Router: parsed {"method":"GET","uri":"api\/stones\/4\/reviews","segments":["api","stones","4","reviews"]}
[2026-05-07 18:33:16] ERROR: Uncaught exception in router {"error":"round(): Passing null to parameter #1 ($num) of type int|float is deprecated","code":0,"file":"C:\\wamp64\\www\\ssms-backend\\models\\ReviewModel.php","line":87}
[2026-05-07 18:33:16] ERROR: API Error: SERVER_ERROR - Server error: round(): Passing null to parameter #1 ($num) of type int|float is deprecated {"status_code":500}
[2026-05-07 18:33:17] DEBUG: Incoming Request {"method":"POST","uri":"\/ssms-backend\/public\/api\/cart\/add","content_type":"application\/json","body_length":27,"parsed_body":{"stone_id":4,"quantity":1},"session_user_id":10}
[2026-05-07 18:33:17] DEBUG: Router: parsed {"method":"POST","uri":"api\/cart\/add","segments":["api","cart","add"]}
[2026-05-07 18:33:17] DEBUG: CartModel::addItem {"customer_id":5,"stone_id":4,"quantity":1}
[2026-05-07 18:33:17] DEBUG: CartModel::getOrCreateCart {"customer_id":5}
[2026-05-07 18:33:17] DEBUG: CartModel::getOrCreateCart - Found existing cart {"cart_id":2}
[2026-05-07 18:33:17] DEBUG: CartModel::addItem - Updated existing item {"cart_item_id":6,"old_qty":1,"new_qty":2}
[2026-05-07 18:33:17] DEBUG: CartModel::getCart {"customer_id":5}
[2026-05-07 18:33:17] DEBUG: CartModel::getOrCreateCart {"customer_id":5}
[2026-05-07 18:33:17] DEBUG: CartModel::getOrCreateCart - Found existing cart {"cart_id":2}
[2026-05-07 18:33:17] DEBUG: CartModel::getCart - Result {"cart_id":2,"item_count":2,"total":1080}
[2026-05-07 18:33:19] DEBUG: Incoming Request {"method":"POST","uri":"\/ssms-backend\/public\/api\/cart\/add","content_type":"application\/json","body_length":27,"parsed_body":{"stone_id":4,"quantity":3},"session_user_id":10}
[2026-05-07 18:33:19] DEBUG: Router: parsed {"method":"POST","uri":"api\/cart\/add","segments":["api","cart","add"]}
[2026-05-07 18:33:19] DEBUG: CartModel::addItem {"customer_id":5,"stone_id":4,"quantity":3}
[2026-05-07 18:33:19] DEBUG: CartModel::getOrCreateCart {"customer_id":5}
[2026-05-07 18:33:19] DEBUG: CartModel::getOrCreateCart - Found existing cart {"cart_id":2}
[2026-05-07 18:33:19] DEBUG: CartModel::addItem - Updated existing item {"cart_item_id":6,"old_qty":2,"new_qty":5}
[2026-05-07 18:33:19] DEBUG: CartModel::getCart {"customer_id":5}
[2026-05-07 18:33:19] DEBUG: CartModel::getOrCreateCart {"customer_id":5}
[2026-05-07 18:33:19] DEBUG: CartModel::getOrCreateCart - Found existing cart {"cart_id":2}
[2026-05-07 18:33:19] DEBUG: CartModel::getCart - Result {"cart_id":2,"item_count":2,"total":1620}
[2026-05-07 18:33:33] DEBUG: Incoming Request {"method":"GET","uri":"\/ssms-backend\/public\/api\/stones","content_type":"application\/json","body_length":0,"parsed_body":null,"session_user_id":10}
[2026-05-07 18:33:33] DEBUG: Router: parsed {"method":"GET","uri":"api\/stones","segments":["api","stones"]}
[2026-05-07 18:33:34] DEBUG: Incoming Request {"method":"GET","uri":"\/ssms-backend\/public\/api\/stones","content_type":"application\/json","body_length":0,"parsed_body":null,"session_user_id":10}
[2026-05-07 18:33:34] DEBUG: Router: parsed {"method":"GET","uri":"api\/stones","segments":["api","stones"]}
[2026-05-07 18:33:43] DEBUG: Incoming Request {"method":"GET","uri":"\/ssms-backend\/public\/api\/stones","content_type":"application\/json","body_length":0,"parsed_body":null,"session_user_id":10}
[2026-05-07 18:33:43] DEBUG: Router: parsed {"method":"GET","uri":"api\/stones","segments":["api","stones"]}
[2026-05-07 18:33:44] DEBUG: Incoming Request {"method":"GET","uri":"\/ssms-backend\/public\/api\/stones","content_type":"application\/json","body_length":0,"parsed_body":null,"session_user_id":10}
[2026-05-07 18:33:44] DEBUG: Router: parsed {"method":"GET","uri":"api\/stones","segments":["api","stones"]}
[2026-05-07 18:33:46] DEBUG: Incoming Request {"method":"GET","uri":"\/ssms-backend\/public\/api\/stones","content_type":"application\/json","body_length":0,"parsed_body":null,"session_user_id":10}
[2026-05-07 18:33:46] DEBUG: Router: parsed {"method":"GET","uri":"api\/stones","segments":["api","stones"]}
[2026-05-07 18:37:06] DEBUG: Incoming Request {"method":"POST","uri":"\/ssms-backend\/public\/api\/auth\/login","content_type":"application\/json","body_length":53,"parsed_body":{"username":"aq_customer_tmp","password":"***REDACTED***"},"session_user_id":null}
[2026-05-07 18:37:06] DEBUG: Router: parsed {"method":"POST","uri":"api\/auth\/login","segments":["api","auth","login"]}
[2026-05-07 18:37:06] ERROR: API Error: VALIDATION_ERROR - Invalid username or password {"status_code":400}
[2026-05-07 18:37:11] DEBUG: Incoming Request {"method":"POST","uri":"\/ssms-backend\/public\/api\/auth\/login","content_type":"application\/json","body_length":53,"parsed_body":{"username":"qa_customer_tmp","password":"***REDACTED***"},"session_user_id":null}
[2026-05-07 18:37:11] DEBUG: Router: parsed {"method":"POST","uri":"api\/auth\/login","segments":["api","auth","login"]}
[2026-05-07 18:37:12] ERROR: API Error: VALIDATION_ERROR - Invalid username or password {"status_code":400}
[2026-05-07 18:37:37] DEBUG: Incoming Request {"method":"POST","uri":"\/ssms-backend\/public\/api\/auth\/login","content_type":"application\/json","body_length":50,"parsed_body":{"username":"qa_admin_tmp","password":"***REDACTED***"},"session_user_id":null}
[2026-05-07 18:37:37] DEBUG: Router: parsed {"method":"POST","uri":"api\/auth\/login","segments":["api","auth","login"]}
[2026-05-07 18:37:37] ERROR: API Error: VALIDATION_ERROR - Invalid username or password {"status_code":400}
[2026-05-07 18:37:49] DEBUG: Incoming Request {"method":"POST","uri":"\/ssms-backend\/public\/api\/auth\/login","content_type":"application\/json","body_length":52,"parsed_body":{"username":"qa_customer_tmp","password":"***REDACTED***"},"session_user_id":null}
[2026-05-07 18:37:49] DEBUG: Router: parsed {"method":"POST","uri":"api\/auth\/login","segments":["api","auth","login"]}
[2026-05-07 18:37:54] DEBUG: Incoming Request {"method":"GET","uri":"\/ssms-backend\/public\/api\/cart","content_type":"application\/json","body_length":0,"parsed_body":null,"session_user_id":10}
[2026-05-07 18:37:54] DEBUG: Router: parsed {"method":"GET","uri":"api\/cart","segments":["api","cart"]}
[2026-05-07 18:37:54] DEBUG: CartModel::getCart {"customer_id":5}
[2026-05-07 18:37:54] DEBUG: CartModel::getOrCreateCart {"customer_id":5}
[2026-05-07 18:37:54] DEBUG: CartModel::getOrCreateCart - Found existing cart {"cart_id":2}
[2026-05-07 18:37:54] DEBUG: CartModel::getCart - Result {"cart_id":2,"item_count":2,"total":1620}
[2026-05-07 18:37:57] DEBUG: Incoming Request {"method":"PUT","uri":"\/ssms-backend\/public\/api\/cart\/item\/6","content_type":"application\/json","body_length":14,"parsed_body":{"quantity":6},"session_user_id":10}
[2026-05-07 18:37:57] DEBUG: Router: parsed {"method":"PUT","uri":"api\/cart\/item\/6","segments":["api","cart","item","6"]}
[2026-05-07 18:37:57] DEBUG: CartModel::updateItemQuantity {"customer_id":5,"cart_item_id":6,"new_quantity":6}
[2026-05-07 18:37:57] DEBUG: CartModel::getOrCreateCart {"customer_id":5}
[2026-05-07 18:37:57] DEBUG: CartModel::getOrCreateCart - Found existing cart {"cart_id":2}
[2026-05-07 18:37:57] DEBUG: CartModel::updateItemQuantity - Updated {"cart_item_id":6,"quantity":6}
[2026-05-07 18:37:57] DEBUG: CartModel::getCart {"customer_id":5}
[2026-05-07 18:37:57] DEBUG: CartModel::getOrCreateCart {"customer_id":5}
[2026-05-07 18:37:57] DEBUG: CartModel::getOrCreateCart - Found existing cart {"cart_id":2}
[2026-05-07 18:37:57] DEBUG: CartModel::getCart - Result {"cart_id":2,"item_count":2,"total":1800}
[2026-05-07 18:37:58] DEBUG: Incoming Request {"method":"PUT","uri":"\/ssms-backend\/public\/api\/cart\/item\/6","content_type":"application\/json","body_length":14,"parsed_body":{"quantity":7},"session_user_id":10}
[2026-05-07 18:37:58] DEBUG: Router: parsed {"method":"PUT","uri":"api\/cart\/item\/6","segments":["api","cart","item","6"]}
[2026-05-07 18:37:58] DEBUG: CartModel::updateItemQuantity {"customer_id":5,"cart_item_id":6,"new_quantity":7}
[2026-05-07 18:37:58] DEBUG: CartModel::getOrCreateCart {"customer_id":5}
[2026-05-07 18:37:58] DEBUG: CartModel::getOrCreateCart - Found existing cart {"cart_id":2}
[2026-05-07 18:37:58] DEBUG: CartModel::updateItemQuantity - Updated {"cart_item_id":6,"quantity":7}
[2026-05-07 18:37:58] DEBUG: CartModel::getCart {"customer_id":5}
[2026-05-07 18:37:58] DEBUG: CartModel::getOrCreateCart {"customer_id":5}
[2026-05-07 18:37:58] DEBUG: CartModel::getOrCreateCart - Found existing cart {"cart_id":2}
[2026-05-07 18:37:58] DEBUG: CartModel::getCart - Result {"cart_id":2,"item_count":2,"total":1980}
[2026-05-07 18:37:58] DEBUG: Incoming Request {"method":"PUT","uri":"\/ssms-backend\/public\/api\/cart\/item\/6","content_type":"application\/json","body_length":14,"parsed_body":{"quantity":8},"session_user_id":10}
[2026-05-07 18:37:58] DEBUG: Router: parsed {"method":"PUT","uri":"api\/cart\/item\/6","segments":["api","cart","item","6"]}
[2026-05-07 18:37:58] DEBUG: CartModel::updateItemQuantity {"customer_id":5,"cart_item_id":6,"new_quantity":8}
[2026-05-07 18:37:58] DEBUG: CartModel::getOrCreateCart {"customer_id":5}
[2026-05-07 18:37:58] DEBUG: CartModel::getOrCreateCart - Found existing cart {"cart_id":2}
[2026-05-07 18:37:58] DEBUG: CartModel::updateItemQuantity - Updated {"cart_item_id":6,"quantity":8}
[2026-05-07 18:37:58] DEBUG: CartModel::getCart {"customer_id":5}
[2026-05-07 18:37:58] DEBUG: CartModel::getOrCreateCart {"customer_id":5}
[2026-05-07 18:37:58] DEBUG: CartModel::getOrCreateCart - Found existing cart {"cart_id":2}
[2026-05-07 18:37:58] DEBUG: CartModel::getCart - Result {"cart_id":2,"item_count":2,"total":2160}
[2026-05-07 18:37:58] DEBUG: Incoming Request {"method":"PUT","uri":"\/ssms-backend\/public\/api\/cart\/item\/6","content_type":"application\/json","body_length":14,"parsed_body":{"quantity":9},"session_user_id":10}
[2026-05-07 18:37:58] DEBUG: Router: parsed {"method":"PUT","uri":"api\/cart\/item\/6","segments":["api","cart","item","6"]}
[2026-05-07 18:37:58] DEBUG: CartModel::updateItemQuantity {"customer_id":5,"cart_item_id":6,"new_quantity":9}
[2026-05-07 18:37:58] DEBUG: CartModel::getOrCreateCart {"customer_id":5}
[2026-05-07 18:37:58] DEBUG: CartModel::getOrCreateCart - Found existing cart {"cart_id":2}
[2026-05-07 18:37:58] DEBUG: CartModel::updateItemQuantity - Updated {"cart_item_id":6,"quantity":9}
[2026-05-07 18:37:58] DEBUG: CartModel::getCart {"customer_id":5}
[2026-05-07 18:37:58] DEBUG: CartModel::getOrCreateCart {"customer_id":5}
[2026-05-07 18:37:58] DEBUG: CartModel::getOrCreateCart - Found existing cart {"cart_id":2}
[2026-05-07 18:37:58] DEBUG: CartModel::getCart - Result {"cart_id":2,"item_count":2,"total":2340}
[2026-05-07 18:38:00] DEBUG: Incoming Request {"method":"PUT","uri":"\/ssms-backend\/public\/api\/cart\/item\/5","content_type":"application\/json","body_length":14,"parsed_body":{"quantity":3},"session_user_id":10}
[2026-05-07 18:38:00] DEBUG: Router: parsed {"method":"PUT","uri":"api\/cart\/item\/5","segments":["api","cart","item","5"]}
[2026-05-07 18:38:00] DEBUG: CartModel::updateItemQuantity {"customer_id":5,"cart_item_id":5,"new_quantity":3}
[2026-05-07 18:38:00] DEBUG: CartModel::getOrCreateCart {"customer_id":5}
[2026-05-07 18:38:00] DEBUG: CartModel::getOrCreateCart - Found existing cart {"cart_id":2}
[2026-05-07 18:38:00] DEBUG: CartModel::updateItemQuantity - Updated {"cart_item_id":5,"quantity":3}
[2026-05-07 18:38:00] DEBUG: CartModel::getCart {"customer_id":5}
[2026-05-07 18:38:00] DEBUG: CartModel::getOrCreateCart {"customer_id":5}
[2026-05-07 18:38:00] DEBUG: CartModel::getOrCreateCart - Found existing cart {"cart_id":2}
[2026-05-07 18:38:00] DEBUG: CartModel::getCart - Result {"cart_id":2,"item_count":2,"total":2160}
[2026-05-07 18:38:00] DEBUG: Incoming Request {"method":"PUT","uri":"\/ssms-backend\/public\/api\/cart\/item\/5","content_type":"application\/json","body_length":14,"parsed_body":{"quantity":4},"session_user_id":10}
[2026-05-07 18:38:00] DEBUG: Router: parsed {"method":"PUT","uri":"api\/cart\/item\/5","segments":["api","cart","item","5"]}
[2026-05-07 18:38:00] DEBUG: CartModel::updateItemQuantity {"customer_id":5,"cart_item_id":5,"new_quantity":4}
[2026-05-07 18:38:00] DEBUG: CartModel::getOrCreateCart {"customer_id":5}
[2026-05-07 18:38:00] DEBUG: CartModel::getOrCreateCart - Found existing cart {"cart_id":2}
[2026-05-07 18:38:00] DEBUG: CartModel::updateItemQuantity - Updated {"cart_item_id":5,"quantity":4}
[2026-05-07 18:38:00] DEBUG: CartModel::getCart {"customer_id":5}
[2026-05-07 18:38:00] DEBUG: CartModel::getOrCreateCart {"customer_id":5}
[2026-05-07 18:38:00] DEBUG: CartModel::getOrCreateCart - Found existing cart {"cart_id":2}
[2026-05-07 18:38:00] DEBUG: CartModel::getCart - Result {"cart_id":2,"item_count":2,"total":2340}
[2026-05-07 18:38:01] DEBUG: Incoming Request {"method":"PUT","uri":"\/ssms-backend\/public\/api\/cart\/item\/5","content_type":"application\/json","body_length":14,"parsed_body":{"quantity":3},"session_user_id":10}
[2026-05-07 18:38:01] DEBUG: Router: parsed {"method":"PUT","uri":"api\/cart\/item\/5","segments":["api","cart","item","5"]}
[2026-05-07 18:38:01] DEBUG: CartModel::updateItemQuantity {"customer_id":5,"cart_item_id":5,"new_quantity":3}
[2026-05-07 18:38:01] DEBUG: CartModel::getOrCreateCart {"customer_id":5}
[2026-05-07 18:38:01] DEBUG: CartModel::getOrCreateCart - Found existing cart {"cart_id":2}
[2026-05-07 18:38:01] DEBUG: CartModel::updateItemQuantity - Updated {"cart_item_id":5,"quantity":3}
[2026-05-07 18:38:01] DEBUG: CartModel::getCart {"customer_id":5}
[2026-05-07 18:38:01] DEBUG: CartModel::getOrCreateCart {"customer_id":5}
[2026-05-07 18:38:01] DEBUG: CartModel::getOrCreateCart - Found existing cart {"cart_id":2}
[2026-05-07 18:38:01] DEBUG: CartModel::getCart - Result {"cart_id":2,"item_count":2,"total":2160}
[2026-05-07 18:38:16] DEBUG: Incoming Request {"method":"GET","uri":"\/ssms-backend\/public\/api\/cart","content_type":"application\/json","body_length":0,"parsed_body":null,"session_user_id":10}
[2026-05-07 18:38:16] DEBUG: Router: parsed {"method":"GET","uri":"api\/cart","segments":["api","cart"]}
[2026-05-07 18:38:16] DEBUG: CartModel::getCart {"customer_id":5}
[2026-05-07 18:38:16] DEBUG: CartModel::getOrCreateCart {"customer_id":5}
[2026-05-07 18:38:16] DEBUG: CartModel::getOrCreateCart - Found existing cart {"cart_id":2}
[2026-05-07 18:38:16] DEBUG: CartModel::getCart - Result {"cart_id":2,"item_count":2,"total":2160}
[2026-05-07 18:38:22] DEBUG: Incoming Request {"method":"GET","uri":"\/ssms-backend\/public\/api\/stones","content_type":"application\/json","body_length":0,"parsed_body":null,"session_user_id":10}
[2026-05-07 18:38:22] DEBUG: Router: parsed {"method":"GET","uri":"api\/stones","segments":["api","stones"]}
[2026-05-07 18:38:23] DEBUG: Incoming Request {"method":"GET","uri":"\/ssms-backend\/public\/api\/stones","content_type":"application\/json","body_length":0,"parsed_body":null,"session_user_id":10}
[2026-05-07 18:38:23] DEBUG: Router: parsed {"method":"GET","uri":"api\/stones","segments":["api","stones"]}
[2026-05-07 18:46:49] DEBUG: Incoming Request {"method":"GET","uri":"\/ssms-backend\/public\/api\/stones","content_type":"application\/json","body_length":0,"parsed_body":null,"session_user_id":10}
[2026-05-07 18:46:49] DEBUG: Router: parsed {"method":"GET","uri":"api\/stones","segments":["api","stones"]}
[2026-05-07 18:48:00] DEBUG: Incoming Request {"method":"GET","uri":"\/ssms-backend\/public\/api\/stones","content_type":"","body_length":0,"parsed_body":null,"session_user_id":null}
[2026-05-07 18:48:00] DEBUG: Router: parsed {"method":"GET","uri":"api\/stones","segments":["api","stones"]}
[2026-05-07 18:48:07] DEBUG: Incoming Request {"method":"GET","uri":"\/ssms-backend\/public\/api\/stones","content_type":"application\/json","body_length":0,"parsed_body":null,"session_user_id":10}
[2026-05-07 18:48:07] DEBUG: Router: parsed {"method":"GET","uri":"api\/stones","segments":["api","stones"]}
[2026-05-07 18:49:57] DEBUG: Incoming Request {"method":"GET","uri":"\/ssms-backend\/public\/api\/stones","content_type":"application\/json","body_length":0,"parsed_body":null,"session_user_id":10}
[2026-05-07 18:49:57] DEBUG: Router: parsed {"method":"GET","uri":"api\/stones","segments":["api","stones"]}
[2026-05-07 18:58:48] DEBUG: Incoming Request {"method":"GET","uri":"\/ssms-backend\/public\/api\/stones","content_type":"application\/json","body_length":0,"parsed_body":null,"session_user_id":10}
[2026-05-07 18:58:48] DEBUG: Router: parsed {"method":"GET","uri":"api\/stones","segments":["api","stones"]}
[2026-05-07 18:58:48] DEBUG: Incoming Request {"method":"GET","uri":"\/ssms-backend\/public\/api\/stones","content_type":"application\/json","body_length":0,"parsed_body":null,"session_user_id":10}
[2026-05-07 18:58:48] DEBUG: Router: parsed {"method":"GET","uri":"api\/stones","segments":["api","stones"]}
[2026-05-07 18:58:48] DEBUG: Incoming Request {"method":"GET","uri":"\/ssms-backend\/public\/api\/stones","content_type":"application\/json","body_length":0,"parsed_body":null,"session_user_id":10}
[2026-05-07 18:58:48] DEBUG: Router: parsed {"method":"GET","uri":"api\/stones","segments":["api","stones"]}
[2026-05-07 18:59:07] DEBUG: Incoming Request {"method":"GET","uri":"\/ssms-backend\/public\/api\/stones","content_type":"application\/json","body_length":0,"parsed_body":null,"session_user_id":10}
[2026-05-07 18:59:07] DEBUG: Router: parsed {"method":"GET","uri":"api\/stones","segments":["api","stones"]}
[2026-05-08 19:12:04] DEBUG: Incoming Request {"method":"POST","uri":"\/ssms-backend\/public\/api\/auth\/login","content_type":"application\/json","body_length":52,"parsed_body":{"username":"qa_customer_tmp","password":"***REDACTED***"},"session_user_id":null}
[2026-05-08 19:12:04] DEBUG: Router: parsed {"method":"POST","uri":"api\/auth\/login","segments":["api","auth","login"]}
[2026-05-08 19:12:07] DEBUG: Incoming Request {"method":"GET","uri":"\/ssms-backend\/public\/api\/stones","content_type":"application\/json","body_length":0,"parsed_body":null,"session_user_id":10}
[2026-05-08 19:12:07] DEBUG: Router: parsed {"method":"GET","uri":"api\/stones","segments":["api","stones"]}
[2026-05-08 19:12:09] DEBUG: Incoming Request {"method":"GET","uri":"\/ssms-backend\/public\/api\/stones\/7","content_type":"application\/json","body_length":0,"parsed_body":null,"session_user_id":10}
[2026-05-08 19:12:09] DEBUG: Router: parsed {"method":"GET","uri":"api\/stones\/7","segments":["api","stones","7"]}
[2026-05-08 19:12:09] DEBUG: Incoming Request {"method":"GET","uri":"\/ssms-backend\/public\/api\/stones\/7\/reviews","content_type":"application\/json","body_length":0,"parsed_body":null,"session_user_id":10}
[2026-05-08 19:12:09] DEBUG: Router: parsed {"method":"GET","uri":"api\/stones\/7\/reviews","segments":["api","stones","7","reviews"]}
[2026-05-08 19:12:09] ERROR: Uncaught exception in router {"error":"round(): Passing null to parameter #1 ($num) of type int|float is deprecated","code":0,"file":"C:\\wamp64\\www\\ssms-backend\\models\\ReviewModel.php","line":87}
[2026-05-08 19:12:09] ERROR: API Error: SERVER_ERROR - Server error: round(): Passing null to parameter #1 ($num) of type int|float is deprecated {"status_code":500}
[2026-05-08 19:12:12] DEBUG: Incoming Request {"method":"POST","uri":"\/ssms-backend\/public\/api\/cart\/add","content_type":"application\/json","body_length":27,"parsed_body":{"stone_id":7,"quantity":5},"session_user_id":10}
[2026-05-08 19:12:12] DEBUG: Router: parsed {"method":"POST","uri":"api\/cart\/add","segments":["api","cart","add"]}
[2026-05-08 19:12:12] DEBUG: CartModel::addItem {"customer_id":5,"stone_id":7,"quantity":5}
[2026-05-08 19:12:12] DEBUG: CartModel::getOrCreateCart {"customer_id":5}
[2026-05-08 19:12:12] DEBUG: CartModel::getOrCreateCart - Found existing cart {"cart_id":2}
[2026-05-08 19:12:12] DEBUG: CartModel::addItem - Inserted new item {"cart_item_id":"7","unit_price":"145.00"}
[2026-05-08 19:12:12] DEBUG: CartModel::getCart {"customer_id":5}
[2026-05-08 19:12:12] DEBUG: CartModel::getOrCreateCart {"customer_id":5}
[2026-05-08 19:12:12] DEBUG: CartModel::getOrCreateCart - Found existing cart {"cart_id":2}
[2026-05-08 19:12:12] DEBUG: CartModel::getCart - Result {"cart_id":2,"item_count":3,"total":2885}
[2026-05-08 19:12:16] DEBUG: Incoming Request {"method":"GET","uri":"\/ssms-backend\/public\/api\/cart","content_type":"application\/json","body_length":0,"parsed_body":null,"session_user_id":10}
[2026-05-08 19:12:16] DEBUG: Router: parsed {"method":"GET","uri":"api\/cart","segments":["api","cart"]}
[2026-05-08 19:12:16] DEBUG: CartModel::getCart {"customer_id":5}
[2026-05-08 19:12:16] DEBUG: CartModel::getOrCreateCart {"customer_id":5}
[2026-05-08 19:12:16] DEBUG: CartModel::getOrCreateCart - Found existing cart {"cart_id":2}
[2026-05-08 19:12:16] DEBUG: CartModel::getCart - Result {"cart_id":2,"item_count":3,"total":2885}
[2026-05-08 19:12:26] DEBUG: Incoming Request {"method":"GET","uri":"\/ssms-backend\/public\/api\/stones","content_type":"application\/json","body_length":0,"parsed_body":null,"session_user_id":10}
[2026-05-08 19:12:26] DEBUG: Router: parsed {"method":"GET","uri":"api\/stones","segments":["api","stones"]}
[2026-05-08 19:12:27] DEBUG: Incoming Request {"method":"GET","uri":"\/ssms-backend\/public\/api\/cart","content_type":"application\/json","body_length":0,"parsed_body":null,"session_user_id":10}
[2026-05-08 19:12:27] DEBUG: Router: parsed {"method":"GET","uri":"api\/cart","segments":["api","cart"]}
[2026-05-08 19:12:27] DEBUG: CartModel::getCart {"customer_id":5}
[2026-05-08 19:12:27] DEBUG: CartModel::getOrCreateCart {"customer_id":5}
[2026-05-08 19:12:27] DEBUG: CartModel::getOrCreateCart - Found existing cart {"cart_id":2}
[2026-05-08 19:12:27] DEBUG: CartModel::getCart - Result {"cart_id":2,"item_count":3,"total":2885}
[2026-05-08 19:12:29] DEBUG: Incoming Request {"method":"GET","uri":"\/ssms-backend\/public\/api\/cart","content_type":"application\/json","body_length":0,"parsed_body":null,"session_user_id":10}
[2026-05-08 19:12:29] DEBUG: Router: parsed {"method":"GET","uri":"api\/cart","segments":["api","cart"]}
[2026-05-08 19:12:29] DEBUG: CartModel::getCart {"customer_id":5}
[2026-05-08 19:12:29] DEBUG: CartModel::getOrCreateCart {"customer_id":5}
[2026-05-08 19:12:29] DEBUG: CartModel::getOrCreateCart - Found existing cart {"cart_id":2}
[2026-05-08 19:12:29] DEBUG: CartModel::getCart - Result {"cart_id":2,"item_count":3,"total":2885}
[2026-05-08 19:12:41] DEBUG: Incoming Request {"method":"POST","uri":"\/ssms-backend\/public\/api\/checkout","content_type":"application\/json","body_length":0,"parsed_body":null,"session_user_id":10}
[2026-05-08 19:12:41] DEBUG: Router: parsed {"method":"POST","uri":"api\/checkout","segments":["api","checkout"]}
[2026-05-08 19:12:41] DEBUG: OrderController::checkout - Start {"customer_id":5}
[2026-05-08 19:12:41] DEBUG: CartModel::getCart {"customer_id":5}
[2026-05-08 19:12:41] DEBUG: CartModel::getOrCreateCart {"customer_id":5}
[2026-05-08 19:12:41] DEBUG: CartModel::getOrCreateCart - Found existing cart {"cart_id":2}
[2026-05-08 19:12:41] DEBUG: CartModel::getCart - Result {"cart_id":2,"item_count":3,"total":2885}
[2026-05-08 19:12:41] DEBUG: OrderModel::createOrder - Start {"customer_id":5,"cart_id":2,"cart_items_count":3}
[2026-05-08 19:12:41] DEBUG: OrderModel::createOrder - Transaction started 
[2026-05-08 19:12:41] DEBUG: OrderModel::createOrder - Total calculated {"total":2885}
[2026-05-08 19:12:41] DEBUG: OrderModel::createOrder - Order inserted {"order_id":"2"}
[2026-05-08 19:12:41] DEBUG: OrderModel::createOrder - Order detail inserted {"stone_id":7,"quantity":5,"unit_price":"145.00"}
[2026-05-08 19:12:41] DEBUG: OrderModel::createOrder - Order detail inserted {"stone_id":4,"quantity":9,"unit_price":"180.00"}
[2026-05-08 19:12:41] DEBUG: OrderModel::createOrder - Order detail inserted {"stone_id":2,"quantity":3,"unit_price":"180.00"}
[2026-05-08 19:12:41] DEBUG: OrderModel::createOrder - Cart cleared {"cart_id":2,"items_deleted":3}
[2026-05-08 19:12:41] DEBUG: OrderModel::createOrder - Transaction committed 
[2026-05-08 19:12:41] DEBUG: OrderController::checkout - Order created {"order_id":2}
[2026-05-08 19:12:43] DEBUG: Incoming Request {"method":"GET","uri":"\/ssms-backend\/public\/api\/orders\/2","content_type":"application\/json","body_length":0,"parsed_body":null,"session_user_id":10}
[2026-05-08 19:12:43] DEBUG: Router: parsed {"method":"GET","uri":"api\/orders\/2","segments":["api","orders","2"]}
[2026-05-08 19:13:24] DEBUG: Incoming Request {"method":"GET","uri":"\/ssms-backend\/public\/api\/orders","content_type":"application\/json","body_length":0,"parsed_body":null,"session_user_id":10}
[2026-05-08 19:13:24] DEBUG: Router: parsed {"method":"GET","uri":"api\/orders","segments":["api","orders"]}
[2026-05-08 19:14:02] DEBUG: Incoming Request {"method":"POST","uri":"\/ssms-backend\/public\/api\/auth\/login","content_type":"application\/json","body_length":49,"parsed_body":{"username":"qa_admin_tmp","password":"***REDACTED***"},"session_user_id":10}
[2026-05-08 19:14:02] DEBUG: Router: parsed {"method":"POST","uri":"api\/auth\/login","segments":["api","auth","login"]}
[2026-05-08 19:14:03] DEBUG: Incoming Request {"method":"GET","uri":"\/ssms-backend\/public\/api\/admin\/orders","content_type":"application\/json","body_length":0,"parsed_body":null,"session_user_id":8}
[2026-05-08 19:14:03] DEBUG: Router: parsed {"method":"GET","uri":"api\/admin\/orders","segments":["api","admin","orders"]}
[2026-05-08 19:14:03] DEBUG: Incoming Request {"method":"GET","uri":"\/ssms-backend\/public\/api\/stones","content_type":"application\/json","body_length":0,"parsed_body":null,"session_user_id":8}
[2026-05-08 19:14:03] DEBUG: Router: parsed {"method":"GET","uri":"api\/stones","segments":["api","stones"]}
[2026-05-08 19:14:03] DEBUG: Incoming Request {"method":"GET","uri":"\/ssms-backend\/public\/api\/admin\/requests","content_type":"application\/json","body_length":0,"parsed_body":null,"session_user_id":8}
[2026-05-08 19:14:03] DEBUG: Router: parsed {"method":"GET","uri":"api\/admin\/requests","segments":["api","admin","requests"]}
[2026-05-08 19:14:10] DEBUG: Incoming Request {"method":"GET","uri":"\/ssms-backend\/public\/api\/admin\/orders","content_type":"application\/json","body_length":0,"parsed_body":null,"session_user_id":8}
[2026-05-08 19:14:10] DEBUG: Router: parsed {"method":"GET","uri":"api\/admin\/orders","segments":["api","admin","orders"]}
[2026-05-08 19:14:10] DEBUG: Incoming Request {"method":"GET","uri":"\/ssms-backend\/public\/api\/orders\/2","content_type":"application\/json","body_length":0,"parsed_body":null,"session_user_id":8}
[2026-05-08 19:14:10] DEBUG: Router: parsed {"method":"GET","uri":"api\/orders\/2","segments":["api","orders","2"]}
[2026-05-08 19:14:39] DEBUG: Incoming Request {"method":"PUT","uri":"\/ssms-backend\/public\/api\/admin\/orders\/2\/status","content_type":"application\/json","body_length":21,"parsed_body":{"status":"Assigned"},"session_user_id":8}
[2026-05-08 19:14:39] DEBUG: Router: parsed {"method":"PUT","uri":"api\/admin\/orders\/2\/status","segments":["api","admin","orders","2","status"]}
[2026-05-08 19:14:39] DEBUG: OrderModel::updateStatus - Start {"order_id":2,"new_status":"Assigned","user_id":8}
[2026-05-08 19:14:39] DEBUG: OrderModel::updateStatus - Transaction started 
[2026-05-08 19:14:39] DEBUG: OrderModel::updateStatus - Fetching current order status 
[2026-05-08 19:14:39] DEBUG: OrderModel::updateStatus - Status change {"from":"Pending","to":"Assigned"}
[2026-05-08 19:14:39] DEBUG: OrderModel::updateStatus - Updating order_status column 
[2026-05-08 19:14:39] ERROR: OrderModel::updateStatus - Error {"error":"SQLSTATE[HY000]: General error: 1442 Can't update table 'orders' in stored function\/trigger because it is already used by statement which invoked this stored function\/trigger.","code":"HY000"}
[2026-05-08 19:14:39] ERROR: API Error: SERVER_ERROR - Failed to update status {"status_code":500}
[2026-05-08 19:14:53] DEBUG: Incoming Request {"method":"PUT","uri":"\/ssms-backend\/public\/api\/admin\/orders\/2\/status","content_type":"application\/json","body_length":21,"parsed_body":{"status":"Assigned"},"session_user_id":8}
[2026-05-08 19:14:53] DEBUG: Router: parsed {"method":"PUT","uri":"api\/admin\/orders\/2\/status","segments":["api","admin","orders","2","status"]}
[2026-05-08 19:14:53] DEBUG: OrderModel::updateStatus - Start {"order_id":2,"new_status":"Assigned","user_id":8}
[2026-05-08 19:14:53] DEBUG: OrderModel::updateStatus - Transaction started 
[2026-05-08 19:14:53] DEBUG: OrderModel::updateStatus - Fetching current order status 
[2026-05-08 19:14:53] DEBUG: OrderModel::updateStatus - Status change {"from":"Pending","to":"Assigned"}
[2026-05-08 19:14:53] DEBUG: OrderModel::updateStatus - Updating order_status column 
[2026-05-08 19:14:53] ERROR: OrderModel::updateStatus - Error {"error":"SQLSTATE[HY000]: General error: 1442 Can't update table 'orders' in stored function\/trigger because it is already used by statement which invoked this stored function\/trigger.","code":"HY000"}
[2026-05-08 19:14:53] ERROR: API Error: SERVER_ERROR - Failed to update status {"status_code":500}
[2026-05-08 19:21:37] DEBUG: Incoming Request {"method":"GET","uri":"\/ssms-backend\/public\/api\/admin\/orders","content_type":"application\/json","body_length":0,"parsed_body":null,"session_user_id":8}
[2026-05-08 19:21:37] DEBUG: Router: parsed {"method":"GET","uri":"api\/admin\/orders","segments":["api","admin","orders"]}
[2026-05-08 19:21:37] DEBUG: Incoming Request {"method":"GET","uri":"\/ssms-backend\/public\/api\/orders\/2","content_type":"application\/json","body_length":0,"parsed_body":null,"session_user_id":8}
[2026-05-08 19:21:37] DEBUG: Router: parsed {"method":"GET","uri":"api\/orders\/2","segments":["api","orders","2"]}
[2026-05-08 19:22:00] DEBUG: Incoming Request {"method":"GET","uri":"\/ssms-backend\/public\/api\/admin\/orders","content_type":"application\/json","body_length":0,"parsed_body":null,"session_user_id":8}
[2026-05-08 19:22:00] DEBUG: Router: parsed {"method":"GET","uri":"api\/admin\/orders","segments":["api","admin","orders"]}
[2026-05-08 19:22:00] DEBUG: Incoming Request {"method":"GET","uri":"\/ssms-backend\/public\/api\/orders\/2","content_type":"application\/json","body_length":0,"parsed_body":null,"session_user_id":8}
[2026-05-08 19:22:00] DEBUG: Router: parsed {"method":"GET","uri":"api\/orders\/2","segments":["api","orders","2"]}
[2026-05-08 19:22:00] DEBUG: Incoming Request {"method":"GET","uri":"\/ssms-backend\/public\/api\/admin\/orders","content_type":"application\/json","body_length":0,"parsed_body":null,"session_user_id":8}
[2026-05-08 19:22:00] DEBUG: Router: parsed {"method":"GET","uri":"api\/admin\/orders","segments":["api","admin","orders"]}
[2026-05-08 19:22:00] DEBUG: Incoming Request {"method":"GET","uri":"\/ssms-backend\/public\/api\/orders\/2","content_type":"application\/json","body_length":0,"parsed_body":null,"session_user_id":8}
[2026-05-08 19:22:00] DEBUG: Router: parsed {"method":"GET","uri":"api\/orders\/2","segments":["api","orders","2"]}
[2026-05-08 19:22:01] DEBUG: Incoming Request {"method":"GET","uri":"\/ssms-backend\/public\/api\/admin\/orders","content_type":"application\/json","body_length":0,"parsed_body":null,"session_user_id":8}
[2026-05-08 19:22:01] DEBUG: Router: parsed {"method":"GET","uri":"api\/admin\/orders","segments":["api","admin","orders"]}
[2026-05-08 19:22:01] DEBUG: Incoming Request {"method":"GET","uri":"\/ssms-backend\/public\/api\/orders\/2","content_type":"application\/json","body_length":0,"parsed_body":null,"session_user_id":8}
[2026-05-08 19:22:01] DEBUG: Router: parsed {"method":"GET","uri":"api\/orders\/2","segments":["api","orders","2"]}
[2026-05-08 19:22:01] DEBUG: Incoming Request {"method":"GET","uri":"\/ssms-backend\/public\/api\/admin\/orders","content_type":"application\/json","body_length":0,"parsed_body":null,"session_user_id":8}
[2026-05-08 19:22:01] DEBUG: Router: parsed {"method":"GET","uri":"api\/admin\/orders","segments":["api","admin","orders"]}
[2026-05-08 19:22:01] DEBUG: Incoming Request {"method":"GET","uri":"\/ssms-backend\/public\/api\/orders\/2","content_type":"application\/json","body_length":0,"parsed_body":null,"session_user_id":8}
[2026-05-08 19:22:01] DEBUG: Router: parsed {"method":"GET","uri":"api\/orders\/2","segments":["api","orders","2"]}
[2026-05-08 19:22:01] DEBUG: Incoming Request {"method":"GET","uri":"\/ssms-backend\/public\/api\/admin\/orders","content_type":"application\/json","body_length":0,"parsed_body":null,"session_user_id":8}
[2026-05-08 19:22:01] DEBUG: Router: parsed {"method":"GET","uri":"api\/admin\/orders","segments":["api","admin","orders"]}
[2026-05-08 19:22:01] DEBUG: Incoming Request {"method":"GET","uri":"\/ssms-backend\/public\/api\/orders\/2","content_type":"application\/json","body_length":0,"parsed_body":null,"session_user_id":8}
[2026-05-08 19:22:01] DEBUG: Router: parsed {"method":"GET","uri":"api\/orders\/2","segments":["api","orders","2"]}
[2026-05-08 19:22:02] DEBUG: Incoming Request {"method":"GET","uri":"\/ssms-backend\/public\/api\/admin\/orders","content_type":"application\/json","body_length":0,"parsed_body":null,"session_user_id":8}
[2026-05-08 19:22:02] DEBUG: Router: parsed {"method":"GET","uri":"api\/admin\/orders","segments":["api","admin","orders"]}
[2026-05-08 19:22:02] DEBUG: Incoming Request {"method":"GET","uri":"\/ssms-backend\/public\/api\/orders\/2","content_type":"application\/json","body_length":0,"parsed_body":null,"session_user_id":8}
[2026-05-08 19:22:02] DEBUG: Router: parsed {"method":"GET","uri":"api\/orders\/2","segments":["api","orders","2"]}
[2026-05-08 19:22:02] DEBUG: Incoming Request {"method":"GET","uri":"\/ssms-backend\/public\/api\/admin\/orders","content_type":"application\/json","body_length":0,"parsed_body":null,"session_user_id":8}
[2026-05-08 19:22:02] DEBUG: Router: parsed {"method":"GET","uri":"api\/admin\/orders","segments":["api","admin","orders"]}
[2026-05-08 19:22:02] DEBUG: Incoming Request {"method":"GET","uri":"\/ssms-backend\/public\/api\/orders\/2","content_type":"application\/json","body_length":0,"parsed_body":null,"session_user_id":8}
[2026-05-08 19:22:02] DEBUG: Router: parsed {"method":"GET","uri":"api\/orders\/2","segments":["api","orders","2"]}
[2026-05-08 19:22:02] DEBUG: Incoming Request {"method":"GET","uri":"\/ssms-backend\/public\/api\/admin\/orders","content_type":"application\/json","body_length":0,"parsed_body":null,"session_user_id":8}
[2026-05-08 19:22:02] DEBUG: Router: parsed {"method":"GET","uri":"api\/admin\/orders","segments":["api","admin","orders"]}
[2026-05-08 19:22:02] DEBUG: Incoming Request {"method":"GET","uri":"\/ssms-backend\/public\/api\/orders\/2","content_type":"application\/json","body_length":0,"parsed_body":null,"session_user_id":8}
[2026-05-08 19:22:02] DEBUG: Router: parsed {"method":"GET","uri":"api\/orders\/2","segments":["api","orders","2"]}
[2026-05-08 19:22:02] DEBUG: Incoming Request {"method":"GET","uri":"\/ssms-backend\/public\/api\/admin\/orders","content_type":"application\/json","body_length":0,"parsed_body":null,"session_user_id":8}
[2026-05-08 19:22:02] DEBUG: Router: parsed {"method":"GET","uri":"api\/admin\/orders","segments":["api","admin","orders"]}
[2026-05-08 19:22:02] DEBUG: Incoming Request {"method":"GET","uri":"\/ssms-backend\/public\/api\/orders\/2","content_type":"application\/json","body_length":0,"parsed_body":null,"session_user_id":8}
[2026-05-08 19:22:02] DEBUG: Router: parsed {"method":"GET","uri":"api\/orders\/2","segments":["api","orders","2"]}
[2026-05-08 19:22:02] DEBUG: Incoming Request {"method":"GET","uri":"\/ssms-backend\/public\/api\/admin\/orders","content_type":"application\/json","body_length":0,"parsed_body":null,"session_user_id":8}
[2026-05-08 19:22:02] DEBUG: Router: parsed {"method":"GET","uri":"api\/admin\/orders","segments":["api","admin","orders"]}
[2026-05-08 19:22:02] DEBUG: Incoming Request {"method":"GET","uri":"\/ssms-backend\/public\/api\/orders\/2","content_type":"application\/json","body_length":0,"parsed_body":null,"session_user_id":8}
[2026-05-08 19:22:02] DEBUG: Router: parsed {"method":"GET","uri":"api\/orders\/2","segments":["api","orders","2"]}
[2026-05-08 19:22:02] DEBUG: Incoming Request {"method":"GET","uri":"\/ssms-backend\/public\/api\/admin\/orders","content_type":"application\/json","body_length":0,"parsed_body":null,"session_user_id":8}
[2026-05-08 19:22:02] DEBUG: Router: parsed {"method":"GET","uri":"api\/admin\/orders","segments":["api","admin","orders"]}
[2026-05-08 19:22:03] DEBUG: Incoming Request {"method":"GET","uri":"\/ssms-backend\/public\/api\/orders\/2","content_type":"application\/json","body_length":0,"parsed_body":null,"session_user_id":8}
[2026-05-08 19:22:03] DEBUG: Router: parsed {"method":"GET","uri":"api\/orders\/2","segments":["api","orders","2"]}
[2026-05-08 19:22:04] DEBUG: Incoming Request {"method":"GET","uri":"\/ssms-backend\/public\/api\/stones","content_type":"application\/json","body_length":0,"parsed_body":null,"session_user_id":8}
[2026-05-08 19:22:04] DEBUG: Router: parsed {"method":"GET","uri":"api\/stones","segments":["api","stones"]}
[2026-05-08 19:22:04] DEBUG: Incoming Request {"method":"GET","uri":"\/ssms-backend\/public\/api\/admin\/orders","content_type":"application\/json","body_length":0,"parsed_body":null,"session_user_id":8}
[2026-05-08 19:22:04] DEBUG: Router: parsed {"method":"GET","uri":"api\/admin\/orders","segments":["api","admin","orders"]}
[2026-05-08 19:22:04] DEBUG: Incoming Request {"method":"GET","uri":"\/ssms-backend\/public\/api\/stones","content_type":"application\/json","body_length":0,"parsed_body":null,"session_user_id":8}
[2026-05-08 19:22:04] DEBUG: Router: parsed {"method":"GET","uri":"api\/stones","segments":["api","stones"]}
[2026-05-08 19:22:04] DEBUG: Incoming Request {"method":"GET","uri":"\/ssms-backend\/public\/api\/admin\/requests","content_type":"application\/json","body_length":0,"parsed_body":null,"session_user_id":8}
[2026-05-08 19:22:04] DEBUG: Router: parsed {"method":"GET","uri":"api\/admin\/requests","segments":["api","admin","requests"]}
[2026-05-08 19:22:06] DEBUG: Incoming Request {"method":"GET","uri":"\/ssms-backend\/public\/api\/stones","content_type":"application\/json","body_length":0,"parsed_body":null,"session_user_id":8}
[2026-05-08 19:22:06] DEBUG: Router: parsed {"method":"GET","uri":"api\/stones","segments":["api","stones"]}
[2026-05-08 19:22:07] DEBUG: Incoming Request {"method":"GET","uri":"\/ssms-backend\/public\/api\/admin\/orders","content_type":"application\/json","body_length":0,"parsed_body":null,"session_user_id":8}
[2026-05-08 19:22:07] DEBUG: Router: parsed {"method":"GET","uri":"api\/admin\/orders","segments":["api","admin","orders"]}
[2026-05-08 19:22:07] DEBUG: Incoming Request {"method":"GET","uri":"\/ssms-backend\/public\/api\/stones","content_type":"application\/json","body_length":0,"parsed_body":null,"session_user_id":8}
[2026-05-08 19:22:07] DEBUG: Router: parsed {"method":"GET","uri":"api\/stones","segments":["api","stones"]}
[2026-05-08 19:22:07] DEBUG: Incoming Request {"method":"GET","uri":"\/ssms-backend\/public\/api\/admin\/requests","content_type":"application\/json","body_length":0,"parsed_body":null,"session_user_id":8}
[2026-05-08 19:22:07] DEBUG: Router: parsed {"method":"GET","uri":"api\/admin\/requests","segments":["api","admin","requests"]}
[2026-05-08 19:22:09] DEBUG: Incoming Request {"method":"GET","uri":"\/ssms-backend\/public\/api\/admin\/orders","content_type":"application\/json","body_length":0,"parsed_body":null,"session_user_id":8}
[2026-05-08 19:22:09] DEBUG: Router: parsed {"method":"GET","uri":"api\/admin\/orders","segments":["api","admin","orders"]}
[2026-05-08 19:22:09] DEBUG: Incoming Request {"method":"GET","uri":"\/ssms-backend\/public\/api\/orders\/2","content_type":"application\/json","body_length":0,"parsed_body":null,"session_user_id":8}
[2026-05-08 19:22:09] DEBUG: Router: parsed {"method":"GET","uri":"api\/orders\/2","segments":["api","orders","2"]}
[2026-05-08 19:23:54] DEBUG: Incoming Request {"method":"POST","uri":"\/ssms-backend\/public\/api\/auth\/login","content_type":"application\/json","body_length":49,"parsed_body":{"username":"qa_admin_tmp","password":"***REDACTED***"},"session_user_id":null}
[2026-05-08 19:23:54] DEBUG: Router: parsed {"method":"POST","uri":"api\/auth\/login","segments":["api","auth","login"]}
[2026-05-08 19:23:55] DEBUG: Incoming Request {"method":"GET","uri":"\/ssms-backend\/public\/api\/stones","content_type":"application\/json","body_length":0,"parsed_body":null,"session_user_id":8}
[2026-05-08 19:23:55] DEBUG: Router: parsed {"method":"GET","uri":"api\/stones","segments":["api","stones"]}
[2026-05-08 19:23:55] DEBUG: Incoming Request {"method":"GET","uri":"\/ssms-backend\/public\/api\/admin\/orders","content_type":"application\/json","body_length":0,"parsed_body":null,"session_user_id":8}
[2026-05-08 19:23:55] DEBUG: Router: parsed {"method":"GET","uri":"api\/admin\/orders","segments":["api","admin","orders"]}
[2026-05-08 19:23:55] DEBUG: Incoming Request {"method":"GET","uri":"\/ssms-backend\/public\/api\/admin\/requests","content_type":"application\/json","body_length":0,"parsed_body":null,"session_user_id":8}
[2026-05-08 19:23:55] DEBUG: Router: parsed {"method":"GET","uri":"api\/admin\/requests","segments":["api","admin","requests"]}
[2026-05-08 19:23:59] DEBUG: Incoming Request {"method":"GET","uri":"\/ssms-backend\/public\/api\/admin\/orders","content_type":"application\/json","body_length":0,"parsed_body":null,"session_user_id":8}
[2026-05-08 19:23:59] DEBUG: Router: parsed {"method":"GET","uri":"api\/admin\/orders","segments":["api","admin","orders"]}
[2026-05-08 19:23:59] DEBUG: Incoming Request {"method":"GET","uri":"\/ssms-backend\/public\/api\/admin\/users?role=Employee&status=Active","content_type":"application\/json","body_length":0,"parsed_body":null,"session_user_id":8}
[2026-05-08 19:23:59] DEBUG: Router: parsed {"method":"GET","uri":"api\/admin\/users","segments":["api","admin","users"]}
[2026-05-08 19:23:59] DEBUG: Incoming Request {"method":"GET","uri":"\/ssms-backend\/public\/api\/orders\/2","content_type":"application\/json","body_length":0,"parsed_body":null,"session_user_id":8}
[2026-05-08 19:23:59] DEBUG: Router: parsed {"method":"GET","uri":"api\/orders\/2","segments":["api","orders","2"]}
[2026-05-08 19:24:29] DEBUG: Incoming Request {"method":"POST","uri":"\/ssms-backend\/public\/api\/auth\/login","content_type":"application\/json","body_length":49,"parsed_body":{"username":"qa_admin_tmp","password":"***REDACTED***"},"session_user_id":8}
[2026-05-08 19:24:29] DEBUG: Router: parsed {"method":"POST","uri":"api\/auth\/login","segments":["api","auth","login"]}
[2026-05-08 19:24:29] DEBUG: Incoming Request {"method":"GET","uri":"\/ssms-backend\/public\/api\/admin\/orders","content_type":"application\/json","body_length":0,"parsed_body":null,"session_user_id":8}
[2026-05-08 19:24:29] DEBUG: Router: parsed {"method":"GET","uri":"api\/admin\/orders","segments":["api","admin","orders"]}
[2026-05-08 19:24:29] DEBUG: Incoming Request {"method":"GET","uri":"\/ssms-backend\/public\/api\/stones","content_type":"application\/json","body_length":0,"parsed_body":null,"session_user_id":8}
[2026-05-08 19:24:29] DEBUG: Router: parsed {"method":"GET","uri":"api\/stones","segments":["api","stones"]}
[2026-05-08 19:24:29] DEBUG: Incoming Request {"method":"GET","uri":"\/ssms-backend\/public\/api\/admin\/requests","content_type":"application\/json","body_length":0,"parsed_body":null,"session_user_id":8}
[2026-05-08 19:24:29] DEBUG: Router: parsed {"method":"GET","uri":"api\/admin\/requests","segments":["api","admin","requests"]}
[2026-05-08 19:24:31] DEBUG: Incoming Request {"method":"GET","uri":"\/ssms-backend\/public\/api\/admin\/orders","content_type":"application\/json","body_length":0,"parsed_body":null,"session_user_id":8}
[2026-05-08 19:24:31] DEBUG: Router: parsed {"method":"GET","uri":"api\/admin\/orders","segments":["api","admin","orders"]}
[2026-05-08 19:24:31] DEBUG: Incoming Request {"method":"GET","uri":"\/ssms-backend\/public\/api\/orders\/2","content_type":"application\/json","body_length":0,"parsed_body":null,"session_user_id":8}
[2026-05-08 19:24:31] DEBUG: Router: parsed {"method":"GET","uri":"api\/orders\/2","segments":["api","orders","2"]}
[2026-05-08 19:26:01] DEBUG: Incoming Request {"method":"GET","uri":"\/ssms-backend\/public\/api\/admin\/orders","content_type":"application\/json","body_length":0,"parsed_body":null,"session_user_id":8}
[2026-05-08 19:26:01] DEBUG: Router: parsed {"method":"GET","uri":"api\/admin\/orders","segments":["api","admin","orders"]}
[2026-05-08 19:26:01] DEBUG: Incoming Request {"method":"GET","uri":"\/ssms-backend\/public\/api\/admin\/users?role=Employee&status=Active","content_type":"application\/json","body_length":0,"parsed_body":null,"session_user_id":8}
[2026-05-08 19:26:01] DEBUG: Router: parsed {"method":"GET","uri":"api\/admin\/users","segments":["api","admin","users"]}
[2026-05-08 19:26:01] DEBUG: Incoming Request {"method":"GET","uri":"\/ssms-backend\/public\/api\/orders\/2","content_type":"application\/json","body_length":0,"parsed_body":null,"session_user_id":8}
[2026-05-08 19:26:01] DEBUG: Router: parsed {"method":"GET","uri":"api\/orders\/2","segments":["api","orders","2"]}
[2026-05-08 19:26:11] DEBUG: Incoming Request {"method":"PUT","uri":"\/ssms-backend\/public\/api\/admin\/orders\/2\/assign","content_type":"application\/json","body_length":19,"parsed_body":{"employee_id":"3"},"session_user_id":8}
[2026-05-08 19:26:11] DEBUG: Router: parsed {"method":"PUT","uri":"api\/admin\/orders\/2\/assign","segments":["api","admin","orders","2","assign"]}
[2026-05-08 19:26:11] ERROR: Database error in router {"error":"SQLSTATE[HY000]: General error: 1442 Can't update table 'orders' in stored function\/trigger because it is already used by statement which invoked this stored function\/trigger.","code":"HY000","file":"C:\\wamp64\\www\\ssms-backend\\models\\OrderModel.php","line":328}
[2026-05-08 19:26:11] ERROR: API Error: SERVER_ERROR - Database error: SQLSTATE[HY000]: General error: 1442 Can't update table 'orders' in stored function/trigger because it is already used by statement which invoked this stored function/trigger. {"status_code":500}
[2026-05-08 19:26:17] DEBUG: Incoming Request {"method":"PUT","uri":"\/ssms-backend\/public\/api\/admin\/orders\/2\/assign","content_type":"application\/json","body_length":19,"parsed_body":{"employee_id":"3"},"session_user_id":8}
[2026-05-08 19:26:17] DEBUG: Router: parsed {"method":"PUT","uri":"api\/admin\/orders\/2\/assign","segments":["api","admin","orders","2","assign"]}
[2026-05-08 19:26:17] ERROR: Database error in router {"error":"SQLSTATE[HY000]: General error: 1442 Can't update table 'orders' in stored function\/trigger because it is already used by statement which invoked this stored function\/trigger.","code":"HY000","file":"C:\\wamp64\\www\\ssms-backend\\models\\OrderModel.php","line":328}
[2026-05-08 19:26:17] ERROR: API Error: SERVER_ERROR - Database error: SQLSTATE[HY000]: General error: 1442 Can't update table 'orders' in stored function/trigger because it is already used by statement which invoked this stored function/trigger. {"status_code":500}
[2026-05-08 19:30:03] DEBUG: Incoming Request {"method":"GET","uri":"\/ssms-backend\/public\/api\/admin\/orders","content_type":"application\/json","body_length":0,"parsed_body":null,"session_user_id":8}
[2026-05-08 19:30:03] DEBUG: Router: parsed {"method":"GET","uri":"api\/admin\/orders","segments":["api","admin","orders"]}
[2026-05-08 19:30:03] DEBUG: Incoming Request {"method":"GET","uri":"\/ssms-backend\/public\/api\/admin\/users?role=Employee&status=Active","content_type":"application\/json","body_length":0,"parsed_body":null,"session_user_id":8}
[2026-05-08 19:30:03] DEBUG: Router: parsed {"method":"GET","uri":"api\/admin\/users","segments":["api","admin","users"]}
[2026-05-08 19:30:03] DEBUG: Incoming Request {"method":"GET","uri":"\/ssms-backend\/public\/api\/orders\/2","content_type":"application\/json","body_length":0,"parsed_body":null,"session_user_id":8}
[2026-05-08 19:30:03] DEBUG: Router: parsed {"method":"GET","uri":"api\/orders\/2","segments":["api","orders","2"]}
[2026-05-08 19:30:07] DEBUG: Incoming Request {"method":"PUT","uri":"\/ssms-backend\/public\/api\/admin\/orders\/2\/assign","content_type":"application\/json","body_length":19,"parsed_body":{"employee_id":"3"},"session_user_id":8}
[2026-05-08 19:30:07] DEBUG: Router: parsed {"method":"PUT","uri":"api\/admin\/orders\/2\/assign","segments":["api","admin","orders","2","assign"]}
[2026-05-08 19:30:07] DEBUG: Incoming Request {"method":"GET","uri":"\/ssms-backend\/public\/api\/admin\/orders","content_type":"application\/json","body_length":0,"parsed_body":null,"session_user_id":8}
[2026-05-08 19:30:07] DEBUG: Router: parsed {"method":"GET","uri":"api\/admin\/orders","segments":["api","admin","orders"]}
[2026-05-08 19:30:07] DEBUG: Incoming Request {"method":"GET","uri":"\/ssms-backend\/public\/api\/admin\/users?role=Employee&status=Active","content_type":"application\/json","body_length":0,"parsed_body":null,"session_user_id":8}
[2026-05-08 19:30:07] DEBUG: Router: parsed {"method":"GET","uri":"api\/admin\/users","segments":["api","admin","users"]}
[2026-05-08 19:30:07] DEBUG: Incoming Request {"method":"GET","uri":"\/ssms-backend\/public\/api\/orders\/2","content_type":"application\/json","body_length":0,"parsed_body":null,"session_user_id":8}
[2026-05-08 19:30:07] DEBUG: Router: parsed {"method":"GET","uri":"api\/orders\/2","segments":["api","orders","2"]}
[2026-05-08 19:30:27] DEBUG: Incoming Request {"method":"PUT","uri":"\/ssms-backend\/public\/api\/admin\/orders\/2\/status","content_type":"application\/json","body_length":21,"parsed_body":{"status":"Assigned"},"session_user_id":8}
[2026-05-08 19:30:27] DEBUG: Router: parsed {"method":"PUT","uri":"api\/admin\/orders\/2\/status","segments":["api","admin","orders","2","status"]}
[2026-05-08 19:30:27] DEBUG: OrderModel::updateStatus - Start {"order_id":2,"new_status":"Assigned","user_id":8}
[2026-05-08 19:30:27] DEBUG: OrderModel::updateStatus - Transaction started 
[2026-05-08 19:30:27] DEBUG: OrderModel::updateStatus - Fetching current order status 
[2026-05-08 19:30:27] DEBUG: OrderModel::updateStatus - Status change {"from":"Assigned","to":"Assigned"}
[2026-05-08 19:30:27] DEBUG: OrderModel::updateStatus - Updating order_status column 
[2026-05-08 19:30:27] DEBUG: OrderModel::updateStatus - Transaction committed 
[2026-05-08 19:30:27] DEBUG: Incoming Request {"method":"GET","uri":"\/ssms-backend\/public\/api\/admin\/orders","content_type":"application\/json","body_length":0,"parsed_body":null,"session_user_id":8}
[2026-05-08 19:30:27] DEBUG: Router: parsed {"method":"GET","uri":"api\/admin\/orders","segments":["api","admin","orders"]}
[2026-05-08 19:30:27] DEBUG: Incoming Request {"method":"GET","uri":"\/ssms-backend\/public\/api\/admin\/users?role=Employee&status=Active","content_type":"application\/json","body_length":0,"parsed_body":null,"session_user_id":8}
[2026-05-08 19:30:27] DEBUG: Router: parsed {"method":"GET","uri":"api\/admin\/users","segments":["api","admin","users"]}
[2026-05-08 19:30:27] DEBUG: Incoming Request {"method":"GET","uri":"\/ssms-backend\/public\/api\/orders\/2","content_type":"application\/json","body_length":0,"parsed_body":null,"session_user_id":8}
[2026-05-08 19:30:27] DEBUG: Router: parsed {"method":"GET","uri":"api\/orders\/2","segments":["api","orders","2"]}
[2026-05-08 19:30:41] DEBUG: Incoming Request {"method":"GET","uri":"\/ssms-backend\/public\/api\/orders","content_type":"application\/json","body_length":0,"parsed_body":null,"session_user_id":8}
[2026-05-08 19:30:41] DEBUG: Router: parsed {"method":"GET","uri":"api\/orders","segments":["api","orders"]}
[2026-05-08 19:30:41] ERROR: API Error: FORBIDDEN - Access denied {"status_code":403}
[2026-05-08 19:30:47] DEBUG: Incoming Request {"method":"GET","uri":"\/ssms-backend\/public\/api\/orders","content_type":"application\/json","body_length":0,"parsed_body":null,"session_user_id":8}
[2026-05-08 19:30:47] DEBUG: Router: parsed {"method":"GET","uri":"api\/orders","segments":["api","orders"]}
[2026-05-08 19:30:47] ERROR: API Error: FORBIDDEN - Access denied {"status_code":403}
[2026-05-08 19:30:54] DEBUG: Incoming Request {"method":"GET","uri":"\/ssms-backend\/public\/api\/orders","content_type":"application\/json","body_length":0,"parsed_body":null,"session_user_id":8}
[2026-05-08 19:30:54] DEBUG: Router: parsed {"method":"GET","uri":"api\/orders","segments":["api","orders"]}
[2026-05-08 19:30:54] ERROR: API Error: FORBIDDEN - Access denied {"status_code":403}
[2026-05-08 19:34:18] DEBUG: Incoming Request {"method":"POST","uri":"\/ssms-backend\/public\/api\/auth\/login","content_type":"application\/json","body_length":52,"parsed_body":{"username":"qa_customer_tmp","password":"***REDACTED***"},"session_user_id":8}
[2026-05-08 19:34:18] DEBUG: Router: parsed {"method":"POST","uri":"api\/auth\/login","segments":["api","auth","login"]}
[2026-05-08 19:34:34] DEBUG: Incoming Request {"method":"GET","uri":"\/ssms-backend\/public\/api\/stones","content_type":"application\/json","body_length":0,"parsed_body":null,"session_user_id":10}
[2026-05-08 19:34:34] DEBUG: Router: parsed {"method":"GET","uri":"api\/stones","segments":["api","stones"]}
[2026-05-08 19:34:35] DEBUG: Incoming Request {"method":"GET","uri":"\/ssms-backend\/public\/api\/stones\/7","content_type":"application\/json","body_length":0,"parsed_body":null,"session_user_id":10}
[2026-05-08 19:34:35] DEBUG: Router: parsed {"method":"GET","uri":"api\/stones\/7","segments":["api","stones","7"]}
[2026-05-08 19:34:35] DEBUG: Incoming Request {"method":"GET","uri":"\/ssms-backend\/public\/api\/stones\/7\/reviews","content_type":"application\/json","body_length":0,"parsed_body":null,"session_user_id":10}
[2026-05-08 19:34:35] DEBUG: Router: parsed {"method":"GET","uri":"api\/stones\/7\/reviews","segments":["api","stones","7","reviews"]}
[2026-05-08 19:34:35] ERROR: Uncaught exception in router {"error":"round(): Passing null to parameter #1 ($num) of type int|float is deprecated","code":0,"file":"C:\\wamp64\\www\\ssms-backend\\models\\ReviewModel.php","line":87}
[2026-05-08 19:34:35] ERROR: API Error: SERVER_ERROR - Server error: round(): Passing null to parameter #1 ($num) of type int|float is deprecated {"status_code":500}
[2026-05-08 19:34:36] DEBUG: Incoming Request {"method":"POST","uri":"\/ssms-backend\/public\/api\/cart\/add","content_type":"application\/json","body_length":27,"parsed_body":{"stone_id":7,"quantity":1},"session_user_id":10}
[2026-05-08 19:34:36] DEBUG: Router: parsed {"method":"POST","uri":"api\/cart\/add","segments":["api","cart","add"]}
[2026-05-08 19:34:36] DEBUG: CartModel::addItem {"customer_id":5,"stone_id":7,"quantity":1}
[2026-05-08 19:34:36] DEBUG: CartModel::getOrCreateCart {"customer_id":5}
[2026-05-08 19:34:36] DEBUG: CartModel::getOrCreateCart - Found existing cart {"cart_id":2}
[2026-05-08 19:34:36] DEBUG: CartModel::addItem - Inserted new item {"cart_item_id":"8","unit_price":"145.00"}
[2026-05-08 19:34:36] DEBUG: CartModel::getCart {"customer_id":5}
[2026-05-08 19:34:36] DEBUG: CartModel::getOrCreateCart {"customer_id":5}
[2026-05-08 19:34:36] DEBUG: CartModel::getOrCreateCart - Found existing cart {"cart_id":2}
[2026-05-08 19:34:36] DEBUG: CartModel::getCart - Result {"cart_id":2,"item_count":1,"total":145}
[2026-05-08 19:34:39] DEBUG: Incoming Request {"method":"GET","uri":"\/ssms-backend\/public\/api\/cart","content_type":"application\/json","body_length":0,"parsed_body":null,"session_user_id":10}
[2026-05-08 19:34:39] DEBUG: Router: parsed {"method":"GET","uri":"api\/cart","segments":["api","cart"]}
[2026-05-08 19:34:39] DEBUG: CartModel::getCart {"customer_id":5}
[2026-05-08 19:34:39] DEBUG: CartModel::getOrCreateCart {"customer_id":5}
[2026-05-08 19:34:39] DEBUG: CartModel::getOrCreateCart - Found existing cart {"cart_id":2}
[2026-05-08 19:34:39] DEBUG: CartModel::getCart - Result {"cart_id":2,"item_count":1,"total":145}
[2026-05-08 19:34:41] DEBUG: Incoming Request {"method":"GET","uri":"\/ssms-backend\/public\/api\/cart","content_type":"application\/json","body_length":0,"parsed_body":null,"session_user_id":10}
[2026-05-08 19:34:41] DEBUG: Router: parsed {"method":"GET","uri":"api\/cart","segments":["api","cart"]}
[2026-05-08 19:34:41] DEBUG: CartModel::getCart {"customer_id":5}
[2026-05-08 19:34:41] DEBUG: CartModel::getOrCreateCart {"customer_id":5}
[2026-05-08 19:34:41] DEBUG: CartModel::getOrCreateCart - Found existing cart {"cart_id":2}
[2026-05-08 19:34:41] DEBUG: CartModel::getCart - Result {"cart_id":2,"item_count":1,"total":145}
[2026-05-08 19:34:46] DEBUG: Incoming Request {"method":"POST","uri":"\/ssms-backend\/public\/api\/checkout","content_type":"application\/json","body_length":0,"parsed_body":null,"session_user_id":10}
[2026-05-08 19:34:46] DEBUG: Router: parsed {"method":"POST","uri":"api\/checkout","segments":["api","checkout"]}
[2026-05-08 19:34:46] DEBUG: OrderController::checkout - Start {"customer_id":5}
[2026-05-08 19:34:46] DEBUG: CartModel::getCart {"customer_id":5}
[2026-05-08 19:34:46] DEBUG: CartModel::getOrCreateCart {"customer_id":5}
[2026-05-08 19:34:46] DEBUG: CartModel::getOrCreateCart - Found existing cart {"cart_id":2}
[2026-05-08 19:34:46] DEBUG: CartModel::getCart - Result {"cart_id":2,"item_count":1,"total":145}
[2026-05-08 19:34:46] DEBUG: OrderModel::createOrder - Start {"customer_id":5,"cart_id":2,"cart_items_count":1}
[2026-05-08 19:34:46] DEBUG: OrderModel::createOrder - Transaction started 
[2026-05-08 19:34:46] DEBUG: OrderModel::createOrder - Total calculated {"total":145}
[2026-05-08 19:34:46] DEBUG: OrderModel::createOrder - Order inserted {"order_id":"3"}
[2026-05-08 19:34:46] DEBUG: OrderModel::createOrder - Order detail inserted {"stone_id":7,"quantity":1,"unit_price":"145.00"}
[2026-05-08 19:34:46] DEBUG: OrderModel::createOrder - Cart cleared {"cart_id":2,"items_deleted":1}
[2026-05-08 19:34:46] DEBUG: OrderModel::createOrder - Transaction committed 
[2026-05-08 19:34:46] DEBUG: OrderController::checkout - Order created {"order_id":3}
[2026-05-08 19:34:47] DEBUG: Incoming Request {"method":"GET","uri":"\/ssms-backend\/public\/api\/orders\/3","content_type":"application\/json","body_length":0,"parsed_body":null,"session_user_id":10}
[2026-05-08 19:34:47] DEBUG: Router: parsed {"method":"GET","uri":"api\/orders\/3","segments":["api","orders","3"]}
[2026-05-08 19:51:36] DEBUG: Incoming Request {"method":"POST","uri":"\/ssms-backend\/public\/api\/auth\/login","content_type":"application\/json","body_length":48,"parsed_body":{"username":"qa_admin_tmp","password":"***REDACTED***"},"session_user_id":10}
[2026-05-08 19:51:36] DEBUG: Router: parsed {"method":"POST","uri":"api\/auth\/login","segments":["api","auth","login"]}
[2026-05-08 19:51:36] ERROR: API Error: VALIDATION_ERROR - Invalid username or password {"status_code":400}
[2026-05-08 19:51:41] DEBUG: Incoming Request {"method":"POST","uri":"\/ssms-backend\/public\/api\/auth\/login","content_type":"application\/json","body_length":49,"parsed_body":{"username":"qa_admin_tmp","password":"***REDACTED***"},"session_user_id":10}
[2026-05-08 19:51:41] DEBUG: Router: parsed {"method":"POST","uri":"api\/auth\/login","segments":["api","auth","login"]}
[2026-05-08 19:51:41] DEBUG: Incoming Request {"method":"GET","uri":"\/ssms-backend\/public\/api\/admin\/orders","content_type":"application\/json","body_length":0,"parsed_body":null,"session_user_id":8}
[2026-05-08 19:51:41] DEBUG: Router: parsed {"method":"GET","uri":"api\/admin\/orders","segments":["api","admin","orders"]}
[2026-05-08 19:51:41] DEBUG: Incoming Request {"method":"GET","uri":"\/ssms-backend\/public\/api\/admin\/requests","content_type":"application\/json","body_length":0,"parsed_body":null,"session_user_id":8}
[2026-05-08 19:51:41] DEBUG: Router: parsed {"method":"GET","uri":"api\/admin\/requests","segments":["api","admin","requests"]}
[2026-05-08 19:51:41] DEBUG: Incoming Request {"method":"GET","uri":"\/ssms-backend\/public\/api\/stones","content_type":"application\/json","body_length":0,"parsed_body":null,"session_user_id":8}
[2026-05-08 19:51:41] DEBUG: Router: parsed {"method":"GET","uri":"api\/stones","segments":["api","stones"]}
[2026-05-08 19:51:55] DEBUG: Incoming Request {"method":"GET","uri":"\/ssms-backend\/public\/api\/admin\/orders","content_type":"application\/json","body_length":0,"parsed_body":null,"session_user_id":8}
[2026-05-08 19:51:55] DEBUG: Router: parsed {"method":"GET","uri":"api\/admin\/orders","segments":["api","admin","orders"]}
[2026-05-08 19:51:55] DEBUG: Incoming Request {"method":"GET","uri":"\/ssms-backend\/public\/api\/admin\/users?role=Employee&status=Active","content_type":"application\/json","body_length":0,"parsed_body":null,"session_user_id":8}
[2026-05-08 19:51:55] DEBUG: Router: parsed {"method":"GET","uri":"api\/admin\/users","segments":["api","admin","users"]}
[2026-05-08 19:51:55] DEBUG: Incoming Request {"method":"GET","uri":"\/ssms-backend\/public\/api\/orders\/3","content_type":"application\/json","body_length":0,"parsed_body":null,"session_user_id":8}
[2026-05-08 19:51:55] DEBUG: Router: parsed {"method":"GET","uri":"api\/orders\/3","segments":["api","orders","3"]}
[2026-05-08 19:52:05] DEBUG: Incoming Request {"method":"GET","uri":"\/ssms-backend\/public\/api\/orders\/3","content_type":"application\/json","body_length":0,"parsed_body":null,"session_user_id":8}
[2026-05-08 19:52:05] DEBUG: Router: parsed {"method":"GET","uri":"api\/orders\/3","segments":["api","orders","3"]}
[2026-05-08 19:52:05] DEBUG: Incoming Request {"method":"GET","uri":"\/ssms-backend\/public\/api\/orders\/3","content_type":"application\/json","body_length":0,"parsed_body":null,"session_user_id":8}
[2026-05-08 19:52:05] DEBUG: Router: parsed {"method":"GET","uri":"api\/orders\/3","segments":["api","orders","3"]}
[2026-05-08 19:52:07] DEBUG: Incoming Request {"method":"PUT","uri":"\/ssms-backend\/public\/api\/admin\/orders\/3\/status","content_type":"application\/json","body_length":22,"parsed_body":{"status":"Completed"},"session_user_id":8}
[2026-05-08 19:52:07] DEBUG: Router: parsed {"method":"PUT","uri":"api\/admin\/orders\/3\/status","segments":["api","admin","orders","3","status"]}
[2026-05-08 19:52:07] DEBUG: OrderModel::updateStatus - Start {"order_id":3,"new_status":"Completed","user_id":8}
[2026-05-08 19:52:07] DEBUG: OrderModel::updateStatus - Transaction started 
[2026-05-08 19:52:07] DEBUG: OrderModel::updateStatus - Fetching current order status 
[2026-05-08 19:52:07] DEBUG: OrderModel::updateStatus - Status change {"from":"Pending","to":"Completed"}
[2026-05-08 19:52:07] DEBUG: OrderModel::updateStatus - Updating order_status column 
[2026-05-08 19:52:07] DEBUG: OrderModel::updateStatus - Transaction committed 
[2026-05-08 19:52:07] DEBUG: Incoming Request {"method":"GET","uri":"\/ssms-backend\/public\/api\/admin\/orders","content_type":"application\/json","body_length":0,"parsed_body":null,"session_user_id":8}
[2026-05-08 19:52:07] DEBUG: Router: parsed {"method":"GET","uri":"api\/admin\/orders","segments":["api","admin","orders"]}
[2026-05-08 19:52:07] DEBUG: Incoming Request {"method":"GET","uri":"\/ssms-backend\/public\/api\/orders\/3","content_type":"application\/json","body_length":0,"parsed_body":null,"session_user_id":8}
[2026-05-08 19:52:07] DEBUG: Router: parsed {"method":"GET","uri":"api\/orders\/3","segments":["api","orders","3"]}
[2026-05-08 19:52:07] DEBUG: Incoming Request {"method":"GET","uri":"\/ssms-backend\/public\/api\/admin\/users?role=Employee&status=Active","content_type":"application\/json","body_length":0,"parsed_body":null,"session_user_id":8}
[2026-05-08 19:52:07] DEBUG: Router: parsed {"method":"GET","uri":"api\/admin\/users","segments":["api","admin","users"]}
[2026-05-08 19:52:10] DEBUG: Incoming Request {"method":"GET","uri":"\/ssms-backend\/public\/api\/orders\/3","content_type":"application\/json","body_length":0,"parsed_body":null,"session_user_id":8}
[2026-05-08 19:52:10] DEBUG: Router: parsed {"method":"GET","uri":"api\/orders\/3","segments":["api","orders","3"]}
[2026-05-08 19:52:11] DEBUG: Incoming Request {"method":"GET","uri":"\/ssms-backend\/public\/api\/orders\/3","content_type":"application\/json","body_length":0,"parsed_body":null,"session_user_id":8}
[2026-05-08 19:52:11] DEBUG: Router: parsed {"method":"GET","uri":"api\/orders\/3","segments":["api","orders","3"]}
[2026-05-08 19:52:20] DEBUG: Incoming Request {"method":"POST","uri":"\/ssms-backend\/public\/api\/auth\/login","content_type":"application\/json","body_length":52,"parsed_body":{"username":"qa_customer_tmp","password":"***REDACTED***"},"session_user_id":8}
[2026-05-08 19:52:20] DEBUG: Router: parsed {"method":"POST","uri":"api\/auth\/login","segments":["api","auth","login"]}
[2026-05-08 19:52:23] DEBUG: Incoming Request {"method":"GET","uri":"\/ssms-backend\/public\/api\/orders","content_type":"application\/json","body_length":0,"parsed_body":null,"session_user_id":10}
[2026-05-08 19:52:23] DEBUG: Router: parsed {"method":"GET","uri":"api\/orders","segments":["api","orders"]}
[2026-05-08 19:52:42] DEBUG: Incoming Request {"method":"POST","uri":"\/ssms-backend\/public\/api\/auth\/login","content_type":"application\/json","body_length":49,"parsed_body":{"username":"qa_admin_tmp","password":"***REDACTED***"},"session_user_id":10}
[2026-05-08 19:52:42] DEBUG: Router: parsed {"method":"POST","uri":"api\/auth\/login","segments":["api","auth","login"]}
[2026-05-08 19:52:43] DEBUG: Incoming Request {"method":"GET","uri":"\/ssms-backend\/public\/api\/admin\/orders","content_type":"application\/json","body_length":0,"parsed_body":null,"session_user_id":8}
[2026-05-08 19:52:43] DEBUG: Router: parsed {"method":"GET","uri":"api\/admin\/orders","segments":["api","admin","orders"]}
[2026-05-08 19:52:43] DEBUG: Incoming Request {"method":"GET","uri":"\/ssms-backend\/public\/api\/stones","content_type":"application\/json","body_length":0,"parsed_body":null,"session_user_id":8}
[2026-05-08 19:52:43] DEBUG: Router: parsed {"method":"GET","uri":"api\/stones","segments":["api","stones"]}
[2026-05-08 19:52:43] DEBUG: Incoming Request {"method":"GET","uri":"\/ssms-backend\/public\/api\/admin\/requests","content_type":"application\/json","body_length":0,"parsed_body":null,"session_user_id":8}
[2026-05-08 19:52:43] DEBUG: Router: parsed {"method":"GET","uri":"api\/admin\/requests","segments":["api","admin","requests"]}
[2026-05-08 19:52:45] DEBUG: Incoming Request {"method":"GET","uri":"\/ssms-backend\/public\/api\/admin\/orders","content_type":"application\/json","body_length":0,"parsed_body":null,"session_user_id":8}
[2026-05-08 19:52:45] DEBUG: Router: parsed {"method":"GET","uri":"api\/admin\/orders","segments":["api","admin","orders"]}
[2026-05-08 19:52:45] DEBUG: Incoming Request {"method":"GET","uri":"\/ssms-backend\/public\/api\/orders\/2","content_type":"application\/json","body_length":0,"parsed_body":null,"session_user_id":8}
[2026-05-08 19:52:45] DEBUG: Router: parsed {"method":"GET","uri":"api\/orders\/2","segments":["api","orders","2"]}
[2026-05-08 19:52:45] DEBUG: Incoming Request {"method":"GET","uri":"\/ssms-backend\/public\/api\/admin\/users?role=Employee&status=Active","content_type":"application\/json","body_length":0,"parsed_body":null,"session_user_id":8}
[2026-05-08 19:52:45] DEBUG: Router: parsed {"method":"GET","uri":"api\/admin\/users","segments":["api","admin","users"]}
[2026-05-08 19:52:50] DEBUG: Incoming Request {"method":"PUT","uri":"\/ssms-backend\/public\/api\/admin\/orders\/2\/status","content_type":"application\/json","body_length":22,"parsed_body":{"status":"Completed"},"session_user_id":8}
[2026-05-08 19:52:50] DEBUG: Router: parsed {"method":"PUT","uri":"api\/admin\/orders\/2\/status","segments":["api","admin","orders","2","status"]}
[2026-05-08 19:52:50] DEBUG: OrderModel::updateStatus - Start {"order_id":2,"new_status":"Completed","user_id":8}
[2026-05-08 19:52:50] DEBUG: OrderModel::updateStatus - Transaction started 
[2026-05-08 19:52:50] DEBUG: OrderModel::updateStatus - Fetching current order status 
[2026-05-08 19:52:50] DEBUG: OrderModel::updateStatus - Status change {"from":"Assigned","to":"Completed"}
[2026-05-08 19:52:50] DEBUG: OrderModel::updateStatus - Updating order_status column 
[2026-05-08 19:52:50] DEBUG: OrderModel::updateStatus - Transaction committed 
[2026-05-08 19:52:50] DEBUG: Incoming Request {"method":"GET","uri":"\/ssms-backend\/public\/api\/admin\/orders","content_type":"application\/json","body_length":0,"parsed_body":null,"session_user_id":8}
[2026-05-08 19:52:50] DEBUG: Router: parsed {"method":"GET","uri":"api\/admin\/orders","segments":["api","admin","orders"]}
[2026-05-08 19:52:50] DEBUG: Incoming Request {"method":"GET","uri":"\/ssms-backend\/public\/api\/admin\/users?role=Employee&status=Active","content_type":"application\/json","body_length":0,"parsed_body":null,"session_user_id":8}
[2026-05-08 19:52:50] DEBUG: Router: parsed {"method":"GET","uri":"api\/admin\/users","segments":["api","admin","users"]}
[2026-05-08 19:52:50] DEBUG: Incoming Request {"method":"GET","uri":"\/ssms-backend\/public\/api\/orders\/2","content_type":"application\/json","body_length":0,"parsed_body":null,"session_user_id":8}
[2026-05-08 19:52:50] DEBUG: Router: parsed {"method":"GET","uri":"api\/orders\/2","segments":["api","orders","2"]}
[2026-05-08 19:52:54] DEBUG: Incoming Request {"method":"GET","uri":"\/ssms-backend\/public\/api\/admin\/orders","content_type":"application\/json","body_length":0,"parsed_body":null,"session_user_id":8}
[2026-05-08 19:52:54] DEBUG: Router: parsed {"method":"GET","uri":"api\/admin\/orders","segments":["api","admin","orders"]}
[2026-05-08 19:52:54] DEBUG: Incoming Request {"method":"GET","uri":"\/ssms-backend\/public\/api\/admin\/users?role=Employee&status=Active","content_type":"application\/json","body_length":0,"parsed_body":null,"session_user_id":8}
[2026-05-08 19:52:54] DEBUG: Router: parsed {"method":"GET","uri":"api\/admin\/users","segments":["api","admin","users"]}
[2026-05-08 19:52:54] DEBUG: Incoming Request {"method":"GET","uri":"\/ssms-backend\/public\/api\/orders\/1","content_type":"application\/json","body_length":0,"parsed_body":null,"session_user_id":8}
[2026-05-08 19:52:54] DEBUG: Router: parsed {"method":"GET","uri":"api\/orders\/1","segments":["api","orders","1"]}
[2026-05-08 19:52:57] DEBUG: Incoming Request {"method":"GET","uri":"\/ssms-backend\/public\/api\/admin\/orders","content_type":"application\/json","body_length":0,"parsed_body":null,"session_user_id":8}
[2026-05-08 19:52:57] DEBUG: Router: parsed {"method":"GET","uri":"api\/admin\/orders","segments":["api","admin","orders"]}
[2026-05-08 19:52:57] DEBUG: Incoming Request {"method":"GET","uri":"\/ssms-backend\/public\/api\/orders\/3","content_type":"application\/json","body_length":0,"parsed_body":null,"session_user_id":8}
[2026-05-08 19:52:57] DEBUG: Router: parsed {"method":"GET","uri":"api\/orders\/3","segments":["api","orders","3"]}
[2026-05-08 19:52:57] DEBUG: Incoming Request {"method":"GET","uri":"\/ssms-backend\/public\/api\/admin\/users?role=Employee&status=Active","content_type":"application\/json","body_length":0,"parsed_body":null,"session_user_id":8}
[2026-05-08 19:52:57] DEBUG: Router: parsed {"method":"GET","uri":"api\/admin\/users","segments":["api","admin","users"]}
[2026-05-08 19:52:59] DEBUG: Incoming Request {"method":"GET","uri":"\/ssms-backend\/public\/api\/admin\/orders","content_type":"application\/json","body_length":0,"parsed_body":null,"session_user_id":8}
[2026-05-08 19:52:59] DEBUG: Router: parsed {"method":"GET","uri":"api\/admin\/orders","segments":["api","admin","orders"]}
[2026-05-08 19:52:59] DEBUG: Incoming Request {"method":"GET","uri":"\/ssms-backend\/public\/api\/admin\/users?role=Employee&status=Active","content_type":"application\/json","body_length":0,"parsed_body":null,"session_user_id":8}
[2026-05-08 19:52:59] DEBUG: Router: parsed {"method":"GET","uri":"api\/admin\/users","segments":["api","admin","users"]}
[2026-05-08 19:52:59] DEBUG: Incoming Request {"method":"GET","uri":"\/ssms-backend\/public\/api\/orders\/2","content_type":"application\/json","body_length":0,"parsed_body":null,"session_user_id":8}
[2026-05-08 19:52:59] DEBUG: Router: parsed {"method":"GET","uri":"api\/orders\/2","segments":["api","orders","2"]}
[2026-05-08 19:53:01] DEBUG: Incoming Request {"method":"GET","uri":"\/ssms-backend\/public\/api\/admin\/orders","content_type":"application\/json","body_length":0,"parsed_body":null,"session_user_id":8}
[2026-05-08 19:53:01] DEBUG: Router: parsed {"method":"GET","uri":"api\/admin\/orders","segments":["api","admin","orders"]}
[2026-05-08 19:53:01] DEBUG: Incoming Request {"method":"GET","uri":"\/ssms-backend\/public\/api\/orders\/1","content_type":"application\/json","body_length":0,"parsed_body":null,"session_user_id":8}
[2026-05-08 19:53:01] DEBUG: Router: parsed {"method":"GET","uri":"api\/orders\/1","segments":["api","orders","1"]}
[2026-05-08 19:53:01] DEBUG: Incoming Request {"method":"GET","uri":"\/ssms-backend\/public\/api\/admin\/users?role=Employee&status=Active","content_type":"application\/json","body_length":0,"parsed_body":null,"session_user_id":8}
[2026-05-08 19:53:01] DEBUG: Router: parsed {"method":"GET","uri":"api\/admin\/users","segments":["api","admin","users"]}
[2026-05-08 19:55:53] DEBUG: Incoming Request {"method":"POST","uri":"\/ssms-backend\/public\/api\/auth\/login","content_type":"application\/json","body_length":52,"parsed_body":{"username":"qa_customer_tmp","password":"***REDACTED***"},"session_user_id":8}
[2026-05-08 19:55:53] DEBUG: Router: parsed {"method":"POST","uri":"api\/auth\/login","segments":["api","auth","login"]}
[2026-05-08 19:56:24] DEBUG: Incoming Request {"method":"POST","uri":"\/ssms-backend\/public\/api\/auth\/login","content_type":"application\/json","body_length":49,"parsed_body":{"username":"qa_admin_tmp","password":"***REDACTED***"},"session_user_id":10}
[2026-05-08 19:56:24] DEBUG: Router: parsed {"method":"POST","uri":"api\/auth\/login","segments":["api","auth","login"]}
[2026-05-08 19:56:24] DEBUG: Incoming Request {"method":"GET","uri":"\/ssms-backend\/public\/api\/admin\/orders","content_type":"application\/json","body_length":0,"parsed_body":null,"session_user_id":8}
[2026-05-08 19:56:24] DEBUG: Router: parsed {"method":"GET","uri":"api\/admin\/orders","segments":["api","admin","orders"]}
[2026-05-08 19:56:24] DEBUG: Incoming Request {"method":"GET","uri":"\/ssms-backend\/public\/api\/admin\/requests","content_type":"application\/json","body_length":0,"parsed_body":null,"session_user_id":8}
[2026-05-08 19:56:24] DEBUG: Router: parsed {"method":"GET","uri":"api\/admin\/requests","segments":["api","admin","requests"]}
[2026-05-08 19:56:24] DEBUG: Incoming Request {"method":"GET","uri":"\/ssms-backend\/public\/api\/stones","content_type":"application\/json","body_length":0,"parsed_body":null,"session_user_id":8}
[2026-05-08 19:56:24] DEBUG: Router: parsed {"method":"GET","uri":"api\/stones","segments":["api","stones"]}
[2026-05-08 19:56:28] DEBUG: Incoming Request {"method":"GET","uri":"\/ssms-backend\/public\/api\/admin\/orders","content_type":"application\/json","body_length":0,"parsed_body":null,"session_user_id":8}
[2026-05-08 19:56:28] DEBUG: Router: parsed {"method":"GET","uri":"api\/admin\/orders","segments":["api","admin","orders"]}
[2026-05-08 19:56:28] DEBUG: Incoming Request {"method":"GET","uri":"\/ssms-backend\/public\/api\/stones","content_type":"application\/json","body_length":0,"parsed_body":null,"session_user_id":8}
[2026-05-08 19:56:28] DEBUG: Router: parsed {"method":"GET","uri":"api\/stones","segments":["api","stones"]}
[2026-05-08 19:56:28] DEBUG: Incoming Request {"method":"GET","uri":"\/ssms-backend\/public\/api\/admin\/requests","content_type":"application\/json","body_length":0,"parsed_body":null,"session_user_id":8}
[2026-05-08 19:56:28] DEBUG: Router: parsed {"method":"GET","uri":"api\/admin\/requests","segments":["api","admin","requests"]}
[2026-05-08 19:56:48] DEBUG: Incoming Request {"method":"GET","uri":"\/ssms-backend\/public\/api\/admin\/orders","content_type":"application\/json","body_length":0,"parsed_body":null,"session_user_id":8}
[2026-05-08 19:56:48] DEBUG: Router: parsed {"method":"GET","uri":"api\/admin\/orders","segments":["api","admin","orders"]}
[2026-05-08 19:56:48] DEBUG: Incoming Request {"method":"GET","uri":"\/ssms-backend\/public\/api\/admin\/users?role=Employee&status=Active","content_type":"application\/json","body_length":0,"parsed_body":null,"session_user_id":8}
[2026-05-08 19:56:48] DEBUG: Router: parsed {"method":"GET","uri":"api\/admin\/users","segments":["api","admin","users"]}
[2026-05-08 19:56:52] DEBUG: Incoming Request {"method":"GET","uri":"\/ssms-backend\/public\/api\/admin\/orders","content_type":"application\/json","body_length":0,"parsed_body":null,"session_user_id":8}
[2026-05-08 19:56:52] DEBUG: Router: parsed {"method":"GET","uri":"api\/admin\/orders","segments":["api","admin","orders"]}
[2026-05-08 19:56:52] DEBUG: Incoming Request {"method":"GET","uri":"\/ssms-backend\/public\/api\/admin\/requests","content_type":"application\/json","body_length":0,"parsed_body":null,"session_user_id":8}
[2026-05-08 19:56:52] DEBUG: Router: parsed {"method":"GET","uri":"api\/admin\/requests","segments":["api","admin","requests"]}
[2026-05-08 19:56:52] DEBUG: Incoming Request {"method":"GET","uri":"\/ssms-backend\/public\/api\/stones","content_type":"application\/json","body_length":0,"parsed_body":null,"session_user_id":8}
[2026-05-08 19:56:52] DEBUG: Router: parsed {"method":"GET","uri":"api\/stones","segments":["api","stones"]}
[2026-05-08 19:59:35] DEBUG: Incoming Request {"method":"POST","uri":"\/ssms-backend\/public\/api\/auth\/login","content_type":"application\/json","body_length":52,"parsed_body":{"username":"qa_customer_tmp","password":"***REDACTED***"},"session_user_id":8}
[2026-05-08 19:59:35] DEBUG: Router: parsed {"method":"POST","uri":"api\/auth\/login","segments":["api","auth","login"]}
[2026-05-08 19:59:37] DEBUG: Incoming Request {"method":"GET","uri":"\/ssms-backend\/public\/api\/auth\/me","content_type":"application\/json","body_length":0,"parsed_body":null,"session_user_id":10}
[2026-05-08 19:59:37] DEBUG: Router: parsed {"method":"GET","uri":"api\/auth\/me","segments":["api","auth","me"]}
[2026-05-08 19:59:37] DEBUG: Incoming Request {"method":"GET","uri":"\/ssms-backend\/public\/api\/orders","content_type":"application\/json","body_length":0,"parsed_body":null,"session_user_id":10}
[2026-05-08 19:59:37] DEBUG: Router: parsed {"method":"GET","uri":"api\/orders","segments":["api","orders"]}
[2026-05-08 19:59:42] DEBUG: Incoming Request {"method":"GET","uri":"\/ssms-backend\/public\/api\/auth\/me","content_type":"application\/json","body_length":0,"parsed_body":null,"session_user_id":10}
[2026-05-08 19:59:42] DEBUG: Router: parsed {"method":"GET","uri":"api\/auth\/me","segments":["api","auth","me"]}
[2026-05-08 19:59:42] DEBUG: Incoming Request {"method":"GET","uri":"\/ssms-backend\/public\/api\/orders","content_type":"application\/json","body_length":0,"parsed_body":null,"session_user_id":10}
[2026-05-08 19:59:42] DEBUG: Router: parsed {"method":"GET","uri":"api\/orders","segments":["api","orders"]}
[2026-05-08 21:43:15] DEBUG: Incoming Request {"method":"GET","uri":"\/ssms-backend\/public\/api\/auth\/me","content_type":"application\/json","body_length":0,"parsed_body":null,"session_user_id":10}
[2026-05-08 21:43:15] DEBUG: Router: parsed {"method":"GET","uri":"api\/auth\/me","segments":["api","auth","me"]}
[2026-05-08 21:43:15] DEBUG: Incoming Request {"method":"GET","uri":"\/ssms-backend\/public\/api\/orders","content_type":"application\/json","body_length":0,"parsed_body":null,"session_user_id":10}
[2026-05-08 21:43:15] DEBUG: Router: parsed {"method":"GET","uri":"api\/orders","segments":["api","orders"]}
[2026-05-08 21:43:16] DEBUG: Incoming Request {"method":"GET","uri":"\/ssms-backend\/public\/api\/requests","content_type":"application\/json","body_length":0,"parsed_body":null,"session_user_id":10}
[2026-05-08 21:43:16] DEBUG: Router: parsed {"method":"GET","uri":"api\/requests","segments":["api","requests"]}
[2026-05-08 21:43:20] DEBUG: Incoming Request {"method":"GET","uri":"\/ssms-backend\/public\/api\/auth\/me","content_type":"application\/json","body_length":0,"parsed_body":null,"session_user_id":10}
[2026-05-08 21:43:20] DEBUG: Router: parsed {"method":"GET","uri":"api\/auth\/me","segments":["api","auth","me"]}
[2026-05-08 21:43:20] DEBUG: Incoming Request {"method":"GET","uri":"\/ssms-backend\/public\/api\/orders","content_type":"application\/json","body_length":0,"parsed_body":null,"session_user_id":10}
[2026-05-08 21:43:20] DEBUG: Router: parsed {"method":"GET","uri":"api\/orders","segments":["api","orders"]}
[2026-05-08 21:47:59] DEBUG: Incoming Request {"method":"POST","uri":"\/ssms-backend\/public\/api\/auth\/login","content_type":"application\/json","body_length":49,"parsed_body":{"username":"qa_admin_tmp","password":"***REDACTED***"},"session_user_id":10}
[2026-05-08 21:47:59] DEBUG: Router: parsed {"method":"POST","uri":"api\/auth\/login","segments":["api","auth","login"]}
[2026-05-08 21:47:59] DEBUG: Incoming Request {"method":"GET","uri":"\/ssms-backend\/public\/api\/admin\/orders","content_type":"application\/json","body_length":0,"parsed_body":null,"session_user_id":8}
[2026-05-08 21:47:59] DEBUG: Router: parsed {"method":"GET","uri":"api\/admin\/orders","segments":["api","admin","orders"]}
[2026-05-08 21:47:59] DEBUG: Incoming Request {"method":"GET","uri":"\/ssms-backend\/public\/api\/stones","content_type":"application\/json","body_length":0,"parsed_body":null,"session_user_id":8}
[2026-05-08 21:47:59] DEBUG: Router: parsed {"method":"GET","uri":"api\/stones","segments":["api","stones"]}
[2026-05-08 21:47:59] DEBUG: Incoming Request {"method":"GET","uri":"\/ssms-backend\/public\/api\/admin\/requests","content_type":"application\/json","body_length":0,"parsed_body":null,"session_user_id":8}
[2026-05-08 21:47:59] DEBUG: Router: parsed {"method":"GET","uri":"api\/admin\/requests","segments":["api","admin","requests"]}
[2026-05-08 21:48:03] DEBUG: Incoming Request {"method":"GET","uri":"\/ssms-backend\/public\/api\/admin\/orders","content_type":"application\/json","body_length":0,"parsed_body":null,"session_user_id":8}
[2026-05-08 21:48:03] DEBUG: Router: parsed {"method":"GET","uri":"api\/admin\/orders","segments":["api","admin","orders"]}
[2026-05-08 21:48:03] DEBUG: Incoming Request {"method":"GET","uri":"\/ssms-backend\/public\/api\/orders\/2","content_type":"application\/json","body_length":0,"parsed_body":null,"session_user_id":8}
[2026-05-08 21:48:03] DEBUG: Router: parsed {"method":"GET","uri":"api\/orders\/2","segments":["api","orders","2"]}
[2026-05-08 21:48:03] DEBUG: Incoming Request {"method":"GET","uri":"\/ssms-backend\/public\/api\/admin\/users?role=Employee&status=Active","content_type":"application\/json","body_length":0,"parsed_body":null,"session_user_id":8}
[2026-05-08 21:48:03] DEBUG: Router: parsed {"method":"GET","uri":"api\/admin\/users","segments":["api","admin","users"]}
[2026-05-08 21:48:13] DEBUG: Incoming Request {"method":"GET","uri":"\/ssms-backend\/public\/api\/stones","content_type":"application\/json","body_length":0,"parsed_body":null,"session_user_id":8}
[2026-05-08 21:48:13] DEBUG: Router: parsed {"method":"GET","uri":"api\/stones","segments":["api","stones"]}
[2026-05-08 21:48:13] DEBUG: Incoming Request {"method":"GET","uri":"\/ssms-backend\/public\/api\/admin\/requests","content_type":"application\/json","body_length":0,"parsed_body":null,"session_user_id":8}
[2026-05-08 21:48:13] DEBUG: Router: parsed {"method":"GET","uri":"api\/admin\/requests","segments":["api","admin","requests"]}
[2026-05-08 21:48:13] DEBUG: Incoming Request {"method":"GET","uri":"\/ssms-backend\/public\/api\/admin\/orders","content_type":"application\/json","body_length":0,"parsed_body":null,"session_user_id":8}
[2026-05-08 21:48:13] DEBUG: Router: parsed {"method":"GET","uri":"api\/admin\/orders","segments":["api","admin","orders"]}
[2026-05-08 21:48:26] DEBUG: Incoming Request {"method":"GET","uri":"\/ssms-backend\/public\/api\/admin\/orders","content_type":"application\/json","body_length":0,"parsed_body":null,"session_user_id":8}
[2026-05-08 21:48:26] DEBUG: Router: parsed {"method":"GET","uri":"api\/admin\/orders","segments":["api","admin","orders"]}
[2026-05-08 21:48:26] DEBUG: Incoming Request {"method":"GET","uri":"\/ssms-backend\/public\/api\/admin\/users?role=Employee&status=Active","content_type":"application\/json","body_length":0,"parsed_body":null,"session_user_id":8}
[2026-05-08 21:48:26] DEBUG: Router: parsed {"method":"GET","uri":"api\/admin\/users","segments":["api","admin","users"]}
[2026-05-08 21:48:28] DEBUG: Incoming Request {"method":"GET","uri":"\/ssms-backend\/public\/api\/admin\/orders","content_type":"application\/json","body_length":0,"parsed_body":null,"session_user_id":8}
[2026-05-08 21:48:28] DEBUG: Router: parsed {"method":"GET","uri":"api\/admin\/orders","segments":["api","admin","orders"]}
[2026-05-08 21:48:28] DEBUG: Incoming Request {"method":"GET","uri":"\/ssms-backend\/public\/api\/admin\/requests","content_type":"application\/json","body_length":0,"parsed_body":null,"session_user_id":8}
[2026-05-08 21:48:28] DEBUG: Router: parsed {"method":"GET","uri":"api\/admin\/requests","segments":["api","admin","requests"]}
[2026-05-08 21:48:28] DEBUG: Incoming Request {"method":"GET","uri":"\/ssms-backend\/public\/api\/stones","content_type":"application\/json","body_length":0,"parsed_body":null,"session_user_id":8}
[2026-05-08 21:48:28] DEBUG: Router: parsed {"method":"GET","uri":"api\/stones","segments":["api","stones"]}
[2026-05-08 21:48:31] DEBUG: Incoming Request {"method":"GET","uri":"\/ssms-backend\/public\/api\/admin\/requests","content_type":"application\/json","body_length":0,"parsed_body":null,"session_user_id":8}
[2026-05-08 21:48:31] DEBUG: Router: parsed {"method":"GET","uri":"api\/admin\/requests","segments":["api","admin","requests"]}
[2026-05-08 21:48:31] DEBUG: Incoming Request {"method":"GET","uri":"\/ssms-backend\/public\/api\/admin\/orders","content_type":"application\/json","body_length":0,"parsed_body":null,"session_user_id":8}
[2026-05-08 21:48:31] DEBUG: Router: parsed {"method":"GET","uri":"api\/admin\/orders","segments":["api","admin","orders"]}
[2026-05-08 21:48:31] DEBUG: Incoming Request {"method":"GET","uri":"\/ssms-backend\/public\/api\/stones","content_type":"application\/json","body_length":0,"parsed_body":null,"session_user_id":8}
[2026-05-08 21:48:31] DEBUG: Router: parsed {"method":"GET","uri":"api\/stones","segments":["api","stones"]}
[2026-05-08 21:52:30] DEBUG: Incoming Request {"method":"GET","uri":"\/ssms-backend\/public\/api\/stones","content_type":"application\/json","body_length":0,"parsed_body":null,"session_user_id":8}
[2026-05-08 21:52:30] DEBUG: Router: parsed {"method":"GET","uri":"api\/stones","segments":["api","stones"]}
[2026-05-08 21:52:34] DEBUG: Incoming Request {"method":"GET","uri":"\/ssms-backend\/public\/api\/admin\/orders","content_type":"application\/json","body_length":0,"parsed_body":null,"session_user_id":8}
[2026-05-08 21:52:34] DEBUG: Router: parsed {"method":"GET","uri":"api\/admin\/orders","segments":["api","admin","orders"]}
[2026-05-08 21:52:34] DEBUG: Incoming Request {"method":"GET","uri":"\/ssms-backend\/public\/api\/stones","content_type":"application\/json","body_length":0,"parsed_body":null,"session_user_id":8}
[2026-05-08 21:52:34] DEBUG: Router: parsed {"method":"GET","uri":"api\/stones","segments":["api","stones"]}
[2026-05-08 21:52:34] DEBUG: Incoming Request {"method":"GET","uri":"\/ssms-backend\/public\/api\/admin\/requests","content_type":"application\/json","body_length":0,"parsed_body":null,"session_user_id":8}
[2026-05-08 21:52:34] DEBUG: Router: parsed {"method":"GET","uri":"api\/admin\/requests","segments":["api","admin","requests"]}
[2026-05-08 22:01:00] DEBUG: Incoming Request {"method":"GET","uri":"\/ssms-backend\/public\/api\/stones","content_type":"application\/json","body_length":0,"parsed_body":null,"session_user_id":8}
[2026-05-08 22:01:00] DEBUG: Router: parsed {"method":"GET","uri":"api\/stones","segments":["api","stones"]}
[2026-05-08 22:01:07] DEBUG: Incoming Request {"method":"GET","uri":"\/ssms-backend\/public\/api\/stones","content_type":"application\/json","body_length":0,"parsed_body":null,"session_user_id":8}
[2026-05-08 22:01:07] DEBUG: Router: parsed {"method":"GET","uri":"api\/stones","segments":["api","stones"]}
[2026-05-08 22:01:07] DEBUG: Incoming Request {"method":"GET","uri":"\/ssms-backend\/public\/api\/stones","content_type":"application\/json","body_length":0,"parsed_body":null,"session_user_id":8}
[2026-05-08 22:01:07] DEBUG: Router: parsed {"method":"GET","uri":"api\/stones","segments":["api","stones"]}
[2026-05-08 22:01:08] DEBUG: Incoming Request {"method":"GET","uri":"\/ssms-backend\/public\/api\/stones","content_type":"application\/json","body_length":0,"parsed_body":null,"session_user_id":8}
[2026-05-08 22:01:08] DEBUG: Router: parsed {"method":"GET","uri":"api\/stones","segments":["api","stones"]}
[2026-05-08 22:01:08] DEBUG: Incoming Request {"method":"GET","uri":"\/ssms-backend\/public\/api\/stones","content_type":"application\/json","body_length":0,"parsed_body":null,"session_user_id":8}
[2026-05-08 22:01:08] DEBUG: Router: parsed {"method":"GET","uri":"api\/stones","segments":["api","stones"]}
[2026-05-08 22:01:11] DEBUG: Incoming Request {"method":"GET","uri":"\/ssms-backend\/public\/api\/stones","content_type":"application\/json","body_length":0,"parsed_body":null,"session_user_id":8}
[2026-05-08 22:01:11] DEBUG: Router: parsed {"method":"GET","uri":"api\/stones","segments":["api","stones"]}
[2026-05-08 22:04:44] DEBUG: Incoming Request {"method":"GET","uri":"\/ssms-backend\/public\/api\/stones","content_type":"application\/json","body_length":0,"parsed_body":null,"session_user_id":8}
[2026-05-08 22:04:44] DEBUG: Router: parsed {"method":"GET","uri":"api\/stones","segments":["api","stones"]}
[2026-05-08 22:04:47] DEBUG: Incoming Request {"method":"GET","uri":"\/ssms-backend\/public\/api\/stones","content_type":"application\/json","body_length":0,"parsed_body":null,"session_user_id":8}
[2026-05-08 22:04:47] DEBUG: Router: parsed {"method":"GET","uri":"api\/stones","segments":["api","stones"]}
[2026-05-08 22:04:51] DEBUG: Incoming Request {"method":"GET","uri":"\/ssms-backend\/public\/api\/stones","content_type":"application\/json","body_length":0,"parsed_body":null,"session_user_id":8}
[2026-05-08 22:04:51] DEBUG: Router: parsed {"method":"GET","uri":"api\/stones","segments":["api","stones"]}
[2026-05-08 22:05:43] DEBUG: Incoming Request {"method":"GET","uri":"\/ssms-backend\/public\/api\/stones","content_type":"application\/json","body_length":0,"parsed_body":null,"session_user_id":8}
[2026-05-08 22:05:43] DEBUG: Router: parsed {"method":"GET","uri":"api\/stones","segments":["api","stones"]}
[2026-05-08 22:06:05] DEBUG: Incoming Request {"method":"POST","uri":"\/ssms-backend\/public\/api\/stones","content_type":"application\/json","body_length":108,"parsed_body":{"name":"sholi","type":"Marble","price_per_unit":0.11,"quantity_in_stock":3,"description":"","image_url":""},"session_user_id":8}
[2026-05-08 22:06:05] DEBUG: Router: parsed {"method":"POST","uri":"api\/stones","segments":["api","stones"]}
[2026-05-08 22:06:05] DEBUG: Incoming Request {"method":"GET","uri":"\/ssms-backend\/public\/api\/stones","content_type":"application\/json","body_length":0,"parsed_body":null,"session_user_id":8}
[2026-05-08 22:06:05] DEBUG: Router: parsed {"method":"GET","uri":"api\/stones","segments":["api","stones"]}
[2026-05-08 22:08:12] DEBUG: Incoming Request {"method":"POST","uri":"\/ssms-backend\/public\/api\/stones","content_type":"application\/json","body_length":113,"parsed_body":{"name":"sholiiiiii","type":"Marble","price_per_unit":0.03,"quantity_in_stock":2,"description":"","image_url":""},"session_user_id":8}
[2026-05-08 22:08:12] DEBUG: Router: parsed {"method":"POST","uri":"api\/stones","segments":["api","stones"]}
[2026-05-08 22:08:12] DEBUG: Incoming Request {"method":"GET","uri":"\/ssms-backend\/public\/api\/stones","content_type":"application\/json","body_length":0,"parsed_body":null,"session_user_id":8}
[2026-05-08 22:08:12] DEBUG: Router: parsed {"method":"GET","uri":"api\/stones","segments":["api","stones"]}
[2026-05-08 22:08:16] DEBUG: Incoming Request {"method":"GET","uri":"\/ssms-backend\/public\/api\/stones","content_type":"application\/json","body_length":0,"parsed_body":null,"session_user_id":8}
[2026-05-08 22:08:16] DEBUG: Router: parsed {"method":"GET","uri":"api\/stones","segments":["api","stones"]}
[2026-05-08 22:11:52] DEBUG: Incoming Request {"method":"GET","uri":"\/ssms-backend\/public\/api\/stones","content_type":"application\/json","body_length":0,"parsed_body":null,"session_user_id":8}
[2026-05-08 22:11:52] DEBUG: Router: parsed {"method":"GET","uri":"api\/stones","segments":["api","stones"]}
[2026-05-08 22:14:35] DEBUG: Incoming Request {"method":"GET","uri":"\/ssms-backend\/public\/api\/stones","content_type":"application\/json","body_length":0,"parsed_body":null,"session_user_id":8}
[2026-05-08 22:14:35] DEBUG: Router: parsed {"method":"GET","uri":"api\/stones","segments":["api","stones"]}
[2026-05-08 22:17:11] DEBUG: Incoming Request {"method":"GET","uri":"\/ssms-backend\/public\/api\/stones","content_type":"application\/json","body_length":0,"parsed_body":null,"session_user_id":8}
[2026-05-08 22:17:11] DEBUG: Router: parsed {"method":"GET","uri":"api\/stones","segments":["api","stones"]}
[2026-05-08 22:17:37] DEBUG: Incoming Request {"method":"POST","uri":"\/ssms-backend\/public\/api\/stones","content_type":"application\/json","body_length":111,"parsed_body":{"name":"asdfgh","type":"Marble","price_per_unit":0.03,"quantity_in_stock":2,"description":"","image_url":null},"session_user_id":8}
[2026-05-08 22:17:37] DEBUG: Router: parsed {"method":"POST","uri":"api\/stones","segments":["api","stones"]}
[2026-05-08 22:17:37] DEBUG: Incoming Request {"method":"POST","uri":"\/ssms-backend\/public\/api\/stones\/12\/image","content_type":"multipart\/form-data; boundary=----WebKitFormBoundaryXGaeiWFjAVPSbhsC","body_length":0,"parsed_body":null,"session_user_id":8}
[2026-05-08 22:17:37] DEBUG: Router: parsed {"method":"POST","uri":"api\/stones\/12\/image","segments":["api","stones","12","image"]}
[2026-05-08 22:17:37] DEBUG: Incoming Request {"method":"GET","uri":"\/ssms-backend\/public\/api\/stones","content_type":"application\/json","body_length":0,"parsed_body":null,"session_user_id":8}
[2026-05-08 22:17:37] DEBUG: Router: parsed {"method":"GET","uri":"api\/stones","segments":["api","stones"]}
[2026-05-08 22:17:37] DEBUG: Incoming Request {"method":"GET","uri":"\/ssms-backend\/public\/uploads\/stones\/69fe36d126f80_1778267857.png","content_type":"","body_length":0,"parsed_body":null,"session_user_id":8}
[2026-05-08 22:17:37] DEBUG: Router: parsed {"method":"GET","uri":"uploads\/stones\/69fe36d126f80_1778267857.png","segments":["uploads","stones","69fe36d126f80_1778267857.png"]}
[2026-05-08 22:17:37] ERROR: API Error: NOT_FOUND - Invalid API endpoint {"status_code":404}
[2026-05-08 22:21:05] DEBUG: Incoming Request {"method":"GET","uri":"\/ssms-backend\/public\/api\/stones","content_type":"application\/json","body_length":0,"parsed_body":null,"session_user_id":8}
[2026-05-08 22:21:05] DEBUG: Router: parsed {"method":"GET","uri":"api\/stones","segments":["api","stones"]}
[2026-05-08 22:21:05] DEBUG: Incoming Request {"method":"GET","uri":"\/ssms-backend\/public\/uploads\/stones\/69fe36d126f80_1778267857.png","content_type":"","body_length":0,"parsed_body":null,"session_user_id":8}
[2026-05-08 22:21:05] DEBUG: Router: parsed {"method":"GET","uri":"uploads\/stones\/69fe36d126f80_1778267857.png","segments":["uploads","stones","69fe36d126f80_1778267857.png"]}
[2026-05-08 22:21:06] ERROR: API Error: NOT_FOUND - Invalid API endpoint {"status_code":404}
[2026-05-08 22:21:24] DEBUG: Incoming Request {"method":"POST","uri":"\/ssms-backend\/public\/api\/stones","content_type":"application\/json","body_length":115,"parsed_body":{"name":"sholiiiiii","type":"Marble","price_per_unit":23,"quantity_in_stock":132,"description":"","image_url":null},"session_user_id":8}
[2026-05-08 22:21:24] DEBUG: Router: parsed {"method":"POST","uri":"api\/stones","segments":["api","stones"]}
[2026-05-08 22:21:24] DEBUG: Incoming Request {"method":"POST","uri":"\/ssms-backend\/public\/api\/stones\/13\/image","content_type":"multipart\/form-data; boundary=----WebKitFormBoundaryTQxmVAbZKcb0HGec","body_length":0,"parsed_body":null,"session_user_id":8}
[2026-05-08 22:21:24] DEBUG: Router: parsed {"method":"POST","uri":"api\/stones\/13\/image","segments":["api","stones","13","image"]}
[2026-05-08 22:21:24] DEBUG: Incoming Request {"method":"GET","uri":"\/ssms-backend\/public\/api\/stones","content_type":"application\/json","body_length":0,"parsed_body":null,"session_user_id":8}
[2026-05-08 22:21:24] DEBUG: Router: parsed {"method":"GET","uri":"api\/stones","segments":["api","stones"]}
[2026-05-08 22:21:24] DEBUG: Incoming Request {"method":"GET","uri":"\/ssms-backend\/public\/uploads\/stones\/69fe37b4987c6_1778268084.png","content_type":"","body_length":0,"parsed_body":null,"session_user_id":8}
[2026-05-08 22:21:24] DEBUG: Router: parsed {"method":"GET","uri":"uploads\/stones\/69fe37b4987c6_1778268084.png","segments":["uploads","stones","69fe37b4987c6_1778268084.png"]}
[2026-05-08 22:21:24] ERROR: API Error: NOT_FOUND - Invalid API endpoint {"status_code":404}
[2026-05-08 22:21:24] DEBUG: Incoming Request {"method":"GET","uri":"\/ssms-backend\/public\/uploads\/stones\/69fe36d126f80_1778267857.png","content_type":"","body_length":0,"parsed_body":null,"session_user_id":8}
[2026-05-08 22:21:24] DEBUG: Router: parsed {"method":"GET","uri":"uploads\/stones\/69fe36d126f80_1778267857.png","segments":["uploads","stones","69fe36d126f80_1778267857.png"]}
[2026-05-08 22:21:24] ERROR: API Error: NOT_FOUND - Invalid API endpoint {"status_code":404}
[2026-05-08 22:23:21] DEBUG: Incoming Request {"method":"GET","uri":"\/ssms-backend\/public\/uploads\/stones\/69fe37b4987c6_1778268084.png","content_type":"","body_length":0,"parsed_body":null,"session_user_id":8}
[2026-05-08 22:23:21] DEBUG: Router: parsed {"method":"GET","uri":"uploads\/stones\/69fe37b4987c6_1778268084.png","segments":["uploads","stones","69fe37b4987c6_1778268084.png"]}
[2026-05-08 22:23:21] ERROR: API Error: NOT_FOUND - Invalid API endpoint {"status_code":404}
[2026-05-08 22:26:53] DEBUG: Incoming Request {"method":"GET","uri":"\/ssms-backend\/public\/api\/stones","content_type":"application\/json","body_length":0,"parsed_body":null,"session_user_id":8}
[2026-05-08 22:26:53] DEBUG: Router: parsed {"method":"GET","uri":"api\/stones","segments":["api","stones"]}
[2026-05-08 22:26:53] DEBUG: Incoming Request {"method":"GET","uri":"\/ssms-backend\/public\/uploads\/stones\/69fe37b4987c6_1778268084.png","content_type":"","body_length":0,"parsed_body":null,"session_user_id":8}
[2026-05-08 22:26:53] DEBUG: Router: parsed {"method":"GET","uri":"uploads\/stones\/69fe37b4987c6_1778268084.png","segments":["uploads","stones","69fe37b4987c6_1778268084.png"]}
[2026-05-08 22:26:53] ERROR: API Error: NOT_FOUND - Invalid API endpoint {"status_code":404}
[2026-05-08 22:26:53] DEBUG: Incoming Request {"method":"GET","uri":"\/ssms-backend\/public\/uploads\/stones\/69fe36d126f80_1778267857.png","content_type":"","body_length":0,"parsed_body":null,"session_user_id":8}
[2026-05-08 22:26:53] DEBUG: Router: parsed {"method":"GET","uri":"uploads\/stones\/69fe36d126f80_1778267857.png","segments":["uploads","stones","69fe36d126f80_1778267857.png"]}
[2026-05-08 22:26:53] ERROR: API Error: NOT_FOUND - Invalid API endpoint {"status_code":404}
[2026-05-08 22:26:53] DEBUG: Incoming Request {"method":"GET","uri":"\/ssms-backend\/public\/assets\/img\/white-marble.svg","content_type":"","body_length":0,"parsed_body":null,"session_user_id":8}
[2026-05-08 22:26:53] DEBUG: Router: parsed {"method":"GET","uri":"assets\/img\/white-marble.svg","segments":["assets","img","white-marble.svg"]}
[2026-05-08 22:26:53] ERROR: API Error: NOT_FOUND - Invalid API endpoint {"status_code":404}
[2026-05-08 22:26:53] DEBUG: Incoming Request {"method":"GET","uri":"\/ssms-backend\/public\/assets\/img\/travertine-limestone.svg","content_type":"","body_length":0,"parsed_body":null,"session_user_id":8}
[2026-05-08 22:26:53] DEBUG: Router: parsed {"method":"GET","uri":"assets\/img\/travertine-limestone.svg","segments":["assets","img","travertine-limestone.svg"]}
[2026-05-08 22:26:53] ERROR: API Error: NOT_FOUND - Invalid API endpoint {"status_code":404}
[2026-05-08 22:26:53] DEBUG: Incoming Request {"method":"GET","uri":"\/ssms-backend\/public\/assets\/img\/red-granite.svg","content_type":"","body_length":0,"parsed_body":null,"session_user_id":8}
[2026-05-08 22:26:53] DEBUG: Router: parsed {"method":"GET","uri":"assets\/img\/red-granite.svg","segments":["assets","img","red-granite.svg"]}
[2026-05-08 22:26:53] ERROR: API Error: NOT_FOUND - Invalid API endpoint {"status_code":404}
[2026-05-08 22:26:53] DEBUG: Incoming Request {"method":"GET","uri":"\/ssms-backend\/public\/assets\/img\/blue-granite.svg","content_type":"","body_length":0,"parsed_body":null,"session_user_id":8}
[2026-05-08 22:26:53] DEBUG: Router: parsed {"method":"GET","uri":"assets\/img\/blue-granite.svg","segments":["assets","img","blue-granite.svg"]}
[2026-05-08 22:26:53] ERROR: API Error: NOT_FOUND - Invalid API endpoint {"status_code":404}
[2026-05-08 22:26:53] DEBUG: Incoming Request {"method":"GET","uri":"\/ssms-backend\/public\/assets\/img\/carrara-marble.svg","content_type":"","body_length":0,"parsed_body":null,"session_user_id":8}
[2026-05-08 22:26:53] DEBUG: Router: parsed {"method":"GET","uri":"assets\/img\/carrara-marble.svg","segments":["assets","img","carrara-marble.svg"]}
[2026-05-08 22:26:53] ERROR: API Error: NOT_FOUND - Invalid API endpoint {"status_code":404}
[2026-05-08 22:27:14] DEBUG: Incoming Request {"method":"POST","uri":"\/ssms-backend\/public\/api\/stones","content_type":"application\/json","body_length":122,"parsed_body":{"name":"cccccccccccccccc","type":"Granite","price_per_unit":0.03,"quantity_in_stock":2,"description":"","image_url":null},"session_user_id":8}
[2026-05-08 22:27:14] DEBUG: Router: parsed {"method":"POST","uri":"api\/stones","segments":["api","stones"]}
[2026-05-08 22:27:14] DEBUG: Incoming Request {"method":"POST","uri":"\/ssms-backend\/public\/api\/stones\/14\/image","content_type":"multipart\/form-data; boundary=----WebKitFormBoundaryxGAxmmpwxI6B5Kkn","body_length":0,"parsed_body":null,"session_user_id":8}
[2026-05-08 22:27:14] DEBUG: Router: parsed {"method":"POST","uri":"api\/stones\/14\/image","segments":["api","stones","14","image"]}
[2026-05-08 22:27:14] DEBUG: Incoming Request {"method":"GET","uri":"\/ssms-backend\/public\/api\/stones","content_type":"application\/json","body_length":0,"parsed_body":null,"session_user_id":8}
[2026-05-08 22:27:14] DEBUG: Router: parsed {"method":"GET","uri":"api\/stones","segments":["api","stones"]}
[2026-05-08 22:27:14] DEBUG: Incoming Request {"method":"GET","uri":"\/ssms-backend\/public\/uploads\/stones\/69fe39127a7d6_1778268434.png","content_type":"","body_length":0,"parsed_body":null,"session_user_id":8}
[2026-05-08 22:27:14] DEBUG: Router: parsed {"method":"GET","uri":"uploads\/stones\/69fe39127a7d6_1778268434.png","segments":["uploads","stones","69fe39127a7d6_1778268434.png"]}
[2026-05-08 22:27:14] ERROR: API Error: NOT_FOUND - Invalid API endpoint {"status_code":404}
[2026-05-08 22:27:14] DEBUG: Incoming Request {"method":"GET","uri":"\/ssms-backend\/public\/uploads\/stones\/69fe37b4987c6_1778268084.png","content_type":"","body_length":0,"parsed_body":null,"session_user_id":8}
[2026-05-08 22:27:14] DEBUG: Router: parsed {"method":"GET","uri":"uploads\/stones\/69fe37b4987c6_1778268084.png","segments":["uploads","stones","69fe37b4987c6_1778268084.png"]}
[2026-05-08 22:27:14] ERROR: API Error: NOT_FOUND - Invalid API endpoint {"status_code":404}
[2026-05-08 22:27:14] DEBUG: Incoming Request {"method":"GET","uri":"\/ssms-backend\/public\/uploads\/stones\/69fe36d126f80_1778267857.png","content_type":"","body_length":0,"parsed_body":null,"session_user_id":8}
[2026-05-08 22:27:14] DEBUG: Router: parsed {"method":"GET","uri":"uploads\/stones\/69fe36d126f80_1778267857.png","segments":["uploads","stones","69fe36d126f80_1778267857.png"]}
[2026-05-08 22:27:14] ERROR: API Error: NOT_FOUND - Invalid API endpoint {"status_code":404}
[2026-05-08 22:27:14] DEBUG: Incoming Request {"method":"GET","uri":"\/ssms-backend\/public\/assets\/img\/white-marble.svg","content_type":"","body_length":0,"parsed_body":null,"session_user_id":8}
[2026-05-08 22:27:14] DEBUG: Router: parsed {"method":"GET","uri":"assets\/img\/white-marble.svg","segments":["assets","img","white-marble.svg"]}
[2026-05-08 22:27:14] ERROR: API Error: NOT_FOUND - Invalid API endpoint {"status_code":404}
[2026-05-08 22:27:14] DEBUG: Incoming Request {"method":"GET","uri":"\/ssms-backend\/public\/assets\/img\/carrara-marble.svg","content_type":"","body_length":0,"parsed_body":null,"session_user_id":8}
[2026-05-08 22:27:14] DEBUG: Router: parsed {"method":"GET","uri":"assets\/img\/carrara-marble.svg","segments":["assets","img","carrara-marble.svg"]}
[2026-05-08 22:27:14] ERROR: API Error: NOT_FOUND - Invalid API endpoint {"status_code":404}
[2026-05-08 22:27:14] DEBUG: Incoming Request {"method":"GET","uri":"\/ssms-backend\/public\/assets\/img\/travertine-limestone.svg","content_type":"","body_length":0,"parsed_body":null,"session_user_id":8}
[2026-05-08 22:27:14] DEBUG: Router: parsed {"method":"GET","uri":"assets\/img\/travertine-limestone.svg","segments":["assets","img","travertine-limestone.svg"]}
[2026-05-08 22:27:14] ERROR: API Error: NOT_FOUND - Invalid API endpoint {"status_code":404}
[2026-05-08 22:27:14] DEBUG: Incoming Request {"method":"GET","uri":"\/ssms-backend\/public\/assets\/img\/red-granite.svg","content_type":"","body_length":0,"parsed_body":null,"session_user_id":8}
[2026-05-08 22:27:14] DEBUG: Router: parsed {"method":"GET","uri":"assets\/img\/red-granite.svg","segments":["assets","img","red-granite.svg"]}
[2026-05-08 22:27:14] ERROR: API Error: NOT_FOUND - Invalid API endpoint {"status_code":404}
[2026-05-08 22:27:14] DEBUG: Incoming Request {"method":"GET","uri":"\/ssms-backend\/public\/assets\/img\/blue-granite.svg","content_type":"","body_length":0,"parsed_body":null,"session_user_id":8}
[2026-05-08 22:27:14] DEBUG: Router: parsed {"method":"GET","uri":"assets\/img\/blue-granite.svg","segments":["assets","img","blue-granite.svg"]}
[2026-05-08 22:27:14] ERROR: API Error: NOT_FOUND - Invalid API endpoint {"status_code":404}
[2026-05-08 22:29:28] DEBUG: Incoming Request {"method":"GET","uri":"\/ssms-backend\/public\/api\/stones","content_type":"application\/json","body_length":0,"parsed_body":null,"session_user_id":8}
[2026-05-08 22:29:28] DEBUG: Router: parsed {"method":"GET","uri":"api\/stones","segments":["api","stones"]}
[2026-05-08 22:31:36] DEBUG: Incoming Request {"method":"POST","uri":"\/ssms-backend\/public\/api\/auth\/login","content_type":"application\/json","body_length":44,"parsed_body":{"username":"john","password":"***REDACTED***"},"session_user_id":null}
[2026-05-08 22:31:36] DEBUG: Router: parsed {"method":"POST","uri":"api\/auth\/login","segments":["api","auth","login"]}
[2026-05-08 22:31:36] ERROR: API Error: VALIDATION_ERROR - Invalid username or password {"status_code":400}
[2026-05-08 22:32:13] DEBUG: Incoming Request {"method":"POST","uri":"\/ssms-backend\/public\/api\/auth\/login","content_type":"application\/json","body_length":39,"parsed_body":{"username":"admin","password":"***REDACTED***"},"session_user_id":null}
[2026-05-08 22:32:13] DEBUG: Router: parsed {"method":"POST","uri":"api\/auth\/login","segments":["api","auth","login"]}
[2026-05-08 22:32:13] ERROR: API Error: VALIDATION_ERROR - Invalid username or password {"status_code":400}
[2026-05-08 22:32:22] DEBUG: Incoming Request {"method":"POST","uri":"\/ssms-backend\/public\/api\/auth\/login","content_type":"application\/json","body_length":47,"parsed_body":{"username":"testuser999","password":"***REDACTED***"},"session_user_id":null}
[2026-05-08 22:32:22] DEBUG: Router: parsed {"method":"POST","uri":"api\/auth\/login","segments":["api","auth","login"]}
[2026-05-08 22:32:22] ERROR: API Error: VALIDATION_ERROR - Invalid username or password {"status_code":400}
[2026-05-08 22:35:15] DEBUG: Incoming Request {"method":"POST","uri":"\/ssms-backend\/public\/api\/auth\/login","content_type":"application\/json","body_length":52,"parsed_body":{"username":"qa_customer_tmp","password":"***REDACTED***"},"session_user_id":8}
[2026-05-08 22:35:15] DEBUG: Router: parsed {"method":"POST","uri":"api\/auth\/login","segments":["api","auth","login"]}
[2026-05-08 22:35:16] DEBUG: Incoming Request {"method":"GET","uri":"\/ssms-backend\/public\/api\/auth\/me","content_type":"application\/json","body_length":0,"parsed_body":null,"session_user_id":10}
[2026-05-08 22:35:16] DEBUG: Router: parsed {"method":"GET","uri":"api\/auth\/me","segments":["api","auth","me"]}
[2026-05-08 22:35:16] DEBUG: Incoming Request {"method":"GET","uri":"\/ssms-backend\/public\/api\/orders","content_type":"application\/json","body_length":0,"parsed_body":null,"session_user_id":10}
[2026-05-08 22:35:16] DEBUG: Router: parsed {"method":"GET","uri":"api\/orders","segments":["api","orders"]}
[2026-05-08 22:35:16] DEBUG: Incoming Request {"method":"GET","uri":"\/ssms-backend\/public\/api\/requests","content_type":"application\/json","body_length":0,"parsed_body":null,"session_user_id":10}
[2026-05-08 22:35:16] DEBUG: Router: parsed {"method":"GET","uri":"api\/requests","segments":["api","requests"]}
[2026-05-08 22:35:29] DEBUG: Incoming Request {"method":"GET","uri":"\/ssms-backend\/public\/api\/auth\/me","content_type":"application\/json","body_length":0,"parsed_body":null,"session_user_id":10}
[2026-05-08 22:35:29] DEBUG: Router: parsed {"method":"GET","uri":"api\/auth\/me","segments":["api","auth","me"]}
[2026-05-08 22:35:29] DEBUG: Incoming Request {"method":"GET","uri":"\/ssms-backend\/public\/api\/orders","content_type":"application\/json","body_length":0,"parsed_body":null,"session_user_id":10}
[2026-05-08 22:35:29] DEBUG: Router: parsed {"method":"GET","uri":"api\/orders","segments":["api","orders"]}
[2026-05-08 22:35:34] DEBUG: Incoming Request {"method":"GET","uri":"\/ssms-backend\/public\/api\/auth\/me","content_type":"application\/json","body_length":0,"parsed_body":null,"session_user_id":10}
[2026-05-08 22:35:34] DEBUG: Router: parsed {"method":"GET","uri":"api\/auth\/me","segments":["api","auth","me"]}
[2026-05-08 22:35:34] DEBUG: Incoming Request {"method":"GET","uri":"\/ssms-backend\/public\/api\/orders","content_type":"application\/json","body_length":0,"parsed_body":null,"session_user_id":10}
[2026-05-08 22:35:34] DEBUG: Router: parsed {"method":"GET","uri":"api\/orders","segments":["api","orders"]}
[2026-05-08 22:35:59] DEBUG: Incoming Request {"method":"GET","uri":"\/ssms-backend\/public\/api\/cart","content_type":"application\/json","body_length":0,"parsed_body":null,"session_user_id":10}
[2026-05-08 22:35:59] DEBUG: Router: parsed {"method":"GET","uri":"api\/cart","segments":["api","cart"]}
[2026-05-08 22:35:59] DEBUG: CartModel::getCart {"customer_id":5}
[2026-05-08 22:35:59] DEBUG: CartModel::getOrCreateCart {"customer_id":5}
[2026-05-08 22:35:59] DEBUG: CartModel::getOrCreateCart - Found existing cart {"cart_id":2}
[2026-05-08 22:35:59] DEBUG: CartModel::getCart - Result {"cart_id":2,"item_count":0,"total":0}
[2026-05-08 22:36:03] DEBUG: Incoming Request {"method":"GET","uri":"\/ssms-backend\/public\/api\/stones","content_type":"application\/json","body_length":0,"parsed_body":null,"session_user_id":10}
[2026-05-08 22:36:03] DEBUG: Router: parsed {"method":"GET","uri":"api\/stones","segments":["api","stones"]}
[2026-05-10 21:40:44] DEBUG: Incoming Request {"method":"GET","uri":"\/ssms-backend\/public\/api\/stones","content_type":"application\/json","body_length":0,"parsed_body":null,"session_user_id":null}
[2026-05-10 21:40:44] DEBUG: Router: parsed {"method":"GET","uri":"api\/stones","segments":["api","stones"]}
[2026-05-10 21:45:33] DEBUG: Incoming Request {"method":"POST","uri":"\/ssms-backend\/public\/api\/auth\/login","content_type":"application\/json","body_length":49,"parsed_body":{"username":"qa_admin_tmp","password":"***REDACTED***"},"session_user_id":null}
[2026-05-10 21:45:33] DEBUG: Router: parsed {"method":"POST","uri":"api\/auth\/login","segments":["api","auth","login"]}
[2026-05-10 21:45:33] DEBUG: Incoming Request {"method":"GET","uri":"\/ssms-backend\/public\/api\/admin\/orders","content_type":"application\/json","body_length":0,"parsed_body":null,"session_user_id":8}
[2026-05-10 21:45:33] DEBUG: Router: parsed {"method":"GET","uri":"api\/admin\/orders","segments":["api","admin","orders"]}
[2026-05-10 21:45:33] DEBUG: Incoming Request {"method":"GET","uri":"\/ssms-backend\/public\/api\/admin\/requests","content_type":"application\/json","body_length":0,"parsed_body":null,"session_user_id":8}
[2026-05-10 21:45:33] DEBUG: Router: parsed {"method":"GET","uri":"api\/admin\/requests","segments":["api","admin","requests"]}
[2026-05-10 21:45:33] DEBUG: Incoming Request {"method":"GET","uri":"\/ssms-backend\/public\/api\/stones","content_type":"application\/json","body_length":0,"parsed_body":null,"session_user_id":8}
[2026-05-10 21:45:33] DEBUG: Router: parsed {"method":"GET","uri":"api\/stones","segments":["api","stones"]}
[2026-05-10 21:49:52] DEBUG: Incoming Request {"method":"POST","uri":"\/ssms-backend\/public\/api\/auth\/login","content_type":"application\/json","body_length":52,"parsed_body":{"username":"qa_customer_tmp","password":"***REDACTED***"},"session_user_id":8}
[2026-05-10 21:49:52] DEBUG: Router: parsed {"method":"POST","uri":"api\/auth\/login","segments":["api","auth","login"]}
[2026-05-10 21:49:52] ERROR: API Error: VALIDATION_ERROR - Invalid username or password {"status_code":400}
[2026-05-10 21:49:56] DEBUG: Incoming Request {"method":"POST","uri":"\/ssms-backend\/public\/api\/auth\/login","content_type":"application\/json","body_length":52,"parsed_body":{"username":"qa_customer_tmp","password":"***REDACTED***"},"session_user_id":8}
[2026-05-10 21:49:56] DEBUG: Router: parsed {"method":"POST","uri":"api\/auth\/login","segments":["api","auth","login"]}
[2026-05-10 21:49:57] DEBUG: Incoming Request {"method":"GET","uri":"\/ssms-backend\/public\/api\/auth\/me","content_type":"application\/json","body_length":0,"parsed_body":null,"session_user_id":10}
[2026-05-10 21:49:57] DEBUG: Router: parsed {"method":"GET","uri":"api\/auth\/me","segments":["api","auth","me"]}
[2026-05-10 21:49:57] DEBUG: Incoming Request {"method":"GET","uri":"\/ssms-backend\/public\/api\/orders","content_type":"application\/json","body_length":0,"parsed_body":null,"session_user_id":10}
[2026-05-10 21:49:57] DEBUG: Router: parsed {"method":"GET","uri":"api\/orders","segments":["api","orders"]}
[2026-05-10 21:49:57] DEBUG: Incoming Request {"method":"GET","uri":"\/ssms-backend\/public\/api\/requests","content_type":"application\/json","body_length":0,"parsed_body":null,"session_user_id":10}
[2026-05-10 21:49:57] DEBUG: Router: parsed {"method":"GET","uri":"api\/requests","segments":["api","requests"]}
[2026-05-16 22:07:05] DEBUG: Incoming Request {"method":"POST","uri":"\/ssms-backend\/public\/api\/auth\/login","content_type":"application\/json","body_length":52,"parsed_body":{"username":"qa_customer_tmp","password":"***REDACTED***"},"session_user_id":null}
[2026-05-16 22:07:05] DEBUG: Router: parsed {"method":"POST","uri":"api\/auth\/login","segments":["api","auth","login"]}
[2026-05-16 22:07:06] DEBUG: Incoming Request {"method":"GET","uri":"\/ssms-backend\/public\/api\/auth\/me","content_type":"application\/json","body_length":0,"parsed_body":null,"session_user_id":10}
[2026-05-16 22:07:06] DEBUG: Router: parsed {"method":"GET","uri":"api\/auth\/me","segments":["api","auth","me"]}
[2026-05-16 22:07:06] DEBUG: Incoming Request {"method":"GET","uri":"\/ssms-backend\/public\/api\/orders","content_type":"application\/json","body_length":0,"parsed_body":null,"session_user_id":10}
[2026-05-16 22:07:06] DEBUG: Router: parsed {"method":"GET","uri":"api\/orders","segments":["api","orders"]}
[2026-05-16 22:07:06] DEBUG: Incoming Request {"method":"GET","uri":"\/ssms-backend\/public\/api\/requests","content_type":"application\/json","body_length":0,"parsed_body":null,"session_user_id":10}
[2026-05-16 22:07:06] DEBUG: Router: parsed {"method":"GET","uri":"api\/requests","segments":["api","requests"]}
[2026-05-16 22:22:33] DEBUG: Incoming Request {"method":"POST","uri":"\/ssms-backend\/public\/api\/auth\/login","content_type":"application\/json","body_length":52,"parsed_body":{"username":"qa_customer_tmp","password":"***REDACTED***"},"session_user_id":10}
[2026-05-16 22:22:33] DEBUG: Router: parsed {"method":"POST","uri":"api\/auth\/login","segments":["api","auth","login"]}
[2026-05-16 22:22:34] DEBUG: Incoming Request {"method":"GET","uri":"\/ssms-backend\/public\/api\/auth\/me","content_type":"application\/json","body_length":0,"parsed_body":null,"session_user_id":10}
[2026-05-16 22:22:34] DEBUG: Router: parsed {"method":"GET","uri":"api\/auth\/me","segments":["api","auth","me"]}
[2026-05-16 22:22:34] DEBUG: Incoming Request {"method":"GET","uri":"\/ssms-backend\/public\/api\/orders","content_type":"application\/json","body_length":0,"parsed_body":null,"session_user_id":10}
[2026-05-16 22:22:34] DEBUG: Router: parsed {"method":"GET","uri":"api\/orders","segments":["api","orders"]}
[2026-05-16 22:22:34] DEBUG: Incoming Request {"method":"GET","uri":"\/ssms-backend\/public\/api\/requests","content_type":"application\/json","body_length":0,"parsed_body":null,"session_user_id":10}
[2026-05-16 22:22:34] DEBUG: Router: parsed {"method":"GET","uri":"api\/requests","segments":["api","requests"]}
[2026-05-16 22:32:04] DEBUG: Incoming Request {"method":"POST","uri":"\/ssms-backend\/public\/api\/auth\/login","content_type":"application\/json","body_length":49,"parsed_body":{"username":"qa_admin_tmp","password":"***REDACTED***"},"session_user_id":10}
[2026-05-16 22:32:04] DEBUG: Router: parsed {"method":"POST","uri":"api\/auth\/login","segments":["api","auth","login"]}
[2026-05-16 22:32:04] DEBUG: Incoming Request {"method":"GET","uri":"\/ssms-backend\/public\/api\/admin\/requests","content_type":"application\/json","body_length":0,"parsed_body":null,"session_user_id":8}
[2026-05-16 22:32:04] DEBUG: Router: parsed {"method":"GET","uri":"api\/admin\/requests","segments":["api","admin","requests"]}
[2026-05-16 22:32:04] DEBUG: Incoming Request {"method":"GET","uri":"\/ssms-backend\/public\/api\/admin\/orders","content_type":"application\/json","body_length":0,"parsed_body":null,"session_user_id":8}
[2026-05-16 22:32:04] DEBUG: Router: parsed {"method":"GET","uri":"api\/admin\/orders","segments":["api","admin","orders"]}
[2026-05-16 22:32:04] DEBUG: Incoming Request {"method":"GET","uri":"\/ssms-backend\/public\/api\/stones","content_type":"application\/json","body_length":0,"parsed_body":null,"session_user_id":8}
[2026-05-16 22:32:04] DEBUG: Router: parsed {"method":"GET","uri":"api\/stones","segments":["api","stones"]}
[2026-05-16 23:14:51] DEBUG: Incoming Request {"method":"GET","uri":"\/ssms-backend\/public\/api\/admin\/orders","content_type":"application\/json","body_length":0,"parsed_body":null,"session_user_id":8}
[2026-05-16 23:14:51] DEBUG: Router: parsed {"method":"GET","uri":"api\/admin\/orders","segments":["api","admin","orders"]}
[2026-05-16 23:14:51] DEBUG: Incoming Request {"method":"GET","uri":"\/ssms-backend\/public\/api\/admin\/requests","content_type":"application\/json","body_length":0,"parsed_body":null,"session_user_id":8}
[2026-05-16 23:14:51] DEBUG: Router: parsed {"method":"GET","uri":"api\/admin\/requests","segments":["api","admin","requests"]}
[2026-05-16 23:14:51] DEBUG: Incoming Request {"method":"GET","uri":"\/ssms-backend\/public\/api\/stones","content_type":"application\/json","body_length":0,"parsed_body":null,"session_user_id":8}
[2026-05-16 23:14:51] DEBUG: Router: parsed {"method":"GET","uri":"api\/stones","segments":["api","stones"]}
[2026-05-17 00:18:08] DEBUG: Incoming Request {"method":"POST","uri":"\/ssms-backend\/public\/api\/auth\/register","content_type":"application\/json","body_length":166,"parsed_body":{"username":"Abd","password":"***REDACTED***","full_name":"Abdallah Majdi Jibril","email":"abdullahjibril31@gmail.com","phone":"+972569966980","address":"Water Street"},"session_user_id":null}
[2026-05-17 00:18:08] DEBUG: Router: parsed {"method":"POST","uri":"api\/auth\/register","segments":["api","auth","register"]}
[2026-05-17 00:18:08] DEBUG: AuthController::register - Start 
[2026-05-17 00:18:08] DEBUG: AuthController::register - Request data received {"username":"Abd","full_name":"Abdallah Majdi Jibril","email":"abdullahjibril31@gmail.com","phone":"+972569966980","address":"Water Street","has_password":true}
[2026-05-17 00:18:08] DEBUG: UserModel::register - Start {"username":"Abd","full_name":"Abdallah Majdi Jibril","email":"abdullahjibril31@gmail.com","phone":"+972569966980","address":"Water Street"}
[2026-05-17 00:18:08] DEBUG: UserModel::register - Transaction started 
[2026-05-17 00:18:08] DEBUG: UserModel::register - Preparing INSERT into users table {"columns":"username, password_hash, full_name, phone, address, email, role, account_status"}
[2026-05-17 00:18:08] DEBUG: UserModel::register - Executing INSERT into users 
[2026-05-17 00:18:08] DEBUG: UserModel::register - User inserted successfully {"user_id":"4"}
[2026-05-17 00:18:08] DEBUG: UserModel::register - Preparing INSERT into customers table {"columns":"user_id"}
[2026-05-17 00:18:08] DEBUG: UserModel::register - Executing INSERT into customers 
[2026-05-17 00:18:08] DEBUG: UserModel::register - Customer inserted successfully {"customer_id":"2"}
[2026-05-17 00:18:08] DEBUG: UserModel::register - Transaction committed successfully 
[2026-05-17 00:18:08] DEBUG: AuthController::register - User registered successfully {"user_id":"4","customer_id":"2"}
[2026-05-17 00:18:08] DEBUG: AuthController::register - Session set {"session_id":"io7j215ecun82leobg7avq2s27"}
[2026-05-17 00:18:08] DEBUG: Incoming Request {"method":"GET","uri":"\/ssms-backend\/public\/api\/auth\/me","content_type":"application\/json","body_length":0,"parsed_body":null,"session_user_id":"4"}
[2026-05-17 00:18:08] DEBUG: Router: parsed {"method":"GET","uri":"api\/auth\/me","segments":["api","auth","me"]}
[2026-05-17 00:18:08] DEBUG: Incoming Request {"method":"GET","uri":"\/ssms-backend\/public\/api\/orders","content_type":"application\/json","body_length":0,"parsed_body":null,"session_user_id":"4"}
[2026-05-17 00:18:08] DEBUG: Router: parsed {"method":"GET","uri":"api\/orders","segments":["api","orders"]}
[2026-05-17 00:18:08] DEBUG: Incoming Request {"method":"GET","uri":"\/ssms-backend\/public\/api\/requests","content_type":"application\/json","body_length":0,"parsed_body":null,"session_user_id":"4"}
[2026-05-17 00:18:08] DEBUG: Router: parsed {"method":"GET","uri":"api\/requests","segments":["api","requests"]}
[2026-05-17 00:18:38] DEBUG: Incoming Request {"method":"GET","uri":"\/ssms-backend\/public\/api\/auth\/me","content_type":"application\/json","body_length":0,"parsed_body":null,"session_user_id":"4"}
[2026-05-17 00:18:38] DEBUG: Router: parsed {"method":"GET","uri":"api\/auth\/me","segments":["api","auth","me"]}
[2026-05-17 00:18:38] DEBUG: Incoming Request {"method":"GET","uri":"\/ssms-backend\/public\/api\/orders","content_type":"application\/json","body_length":0,"parsed_body":null,"session_user_id":"4"}
[2026-05-17 00:18:38] DEBUG: Router: parsed {"method":"GET","uri":"api\/orders","segments":["api","orders"]}
[2026-05-17 00:18:38] DEBUG: Incoming Request {"method":"GET","uri":"\/ssms-backend\/public\/api\/requests","content_type":"application\/json","body_length":0,"parsed_body":null,"session_user_id":"4"}
[2026-05-17 00:18:38] DEBUG: Router: parsed {"method":"GET","uri":"api\/requests","segments":["api","requests"]}
[2026-05-17 00:28:44] DEBUG: Incoming Request {"method":"POST","uri":"\/ssms-backend\/public\/api\/auth\/login","content_type":"application\/json","body_length":44,"parsed_body":{"username":"Abd","password":"***REDACTED***"},"session_user_id":null}
[2026-05-17 00:28:44] DEBUG: Router: parsed {"method":"POST","uri":"api\/auth\/login","segments":["api","auth","login"]}
[2026-05-17 00:28:56] DEBUG: Incoming Request {"method":"POST","uri":"\/ssms-backend\/public\/api\/auth\/login","content_type":"application\/json","body_length":44,"parsed_body":{"username":"Abd","password":"***REDACTED***"},"session_user_id":null}
[2026-05-17 00:28:56] DEBUG: Router: parsed {"method":"POST","uri":"api\/auth\/login","segments":["api","auth","login"]}
[2026-05-17 00:29:41] DEBUG: Incoming Request {"method":"POST","uri":"\/ssms-backend\/public\/api\/auth\/login","content_type":"application\/json","body_length":44,"parsed_body":{"username":"Abd","password":"***REDACTED***"},"session_user_id":null}
[2026-05-17 00:29:41] DEBUG: Router: parsed {"method":"POST","uri":"api\/auth\/login","segments":["api","auth","login"]}
[2026-05-17 00:29:52] DEBUG: Incoming Request {"method":"POST","uri":"\/ssms-backend\/public\/api\/auth\/login","content_type":"application\/json","body_length":43,"parsed_body":{"username":"Abd","password":"***REDACTED***"},"session_user_id":null}
[2026-05-17 00:29:52] DEBUG: Router: parsed {"method":"POST","uri":"api\/auth\/login","segments":["api","auth","login"]}
[2026-05-17 00:29:52] ERROR: API Error: VALIDATION_ERROR - Invalid username or password {"status_code":400}
[2026-05-17 00:29:59] DEBUG: Incoming Request {"method":"POST","uri":"\/ssms-backend\/public\/api\/auth\/login","content_type":"application\/json","body_length":38,"parsed_body":{"username":"Abd","password":"***REDACTED***"},"session_user_id":null}
[2026-05-17 00:29:59] DEBUG: Router: parsed {"method":"POST","uri":"api\/auth\/login","segments":["api","auth","login"]}
[2026-05-17 00:29:59] ERROR: API Error: VALIDATION_ERROR - Invalid username or password {"status_code":400}
[2026-05-17 00:31:18] DEBUG: Incoming Request {"method":"POST","uri":"\/ssms-backend\/public\/api\/auth\/register","content_type":"application\/json","body_length":166,"parsed_body":{"username":"Abd","password":"***REDACTED***","full_name":"Abdallah Majdi Jibril","email":"abdullahjibril31@gmail.com","phone":"+972569966980","address":"Water Street"},"session_user_id":null}
[2026-05-17 00:31:18] DEBUG: Router: parsed {"method":"POST","uri":"api\/auth\/register","segments":["api","auth","register"]}
[2026-05-17 00:31:18] DEBUG: AuthController::register - Start 
[2026-05-17 00:31:18] DEBUG: AuthController::register - Request data received {"username":"Abd","full_name":"Abdallah Majdi Jibril","email":"abdullahjibril31@gmail.com","phone":"+972569966980","address":"Water Street","has_password":true}
[2026-05-17 00:31:18] DEBUG: UserModel::register - Start {"username":"Abd","full_name":"Abdallah Majdi Jibril","email":"abdullahjibril31@gmail.com","phone":"+972569966980","address":"Water Street"}
[2026-05-17 00:31:18] DEBUG: UserModel::register - Transaction started 
[2026-05-17 00:31:18] DEBUG: UserModel::register - Preparing INSERT into users table {"columns":"username, password_hash, full_name, phone, address, email, role, account_status"}
[2026-05-17 00:31:18] DEBUG: UserModel::register - Executing INSERT into users 
[2026-05-17 00:31:18] DEBUG: UserModel::register - User inserted successfully {"user_id":"5"}
[2026-05-17 00:31:18] DEBUG: UserModel::register - Preparing INSERT into customers table {"columns":"user_id"}
[2026-05-17 00:31:18] DEBUG: UserModel::register - Executing INSERT into customers 
[2026-05-17 00:31:18] DEBUG: UserModel::register - Customer inserted successfully {"customer_id":"3"}
[2026-05-17 00:31:18] DEBUG: UserModel::register - Transaction committed successfully 
[2026-05-17 00:31:18] DEBUG: AuthController::register - User registered successfully {"user_id":"5","customer_id":"3"}
[2026-05-17 00:31:18] DEBUG: AuthController::register - Session set {"session_id":"e2uh6tm6vmhfcmmebma06h041l"}
[2026-05-17 00:31:28] DEBUG: Incoming Request {"method":"POST","uri":"\/ssms-backend\/public\/api\/auth\/login","content_type":"application\/json","body_length":44,"parsed_body":{"username":"Abd","password":"***REDACTED***"},"session_user_id":null}
[2026-05-17 00:31:28] DEBUG: Router: parsed {"method":"POST","uri":"api\/auth\/login","segments":["api","auth","login"]}
[2026-05-17 00:31:32] DEBUG: Incoming Request {"method":"POST","uri":"\/ssms-backend\/public\/api\/auth\/login","content_type":"application\/json","body_length":44,"parsed_body":{"username":"Abd","password":"***REDACTED***"},"session_user_id":null}
[2026-05-17 00:31:32] DEBUG: Router: parsed {"method":"POST","uri":"api\/auth\/login","segments":["api","auth","login"]}
[2026-05-17 00:34:50] DEBUG: Incoming Request {"method":"GET","uri":"\/ssms-backend\/public\/api\/auth\/me","content_type":"application\/json","body_length":0,"parsed_body":null,"session_user_id":"4"}
[2026-05-17 00:34:50] DEBUG: Router: parsed {"method":"GET","uri":"api\/auth\/me","segments":["api","auth","me"]}
[2026-05-17 00:34:50] ERROR: Uncaught exception in router {"error":"Automatic conversion of false to array is deprecated","code":0,"file":"C:\\wamp64\\www\\ssms-backend\\controllers\\AuthController.php","line":126}
[2026-05-17 00:34:50] ERROR: API Error: SERVER_ERROR - Server error: Automatic conversion of false to array is deprecated {"status_code":500}
[2026-05-17 00:34:55] DEBUG: Incoming Request {"method":"POST","uri":"\/ssms-backend\/public\/api\/auth\/login","content_type":"application\/json","body_length":44,"parsed_body":{"username":"Abd","password":"***REDACTED***"},"session_user_id":"4"}
[2026-05-17 00:34:55] DEBUG: Router: parsed {"method":"POST","uri":"api\/auth\/login","segments":["api","auth","login"]}
[2026-05-17 00:34:55] DEBUG: Incoming Request {"method":"GET","uri":"\/ssms-backend\/public\/api\/auth\/me","content_type":"application\/json","body_length":0,"parsed_body":null,"session_user_id":5}
[2026-05-17 00:34:55] DEBUG: Router: parsed {"method":"GET","uri":"api\/auth\/me","segments":["api","auth","me"]}
[2026-05-17 00:34:55] DEBUG: Incoming Request {"method":"GET","uri":"\/ssms-backend\/public\/api\/orders","content_type":"application\/json","body_length":0,"parsed_body":null,"session_user_id":5}
[2026-05-17 00:34:55] DEBUG: Router: parsed {"method":"GET","uri":"api\/orders","segments":["api","orders"]}
[2026-05-17 00:34:55] DEBUG: Incoming Request {"method":"GET","uri":"\/ssms-backend\/public\/api\/requests","content_type":"application\/json","body_length":0,"parsed_body":null,"session_user_id":5}
[2026-05-17 00:34:55] DEBUG: Router: parsed {"method":"GET","uri":"api\/requests","segments":["api","requests"]}
[2026-05-17 00:35:17] DEBUG: Incoming Request {"method":"POST","uri":"\/ssms-backend\/public\/api\/auth\/login","content_type":"application\/json","body_length":44,"parsed_body":{"username":"Abd","password":"***REDACTED***"},"session_user_id":5}
[2026-05-17 00:35:17] DEBUG: Router: parsed {"method":"POST","uri":"api\/auth\/login","segments":["api","auth","login"]}
[2026-05-17 00:35:17] DEBUG: Incoming Request {"method":"GET","uri":"\/ssms-backend\/public\/api\/auth\/me","content_type":"application\/json","body_length":0,"parsed_body":null,"session_user_id":5}
[2026-05-17 00:35:17] DEBUG: Router: parsed {"method":"GET","uri":"api\/auth\/me","segments":["api","auth","me"]}
[2026-05-17 00:35:17] DEBUG: Incoming Request {"method":"GET","uri":"\/ssms-backend\/public\/api\/orders","content_type":"application\/json","body_length":0,"parsed_body":null,"session_user_id":5}
[2026-05-17 00:35:17] DEBUG: Router: parsed {"method":"GET","uri":"api\/orders","segments":["api","orders"]}
[2026-05-17 00:35:17] DEBUG: Incoming Request {"method":"GET","uri":"\/ssms-backend\/public\/api\/requests","content_type":"application\/json","body_length":0,"parsed_body":null,"session_user_id":5}
[2026-05-17 00:35:17] DEBUG: Router: parsed {"method":"GET","uri":"api\/requests","segments":["api","requests"]}
[2026-05-17 00:40:20] DEBUG: Incoming Request {"method":"GET","uri":"\/ssms-backend\/public\/api\/auth\/me","content_type":"application\/json","body_length":0,"parsed_body":null,"session_user_id":5}
[2026-05-17 00:40:20] DEBUG: Router: parsed {"method":"GET","uri":"api\/auth\/me","segments":["api","auth","me"]}
[2026-05-17 00:40:20] DEBUG: Incoming Request {"method":"GET","uri":"\/ssms-backend\/public\/api\/orders","content_type":"application\/json","body_length":0,"parsed_body":null,"session_user_id":5}
[2026-05-17 00:40:20] DEBUG: Router: parsed {"method":"GET","uri":"api\/orders","segments":["api","orders"]}
[2026-05-17 00:40:20] DEBUG: Incoming Request {"method":"GET","uri":"\/ssms-backend\/public\/api\/requests","content_type":"application\/json","body_length":0,"parsed_body":null,"session_user_id":5}
[2026-05-17 00:40:20] DEBUG: Router: parsed {"method":"GET","uri":"api\/requests","segments":["api","requests"]}
[2026-05-17 00:40:25] DEBUG: Incoming Request {"method":"GET","uri":"\/ssms-backend\/public\/api\/auth\/me","content_type":"application\/json","body_length":0,"parsed_body":null,"session_user_id":5}
[2026-05-17 00:40:25] DEBUG: Router: parsed {"method":"GET","uri":"api\/auth\/me","segments":["api","auth","me"]}
[2026-05-17 00:40:25] DEBUG: Incoming Request {"method":"GET","uri":"\/ssms-backend\/public\/api\/orders","content_type":"application\/json","body_length":0,"parsed_body":null,"session_user_id":5}
[2026-05-17 00:40:25] DEBUG: Router: parsed {"method":"GET","uri":"api\/orders","segments":["api","orders"]}
[2026-05-17 00:40:25] DEBUG: Incoming Request {"method":"GET","uri":"\/ssms-backend\/public\/api\/requests","content_type":"application\/json","body_length":0,"parsed_body":null,"session_user_id":5}
[2026-05-17 00:40:25] DEBUG: Router: parsed {"method":"GET","uri":"api\/requests","segments":["api","requests"]}
[2026-05-17 00:40:38] DEBUG: Incoming Request {"method":"GET","uri":"\/ssms-backend\/public\/api\/auth\/me","content_type":"application\/json","body_length":0,"parsed_body":null,"session_user_id":5}
[2026-05-17 00:40:38] DEBUG: Router: parsed {"method":"GET","uri":"api\/auth\/me","segments":["api","auth","me"]}
[2026-05-17 00:40:38] DEBUG: Incoming Request {"method":"GET","uri":"\/ssms-backend\/public\/api\/orders","content_type":"application\/json","body_length":0,"parsed_body":null,"session_user_id":5}
[2026-05-17 00:40:38] DEBUG: Router: parsed {"method":"GET","uri":"api\/orders","segments":["api","orders"]}
[2026-05-17 00:40:38] DEBUG: Incoming Request {"method":"GET","uri":"\/ssms-backend\/public\/api\/requests","content_type":"application\/json","body_length":0,"parsed_body":null,"session_user_id":5}
[2026-05-17 00:40:38] DEBUG: Router: parsed {"method":"GET","uri":"api\/requests","segments":["api","requests"]}
[2026-05-17 00:40:40] DEBUG: Incoming Request {"method":"GET","uri":"\/ssms-backend\/public\/api\/auth\/me","content_type":"application\/json","body_length":0,"parsed_body":null,"session_user_id":5}
[2026-05-17 00:40:40] DEBUG: Router: parsed {"method":"GET","uri":"api\/auth\/me","segments":["api","auth","me"]}
[2026-05-17 00:40:40] DEBUG: Incoming Request {"method":"GET","uri":"\/ssms-backend\/public\/api\/orders","content_type":"application\/json","body_length":0,"parsed_body":null,"session_user_id":5}
[2026-05-17 00:40:40] DEBUG: Router: parsed {"method":"GET","uri":"api\/orders","segments":["api","orders"]}
[2026-05-17 00:40:40] DEBUG: Incoming Request {"method":"GET","uri":"\/ssms-backend\/public\/api\/requests","content_type":"application\/json","body_length":0,"parsed_body":null,"session_user_id":5}
[2026-05-17 00:40:40] DEBUG: Router: parsed {"method":"GET","uri":"api\/requests","segments":["api","requests"]}
[2026-05-17 00:40:57] DEBUG: Incoming Request {"method":"GET","uri":"\/ssms-backend\/public\/api\/auth\/me","content_type":"application\/json","body_length":0,"parsed_body":null,"session_user_id":5}
[2026-05-17 00:40:57] DEBUG: Router: parsed {"method":"GET","uri":"api\/auth\/me","segments":["api","auth","me"]}
[2026-05-17 00:40:57] DEBUG: Incoming Request {"method":"GET","uri":"\/ssms-backend\/public\/api\/orders","content_type":"application\/json","body_length":0,"parsed_body":null,"session_user_id":5}
[2026-05-17 00:40:57] DEBUG: Router: parsed {"method":"GET","uri":"api\/orders","segments":["api","orders"]}
[2026-05-17 00:40:57] DEBUG: Incoming Request {"method":"GET","uri":"\/ssms-backend\/public\/api\/requests","content_type":"application\/json","body_length":0,"parsed_body":null,"session_user_id":5}
[2026-05-17 00:40:57] DEBUG: Router: parsed {"method":"GET","uri":"api\/requests","segments":["api","requests"]}
[2026-05-17 00:41:16] DEBUG: Incoming Request {"method":"GET","uri":"\/ssms-backend\/public\/api\/auth\/me","content_type":"application\/json","body_length":0,"parsed_body":null,"session_user_id":5}
[2026-05-17 00:41:16] DEBUG: Router: parsed {"method":"GET","uri":"api\/auth\/me","segments":["api","auth","me"]}
[2026-05-17 00:41:16] DEBUG: Incoming Request {"method":"GET","uri":"\/ssms-backend\/public\/api\/orders","content_type":"application\/json","body_length":0,"parsed_body":null,"session_user_id":5}
[2026-05-17 00:41:16] DEBUG: Router: parsed {"method":"GET","uri":"api\/orders","segments":["api","orders"]}
[2026-05-17 00:41:16] DEBUG: Incoming Request {"method":"GET","uri":"\/ssms-backend\/public\/api\/requests","content_type":"application\/json","body_length":0,"parsed_body":null,"session_user_id":5}
[2026-05-17 00:41:16] DEBUG: Router: parsed {"method":"GET","uri":"api\/requests","segments":["api","requests"]}
[2026-05-17 00:46:27] DEBUG: Incoming Request {"method":"GET","uri":"\/ssms-backend\/public\/api\/auth\/me","content_type":"application\/json","body_length":0,"parsed_body":null,"session_user_id":5}
[2026-05-17 00:46:27] DEBUG: Router: parsed {"method":"GET","uri":"api\/auth\/me","segments":["api","auth","me"]}
[2026-05-17 00:46:27] DEBUG: Incoming Request {"method":"GET","uri":"\/ssms-backend\/public\/api\/orders","content_type":"application\/json","body_length":0,"parsed_body":null,"session_user_id":5}
[2026-05-17 00:46:27] DEBUG: Router: parsed {"method":"GET","uri":"api\/orders","segments":["api","orders"]}
[2026-05-17 00:46:27] DEBUG: Incoming Request {"method":"GET","uri":"\/ssms-backend\/public\/api\/requests","content_type":"application\/json","body_length":0,"parsed_body":null,"session_user_id":5}
[2026-05-17 00:46:27] DEBUG: Router: parsed {"method":"GET","uri":"api\/requests","segments":["api","requests"]}
[2026-05-17 00:46:46] DEBUG: Incoming Request {"method":"GET","uri":"\/ssms-backend\/public\/api\/auth\/me","content_type":"application\/json","body_length":0,"parsed_body":null,"session_user_id":5}
[2026-05-17 00:46:46] DEBUG: Router: parsed {"method":"GET","uri":"api\/auth\/me","segments":["api","auth","me"]}
[2026-05-17 00:46:46] DEBUG: Incoming Request {"method":"GET","uri":"\/ssms-backend\/public\/api\/orders","content_type":"application\/json","body_length":0,"parsed_body":null,"session_user_id":5}
[2026-05-17 00:46:46] DEBUG: Router: parsed {"method":"GET","uri":"api\/orders","segments":["api","orders"]}
[2026-05-17 00:50:10] DEBUG: Incoming Request {"method":"GET","uri":"\/ssms-backend\/public\/api\/auth\/me","content_type":"application\/json","body_length":0,"parsed_body":null,"session_user_id":5}
[2026-05-17 00:50:10] DEBUG: Router: parsed {"method":"GET","uri":"api\/auth\/me","segments":["api","auth","me"]}
[2026-05-17 00:50:10] DEBUG: Incoming Request {"method":"GET","uri":"\/ssms-backend\/public\/api\/orders","content_type":"application\/json","body_length":0,"parsed_body":null,"session_user_id":5}
[2026-05-17 00:50:10] DEBUG: Router: parsed {"method":"GET","uri":"api\/orders","segments":["api","orders"]}
[2026-05-17 00:50:10] DEBUG: Incoming Request {"method":"GET","uri":"\/ssms-backend\/public\/api\/requests","content_type":"application\/json","body_length":0,"parsed_body":null,"session_user_id":5}
[2026-05-17 00:50:10] DEBUG: Router: parsed {"method":"GET","uri":"api\/requests","segments":["api","requests"]}
[2026-05-17 00:50:47] DEBUG: Incoming Request {"method":"GET","uri":"\/ssms-backend\/public\/api\/auth\/me","content_type":"application\/json","body_length":0,"parsed_body":null,"session_user_id":5}
[2026-05-17 00:50:47] DEBUG: Router: parsed {"method":"GET","uri":"api\/auth\/me","segments":["api","auth","me"]}
[2026-05-17 00:50:47] DEBUG: Incoming Request {"method":"GET","uri":"\/ssms-backend\/public\/api\/orders","content_type":"application\/json","body_length":0,"parsed_body":null,"session_user_id":5}
[2026-05-17 00:50:47] DEBUG: Router: parsed {"method":"GET","uri":"api\/orders","segments":["api","orders"]}
[2026-05-17 00:50:48] DEBUG: Incoming Request {"method":"GET","uri":"\/ssms-backend\/public\/api\/requests","content_type":"application\/json","body_length":0,"parsed_body":null,"session_user_id":5}
[2026-05-17 00:50:48] DEBUG: Router: parsed {"method":"GET","uri":"api\/requests","segments":["api","requests"]}
[2026-05-17 00:50:55] DEBUG: Incoming Request {"method":"GET","uri":"\/ssms-backend\/public\/api\/auth\/me","content_type":"application\/json","body_length":0,"parsed_body":null,"session_user_id":5}
[2026-05-17 00:50:55] DEBUG: Router: parsed {"method":"GET","uri":"api\/auth\/me","segments":["api","auth","me"]}
[2026-05-17 00:50:55] DEBUG: Incoming Request {"method":"GET","uri":"\/ssms-backend\/public\/api\/orders","content_type":"application\/json","body_length":0,"parsed_body":null,"session_user_id":5}
[2026-05-17 00:50:55] DEBUG: Router: parsed {"method":"GET","uri":"api\/orders","segments":["api","orders"]}
[2026-05-17 00:50:57] DEBUG: Incoming Request {"method":"GET","uri":"\/ssms-backend\/public\/api\/auth\/me","content_type":"application\/json","body_length":0,"parsed_body":null,"session_user_id":5}
[2026-05-17 00:50:57] DEBUG: Router: parsed {"method":"GET","uri":"api\/auth\/me","segments":["api","auth","me"]}
[2026-05-17 00:50:57] DEBUG: Incoming Request {"method":"GET","uri":"\/ssms-backend\/public\/api\/orders","content_type":"application\/json","body_length":0,"parsed_body":null,"session_user_id":5}
[2026-05-17 00:50:57] DEBUG: Router: parsed {"method":"GET","uri":"api\/orders","segments":["api","orders"]}
[2026-05-17 00:50:57] DEBUG: Incoming Request {"method":"GET","uri":"\/ssms-backend\/public\/api\/requests","content_type":"application\/json","body_length":0,"parsed_body":null,"session_user_id":5}
[2026-05-17 00:50:57] DEBUG: Router: parsed {"method":"GET","uri":"api\/requests","segments":["api","requests"]}
[2026-05-17 00:51:00] DEBUG: Incoming Request {"method":"GET","uri":"\/ssms-backend\/public\/api\/auth\/me","content_type":"application\/json","body_length":0,"parsed_body":null,"session_user_id":5}
[2026-05-17 00:51:00] DEBUG: Router: parsed {"method":"GET","uri":"api\/auth\/me","segments":["api","auth","me"]}
[2026-05-17 00:51:00] DEBUG: Incoming Request {"method":"GET","uri":"\/ssms-backend\/public\/api\/orders","content_type":"application\/json","body_length":0,"parsed_body":null,"session_user_id":5}
[2026-05-17 00:51:00] DEBUG: Router: parsed {"method":"GET","uri":"api\/orders","segments":["api","orders"]}
[2026-05-17 00:51:01] DEBUG: Incoming Request {"method":"GET","uri":"\/ssms-backend\/public\/api\/auth\/me","content_type":"application\/json","body_length":0,"parsed_body":null,"session_user_id":5}
[2026-05-17 00:51:01] DEBUG: Router: parsed {"method":"GET","uri":"api\/auth\/me","segments":["api","auth","me"]}
[2026-05-17 00:51:01] DEBUG: Incoming Request {"method":"GET","uri":"\/ssms-backend\/public\/api\/orders","content_type":"application\/json","body_length":0,"parsed_body":null,"session_user_id":5}
[2026-05-17 00:51:01] DEBUG: Router: parsed {"method":"GET","uri":"api\/orders","segments":["api","orders"]}
[2026-05-17 00:51:01] DEBUG: Incoming Request {"method":"GET","uri":"\/ssms-backend\/public\/api\/requests","content_type":"application\/json","body_length":0,"parsed_body":null,"session_user_id":5}
[2026-05-17 00:51:01] DEBUG: Router: parsed {"method":"GET","uri":"api\/requests","segments":["api","requests"]}
[2026-05-17 00:51:03] DEBUG: Incoming Request {"method":"GET","uri":"\/ssms-backend\/public\/api\/auth\/me","content_type":"application\/json","body_length":0,"parsed_body":null,"session_user_id":5}
[2026-05-17 00:51:03] DEBUG: Router: parsed {"method":"GET","uri":"api\/auth\/me","segments":["api","auth","me"]}
[2026-05-17 00:51:03] DEBUG: Incoming Request {"method":"GET","uri":"\/ssms-backend\/public\/api\/orders","content_type":"application\/json","body_length":0,"parsed_body":null,"session_user_id":5}
[2026-05-17 00:51:03] DEBUG: Router: parsed {"method":"GET","uri":"api\/orders","segments":["api","orders"]}
[2026-05-17 00:51:03] DEBUG: Incoming Request {"method":"GET","uri":"\/ssms-backend\/public\/api\/requests","content_type":"application\/json","body_length":0,"parsed_body":null,"session_user_id":5}
[2026-05-17 00:51:03] DEBUG: Router: parsed {"method":"GET","uri":"api\/requests","segments":["api","requests"]}
[2026-05-17 00:51:27] DEBUG: Incoming Request {"method":"GET","uri":"\/ssms-backend\/public\/api\/auth\/me","content_type":"application\/json","body_length":0,"parsed_body":null,"session_user_id":5}
[2026-05-17 00:51:27] DEBUG: Router: parsed {"method":"GET","uri":"api\/auth\/me","segments":["api","auth","me"]}
[2026-05-17 00:51:27] DEBUG: Incoming Request {"method":"GET","uri":"\/ssms-backend\/public\/api\/orders","content_type":"application\/json","body_length":0,"parsed_body":null,"session_user_id":5}
[2026-05-17 00:51:27] DEBUG: Router: parsed {"method":"GET","uri":"api\/orders","segments":["api","orders"]}
[2026-05-17 00:51:27] DEBUG: Incoming Request {"method":"GET","uri":"\/ssms-backend\/public\/api\/requests","content_type":"application\/json","body_length":0,"parsed_body":null,"session_user_id":5}
[2026-05-17 00:51:27] DEBUG: Router: parsed {"method":"GET","uri":"api\/requests","segments":["api","requests"]}
[2026-05-17 00:52:32] DEBUG: Incoming Request {"method":"POST","uri":"\/ssms-backend\/public\/api\/auth\/login","content_type":"application\/json","body_length":44,"parsed_body":{"username":"Abd","password":"***REDACTED***"},"session_user_id":null}
[2026-05-17 00:52:32] DEBUG: Router: parsed {"method":"POST","uri":"api\/auth\/login","segments":["api","auth","login"]}
[2026-05-17 00:52:48] DEBUG: Incoming Request {"method":"POST","uri":"\/ssms-backend\/public\/api\/auth\/login","content_type":"application\/json","body_length":43,"parsed_body":{"username":"admin","password":"***REDACTED***"},"session_user_id":null}
[2026-05-17 00:52:48] DEBUG: Router: parsed {"method":"POST","uri":"api\/auth\/login","segments":["api","auth","login"]}
[2026-05-17 00:52:49] ERROR: API Error: VALIDATION_ERROR - Invalid username or password {"status_code":400}
[2026-05-17 00:52:50] DEBUG: Incoming Request {"method":"POST","uri":"\/ssms-backend\/public\/api\/auth\/login","content_type":"application\/json","body_length":43,"parsed_body":{"username":"admin","password":"***REDACTED***"},"session_user_id":null}
[2026-05-17 00:52:50] DEBUG: Router: parsed {"method":"POST","uri":"api\/auth\/login","segments":["api","auth","login"]}
[2026-05-17 00:52:50] ERROR: API Error: VALIDATION_ERROR - Invalid username or password {"status_code":400}
[2026-05-17 00:52:57] DEBUG: Incoming Request {"method":"POST","uri":"\/ssms-backend\/public\/api\/auth\/login","content_type":"application\/json","body_length":44,"parsed_body":{"username":"Abd","password":"***REDACTED***"},"session_user_id":null}
[2026-05-17 00:52:57] DEBUG: Router: parsed {"method":"POST","uri":"api\/auth\/login","segments":["api","auth","login"]}
[2026-05-17 00:53:00] DEBUG: Incoming Request {"method":"POST","uri":"\/ssms-backend\/public\/api\/auth\/login","content_type":"application\/json","body_length":44,"parsed_body":{"username":"Abd","password":"***REDACTED***"},"session_user_id":null}
[2026-05-17 00:53:00] DEBUG: Router: parsed {"method":"POST","uri":"api\/auth\/login","segments":["api","auth","login"]}
[2026-05-17 00:53:00] DEBUG: Incoming Request {"method":"GET","uri":"\/ssms-backend\/public\/api\/auth\/me","content_type":"application\/json","body_length":0,"parsed_body":null,"session_user_id":null}
[2026-05-17 00:53:00] DEBUG: Router: parsed {"method":"GET","uri":"api\/auth\/me","segments":["api","auth","me"]}
[2026-05-17 00:53:00] ERROR: API Error: UNAUTHORIZED - Please login to continue {"status_code":401}
[2026-05-17 00:53:03] DEBUG: Incoming Request {"method":"POST","uri":"\/ssms-backend\/public\/api\/auth\/login","content_type":"application\/json","body_length":44,"parsed_body":{"username":"Abd","password":"***REDACTED***"},"session_user_id":null}
[2026-05-17 00:53:03] DEBUG: Router: parsed {"method":"POST","uri":"api\/auth\/login","segments":["api","auth","login"]}
[2026-05-17 00:53:03] DEBUG: Incoming Request {"method":"GET","uri":"\/ssms-backend\/public\/api\/auth\/me","content_type":"application\/json","body_length":0,"parsed_body":null,"session_user_id":null}
[2026-05-17 00:53:03] DEBUG: Router: parsed {"method":"GET","uri":"api\/auth\/me","segments":["api","auth","me"]}
[2026-05-17 00:53:03] ERROR: API Error: UNAUTHORIZED - Please login to continue {"status_code":401}
[2026-05-17 00:53:05] DEBUG: Incoming Request {"method":"POST","uri":"\/ssms-backend\/public\/api\/auth\/login","content_type":"application\/json","body_length":44,"parsed_body":{"username":"Abd","password":"***REDACTED***"},"session_user_id":null}
[2026-05-17 00:53:05] DEBUG: Router: parsed {"method":"POST","uri":"api\/auth\/login","segments":["api","auth","login"]}
[2026-05-17 00:53:14] DEBUG: Incoming Request {"method":"POST","uri":"\/ssms-backend\/public\/api\/auth\/login","content_type":"application\/json","body_length":44,"parsed_body":{"username":"Abd","password":"***REDACTED***"},"session_user_id":null}
[2026-05-17 00:53:14] DEBUG: Router: parsed {"method":"POST","uri":"api\/auth\/login","segments":["api","auth","login"]}
[2026-05-17 00:53:30] DEBUG: Incoming Request {"method":"POST","uri":"\/ssms-backend\/public\/api\/auth\/login","content_type":"application\/json","body_length":44,"parsed_body":{"username":"Abd","password":"***REDACTED***"},"session_user_id":5}
[2026-05-17 00:53:30] DEBUG: Router: parsed {"method":"POST","uri":"api\/auth\/login","segments":["api","auth","login"]}
[2026-05-17 00:53:30] DEBUG: Incoming Request {"method":"GET","uri":"\/ssms-backend\/public\/api\/auth\/me","content_type":"application\/json","body_length":0,"parsed_body":null,"session_user_id":5}
[2026-05-17 00:53:30] DEBUG: Router: parsed {"method":"GET","uri":"api\/auth\/me","segments":["api","auth","me"]}
[2026-05-17 00:53:30] DEBUG: Incoming Request {"method":"GET","uri":"\/ssms-backend\/public\/api\/orders","content_type":"application\/json","body_length":0,"parsed_body":null,"session_user_id":5}
[2026-05-17 00:53:30] DEBUG: Router: parsed {"method":"GET","uri":"api\/orders","segments":["api","orders"]}
[2026-05-17 00:53:30] DEBUG: Incoming Request {"method":"GET","uri":"\/ssms-backend\/public\/api\/requests","content_type":"application\/json","body_length":0,"parsed_body":null,"session_user_id":5}
[2026-05-17 00:53:30] DEBUG: Router: parsed {"method":"GET","uri":"api\/requests","segments":["api","requests"]}
[2026-05-17 00:54:45] DEBUG: Incoming Request {"method":"GET","uri":"\/ssms-backend\/public\/api\/auth\/me","content_type":"application\/json","body_length":0,"parsed_body":null,"session_user_id":5}
[2026-05-17 00:54:45] DEBUG: Router: parsed {"method":"GET","uri":"api\/auth\/me","segments":["api","auth","me"]}
[2026-05-17 00:54:45] DEBUG: Incoming Request {"method":"GET","uri":"\/ssms-backend\/public\/api\/orders","content_type":"application\/json","body_length":0,"parsed_body":null,"session_user_id":5}
[2026-05-17 00:54:45] DEBUG: Router: parsed {"method":"GET","uri":"api\/orders","segments":["api","orders"]}
[2026-05-17 00:54:45] DEBUG: Incoming Request {"method":"GET","uri":"\/ssms-backend\/public\/api\/requests","content_type":"application\/json","body_length":0,"parsed_body":null,"session_user_id":5}
[2026-05-17 00:54:45] DEBUG: Router: parsed {"method":"GET","uri":"api\/requests","segments":["api","requests"]}
[2026-05-17 00:55:20] DEBUG: Incoming Request {"method":"GET","uri":"\/ssms-backend\/public\/api\/auth\/me","content_type":"application\/json","body_length":0,"parsed_body":null,"session_user_id":5}
[2026-05-17 00:55:20] DEBUG: Router: parsed {"method":"GET","uri":"api\/auth\/me","segments":["api","auth","me"]}
[2026-05-17 00:55:20] DEBUG: Incoming Request {"method":"GET","uri":"\/ssms-backend\/public\/api\/orders","content_type":"application\/json","body_length":0,"parsed_body":null,"session_user_id":5}
[2026-05-17 00:55:20] DEBUG: Router: parsed {"method":"GET","uri":"api\/orders","segments":["api","orders"]}
[2026-05-17 00:55:20] DEBUG: Incoming Request {"method":"GET","uri":"\/ssms-backend\/public\/api\/requests","content_type":"application\/json","body_length":0,"parsed_body":null,"session_user_id":5}
[2026-05-17 00:55:20] DEBUG: Router: parsed {"method":"GET","uri":"api\/requests","segments":["api","requests"]}
[2026-05-17 00:56:05] DEBUG: Incoming Request {"method":"GET","uri":"\/ssms-backend\/public\/api\/auth\/me","content_type":"application\/json","body_length":0,"parsed_body":null,"session_user_id":5}
[2026-05-17 00:56:05] DEBUG: Router: parsed {"method":"GET","uri":"api\/auth\/me","segments":["api","auth","me"]}
[2026-05-17 00:56:05] DEBUG: Incoming Request {"method":"GET","uri":"\/ssms-backend\/public\/api\/orders","content_type":"application\/json","body_length":0,"parsed_body":null,"session_user_id":5}
[2026-05-17 00:56:05] DEBUG: Router: parsed {"method":"GET","uri":"api\/orders","segments":["api","orders"]}
[2026-05-17 00:56:05] DEBUG: Incoming Request {"method":"GET","uri":"\/ssms-backend\/public\/api\/requests","content_type":"application\/json","body_length":0,"parsed_body":null,"session_user_id":5}
[2026-05-17 00:56:05] DEBUG: Router: parsed {"method":"GET","uri":"api\/requests","segments":["api","requests"]}
[2026-05-17 00:57:56] DEBUG: Incoming Request {"method":"GET","uri":"\/ssms-backend\/public\/api\/auth\/me","content_type":"application\/json","body_length":0,"parsed_body":null,"session_user_id":5}
[2026-05-17 00:57:56] DEBUG: Router: parsed {"method":"GET","uri":"api\/auth\/me","segments":["api","auth","me"]}
[2026-05-17 00:57:56] DEBUG: Incoming Request {"method":"GET","uri":"\/ssms-backend\/public\/api\/orders","content_type":"application\/json","body_length":0,"parsed_body":null,"session_user_id":5}
[2026-05-17 00:57:56] DEBUG: Router: parsed {"method":"GET","uri":"api\/orders","segments":["api","orders"]}
[2026-05-17 00:57:56] DEBUG: Incoming Request {"method":"GET","uri":"\/ssms-backend\/public\/api\/requests","content_type":"application\/json","body_length":0,"parsed_body":null,"session_user_id":5}
[2026-05-17 00:57:56] DEBUG: Router: parsed {"method":"GET","uri":"api\/requests","segments":["api","requests"]}
[2026-05-17 00:59:05] DEBUG: Incoming Request {"method":"GET","uri":"\/ssms-backend\/public\/api\/auth\/me","content_type":"application\/json","body_length":0,"parsed_body":null,"session_user_id":5}
[2026-05-17 00:59:05] DEBUG: Router: parsed {"method":"GET","uri":"api\/auth\/me","segments":["api","auth","me"]}
[2026-05-17 00:59:05] DEBUG: Incoming Request {"method":"GET","uri":"\/ssms-backend\/public\/api\/orders","content_type":"application\/json","body_length":0,"parsed_body":null,"session_user_id":5}
[2026-05-17 00:59:05] DEBUG: Router: parsed {"method":"GET","uri":"api\/orders","segments":["api","orders"]}
[2026-05-17 00:59:05] DEBUG: Incoming Request {"method":"GET","uri":"\/ssms-backend\/public\/api\/requests","content_type":"application\/json","body_length":0,"parsed_body":null,"session_user_id":5}
[2026-05-17 00:59:05] DEBUG: Router: parsed {"method":"GET","uri":"api\/requests","segments":["api","requests"]}
[2026-05-17 01:01:45] DEBUG: Incoming Request {"method":"GET","uri":"\/ssms-backend\/public\/api\/auth\/me","content_type":"application\/json","body_length":0,"parsed_body":null,"session_user_id":5}
[2026-05-17 01:01:45] DEBUG: Router: parsed {"method":"GET","uri":"api\/auth\/me","segments":["api","auth","me"]}
[2026-05-17 01:01:45] DEBUG: Incoming Request {"method":"GET","uri":"\/ssms-backend\/public\/api\/orders","content_type":"application\/json","body_length":0,"parsed_body":null,"session_user_id":5}
[2026-05-17 01:01:45] DEBUG: Router: parsed {"method":"GET","uri":"api\/orders","segments":["api","orders"]}
[2026-05-17 01:01:45] DEBUG: Incoming Request {"method":"GET","uri":"\/ssms-backend\/public\/api\/requests","content_type":"application\/json","body_length":0,"parsed_body":null,"session_user_id":5}
[2026-05-17 01:01:45] DEBUG: Router: parsed {"method":"GET","uri":"api\/requests","segments":["api","requests"]}
[2026-05-17 01:01:50] DEBUG: Incoming Request {"method":"GET","uri":"\/ssms-backend\/public\/api\/auth\/me","content_type":"application\/json","body_length":0,"parsed_body":null,"session_user_id":5}
[2026-05-17 01:01:50] DEBUG: Router: parsed {"method":"GET","uri":"api\/auth\/me","segments":["api","auth","me"]}
[2026-05-17 01:01:50] DEBUG: Incoming Request {"method":"GET","uri":"\/ssms-backend\/public\/api\/orders","content_type":"application\/json","body_length":0,"parsed_body":null,"session_user_id":5}
[2026-05-17 01:01:50] DEBUG: Router: parsed {"method":"GET","uri":"api\/orders","segments":["api","orders"]}
[2026-05-17 01:01:50] DEBUG: Incoming Request {"method":"GET","uri":"\/ssms-backend\/public\/api\/requests","content_type":"application\/json","body_length":0,"parsed_body":null,"session_user_id":5}
[2026-05-17 01:01:50] DEBUG: Router: parsed {"method":"GET","uri":"api\/requests","segments":["api","requests"]}
[2026-05-17 01:01:52] DEBUG: Incoming Request {"method":"GET","uri":"\/ssms-backend\/public\/api\/auth\/me","content_type":"application\/json","body_length":0,"parsed_body":null,"session_user_id":5}
[2026-05-17 01:01:52] DEBUG: Router: parsed {"method":"GET","uri":"api\/auth\/me","segments":["api","auth","me"]}
[2026-05-17 01:01:52] DEBUG: Incoming Request {"method":"GET","uri":"\/ssms-backend\/public\/api\/orders","content_type":"application\/json","body_length":0,"parsed_body":null,"session_user_id":5}
[2026-05-17 01:01:52] DEBUG: Router: parsed {"method":"GET","uri":"api\/orders","segments":["api","orders"]}
[2026-05-17 01:01:52] DEBUG: Incoming Request {"method":"GET","uri":"\/ssms-backend\/public\/api\/requests","content_type":"application\/json","body_length":0,"parsed_body":null,"session_user_id":5}
[2026-05-17 01:01:52] DEBUG: Router: parsed {"method":"GET","uri":"api\/requests","segments":["api","requests"]}
[2026-05-17 01:01:53] DEBUG: Incoming Request {"method":"GET","uri":"\/ssms-backend\/public\/api\/auth\/me","content_type":"application\/json","body_length":0,"parsed_body":null,"session_user_id":5}
[2026-05-17 01:01:53] DEBUG: Router: parsed {"method":"GET","uri":"api\/auth\/me","segments":["api","auth","me"]}
[2026-05-17 01:01:53] DEBUG: Incoming Request {"method":"GET","uri":"\/ssms-backend\/public\/api\/orders","content_type":"application\/json","body_length":0,"parsed_body":null,"session_user_id":5}
[2026-05-17 01:01:53] DEBUG: Router: parsed {"method":"GET","uri":"api\/orders","segments":["api","orders"]}
[2026-05-17 01:01:53] DEBUG: Incoming Request {"method":"GET","uri":"\/ssms-backend\/public\/api\/requests","content_type":"application\/json","body_length":0,"parsed_body":null,"session_user_id":5}
[2026-05-17 01:01:53] DEBUG: Router: parsed {"method":"GET","uri":"api\/requests","segments":["api","requests"]}
[2026-05-17 01:01:53] DEBUG: Incoming Request {"method":"GET","uri":"\/ssms-backend\/public\/api\/auth\/me","content_type":"application\/json","body_length":0,"parsed_body":null,"session_user_id":5}
[2026-05-17 01:01:53] DEBUG: Router: parsed {"method":"GET","uri":"api\/auth\/me","segments":["api","auth","me"]}
[2026-05-17 01:01:53] DEBUG: Incoming Request {"method":"GET","uri":"\/ssms-backend\/public\/api\/orders","content_type":"application\/json","body_length":0,"parsed_body":null,"session_user_id":5}
[2026-05-17 01:01:53] DEBUG: Router: parsed {"method":"GET","uri":"api\/orders","segments":["api","orders"]}
[2026-05-17 01:01:54] DEBUG: Incoming Request {"method":"GET","uri":"\/ssms-backend\/public\/api\/auth\/me","content_type":"application\/json","body_length":0,"parsed_body":null,"session_user_id":5}
[2026-05-17 01:01:54] DEBUG: Router: parsed {"method":"GET","uri":"api\/auth\/me","segments":["api","auth","me"]}
[2026-05-17 01:01:54] DEBUG: Incoming Request {"method":"GET","uri":"\/ssms-backend\/public\/api\/orders","content_type":"application\/json","body_length":0,"parsed_body":null,"session_user_id":5}
[2026-05-17 01:01:54] DEBUG: Router: parsed {"method":"GET","uri":"api\/orders","segments":["api","orders"]}
[2026-05-17 01:01:54] DEBUG: Incoming Request {"method":"GET","uri":"\/ssms-backend\/public\/api\/auth\/me","content_type":"application\/json","body_length":0,"parsed_body":null,"session_user_id":5}
[2026-05-17 01:01:54] DEBUG: Router: parsed {"method":"GET","uri":"api\/auth\/me","segments":["api","auth","me"]}
[2026-05-17 01:01:54] DEBUG: Incoming Request {"method":"GET","uri":"\/ssms-backend\/public\/api\/orders","content_type":"application\/json","body_length":0,"parsed_body":null,"session_user_id":5}
[2026-05-17 01:01:54] DEBUG: Router: parsed {"method":"GET","uri":"api\/orders","segments":["api","orders"]}
[2026-05-17 01:01:54] DEBUG: Incoming Request {"method":"GET","uri":"\/ssms-backend\/public\/api\/requests","content_type":"application\/json","body_length":0,"parsed_body":null,"session_user_id":5}
[2026-05-17 01:01:54] DEBUG: Router: parsed {"method":"GET","uri":"api\/requests","segments":["api","requests"]}
[2026-05-17 01:01:54] DEBUG: Incoming Request {"method":"GET","uri":"\/ssms-backend\/public\/api\/auth\/me","content_type":"application\/json","body_length":0,"parsed_body":null,"session_user_id":5}
[2026-05-17 01:01:54] DEBUG: Router: parsed {"method":"GET","uri":"api\/auth\/me","segments":["api","auth","me"]}
[2026-05-17 01:01:54] DEBUG: Incoming Request {"method":"GET","uri":"\/ssms-backend\/public\/api\/orders","content_type":"application\/json","body_length":0,"parsed_body":null,"session_user_id":5}
[2026-05-17 01:01:54] DEBUG: Router: parsed {"method":"GET","uri":"api\/orders","segments":["api","orders"]}
[2026-05-17 01:01:54] DEBUG: Incoming Request {"method":"GET","uri":"\/ssms-backend\/public\/api\/requests","content_type":"application\/json","body_length":0,"parsed_body":null,"session_user_id":5}
[2026-05-17 01:01:54] DEBUG: Router: parsed {"method":"GET","uri":"api\/requests","segments":["api","requests"]}
[2026-05-17 01:01:55] DEBUG: Incoming Request {"method":"GET","uri":"\/ssms-backend\/public\/api\/auth\/me","content_type":"application\/json","body_length":0,"parsed_body":null,"session_user_id":5}
[2026-05-17 01:01:55] DEBUG: Router: parsed {"method":"GET","uri":"api\/auth\/me","segments":["api","auth","me"]}
[2026-05-17 01:01:55] DEBUG: Incoming Request {"method":"GET","uri":"\/ssms-backend\/public\/api\/orders","content_type":"application\/json","body_length":0,"parsed_body":null,"session_user_id":5}
[2026-05-17 01:01:55] DEBUG: Router: parsed {"method":"GET","uri":"api\/orders","segments":["api","orders"]}
[2026-05-17 01:01:56] DEBUG: Incoming Request {"method":"GET","uri":"\/ssms-backend\/public\/api\/requests","content_type":"application\/json","body_length":0,"parsed_body":null,"session_user_id":5}
[2026-05-17 01:01:56] DEBUG: Router: parsed {"method":"GET","uri":"api\/requests","segments":["api","requests"]}
[2026-05-17 01:04:54] DEBUG: Incoming Request {"method":"GET","uri":"\/ssms-backend\/public\/api\/auth\/me","content_type":"application\/json","body_length":0,"parsed_body":null,"session_user_id":5}
[2026-05-17 01:04:54] DEBUG: Router: parsed {"method":"GET","uri":"api\/auth\/me","segments":["api","auth","me"]}
[2026-05-17 01:04:54] DEBUG: Incoming Request {"method":"GET","uri":"\/ssms-backend\/public\/api\/orders","content_type":"application\/json","body_length":0,"parsed_body":null,"session_user_id":5}
[2026-05-17 01:04:54] DEBUG: Router: parsed {"method":"GET","uri":"api\/orders","segments":["api","orders"]}
[2026-05-17 01:04:54] DEBUG: Incoming Request {"method":"GET","uri":"\/ssms-backend\/public\/api\/requests","content_type":"application\/json","body_length":0,"parsed_body":null,"session_user_id":5}
[2026-05-17 01:04:54] DEBUG: Router: parsed {"method":"GET","uri":"api\/requests","segments":["api","requests"]}
[2026-05-17 01:06:06] DEBUG: Incoming Request {"method":"GET","uri":"\/ssms-backend\/public\/api\/auth\/me","content_type":"application\/json","body_length":0,"parsed_body":null,"session_user_id":5}
[2026-05-17 01:06:06] DEBUG: Router: parsed {"method":"GET","uri":"api\/auth\/me","segments":["api","auth","me"]}
[2026-05-17 01:06:06] DEBUG: Incoming Request {"method":"GET","uri":"\/ssms-backend\/public\/api\/orders","content_type":"application\/json","body_length":0,"parsed_body":null,"session_user_id":5}
[2026-05-17 01:06:06] DEBUG: Router: parsed {"method":"GET","uri":"api\/orders","segments":["api","orders"]}
[2026-05-17 01:06:06] DEBUG: Incoming Request {"method":"GET","uri":"\/ssms-backend\/public\/api\/requests","content_type":"application\/json","body_length":0,"parsed_body":null,"session_user_id":5}
[2026-05-17 01:06:06] DEBUG: Router: parsed {"method":"GET","uri":"api\/requests","segments":["api","requests"]}
[2026-05-17 01:06:11] DEBUG: Incoming Request {"method":"GET","uri":"\/ssms-backend\/public\/api\/auth\/me","content_type":"application\/json","body_length":0,"parsed_body":null,"session_user_id":5}
[2026-05-17 01:06:11] DEBUG: Router: parsed {"method":"GET","uri":"api\/auth\/me","segments":["api","auth","me"]}
[2026-05-17 01:06:11] DEBUG: Incoming Request {"method":"GET","uri":"\/ssms-backend\/public\/api\/orders","content_type":"application\/json","body_length":0,"parsed_body":null,"session_user_id":5}
[2026-05-17 01:06:11] DEBUG: Router: parsed {"method":"GET","uri":"api\/orders","segments":["api","orders"]}
[2026-05-17 01:06:11] DEBUG: Incoming Request {"method":"GET","uri":"\/ssms-backend\/public\/api\/requests","content_type":"application\/json","body_length":0,"parsed_body":null,"session_user_id":5}
[2026-05-17 01:06:11] DEBUG: Router: parsed {"method":"GET","uri":"api\/requests","segments":["api","requests"]}
[2026-05-17 01:10:21] DEBUG: Incoming Request {"method":"GET","uri":"\/ssms-backend\/public\/api\/auth\/me","content_type":"application\/json","body_length":0,"parsed_body":null,"session_user_id":null}
[2026-05-17 01:10:21] DEBUG: Router: parsed {"method":"GET","uri":"api\/auth\/me","segments":["api","auth","me"]}
[2026-05-17 01:10:21] ERROR: API Error: UNAUTHORIZED - Please login to continue {"status_code":401}
[2026-05-17 01:10:39] DEBUG: Incoming Request {"method":"POST","uri":"\/ssms-backend\/public\/api\/auth\/login","content_type":"application\/json","body_length":44,"parsed_body":{"username":"Abd","password":"***REDACTED***"},"session_user_id":null}
[2026-05-17 01:10:39] DEBUG: Router: parsed {"method":"POST","uri":"api\/auth\/login","segments":["api","auth","login"]}
[2026-05-17 01:11:57] DEBUG: Incoming Request {"method":"POST","uri":"\/ssms-backend\/public\/api\/auth\/login","content_type":"application\/json","body_length":44,"parsed_body":{"username":"Abd","password":"***REDACTED***"},"session_user_id":5}
[2026-05-17 01:11:57] DEBUG: Router: parsed {"method":"POST","uri":"api\/auth\/login","segments":["api","auth","login"]}
[2026-05-17 01:11:57] DEBUG: Incoming Request {"method":"GET","uri":"\/ssms-backend\/public\/api\/auth\/me","content_type":"application\/json","body_length":0,"parsed_body":null,"session_user_id":5}
[2026-05-17 01:11:57] DEBUG: Router: parsed {"method":"GET","uri":"api\/auth\/me","segments":["api","auth","me"]}
[2026-05-17 01:11:57] DEBUG: Incoming Request {"method":"GET","uri":"\/ssms-backend\/public\/api\/orders","content_type":"application\/json","body_length":0,"parsed_body":null,"session_user_id":5}
[2026-05-17 01:11:57] DEBUG: Router: parsed {"method":"GET","uri":"api\/orders","segments":["api","orders"]}
[2026-05-17 01:11:57] DEBUG: Incoming Request {"method":"GET","uri":"\/ssms-backend\/public\/api\/requests","content_type":"application\/json","body_length":0,"parsed_body":null,"session_user_id":5}
[2026-05-17 01:11:57] DEBUG: Router: parsed {"method":"GET","uri":"api\/requests","segments":["api","requests"]}
[2026-05-17 01:27:48] DEBUG: Incoming Request {"method":"POST","uri":"\/ssms-backend\/public\/api\/auth\/register","content_type":"application\/json","body_length":162,"parsed_body":{"username":"Adel","password":"***REDACTED***","full_name":"Adel Turabi","email":"Adel@gmail.c0om","phone":"+970594386116","address":"Al-Masaken, Water Street"},"session_user_id":5}
[2026-05-17 01:27:48] DEBUG: Router: parsed {"method":"POST","uri":"api\/auth\/register","segments":["api","auth","register"]}
[2026-05-17 01:27:48] DEBUG: AuthController::register - Start 
[2026-05-17 01:27:48] DEBUG: AuthController::register - Request data received {"username":"Adel","full_name":"Adel Turabi","email":"Adel@gmail.c0om","phone":"+970594386116","address":"Al-Masaken, Water Street","has_password":true}
[2026-05-17 01:27:48] DEBUG: UserModel::register - Start {"username":"Adel","full_name":"Adel Turabi","email":"Adel@gmail.c0om","phone":"+970594386116","address":"Al-Masaken, Water Street"}
[2026-05-17 01:27:48] DEBUG: UserModel::register - Transaction started 
[2026-05-17 01:27:48] DEBUG: UserModel::register - Preparing INSERT into users table {"columns":"username, password_hash, full_name, phone, address, email, role, account_status"}
[2026-05-17 01:27:48] DEBUG: UserModel::register - Executing INSERT into users 
[2026-05-17 01:27:48] DEBUG: UserModel::register - User inserted successfully {"user_id":"6"}
[2026-05-17 01:27:48] DEBUG: UserModel::register - Preparing INSERT into customers table {"columns":"user_id"}
[2026-05-17 01:27:48] DEBUG: UserModel::register - Executing INSERT into customers 
[2026-05-17 01:27:48] DEBUG: UserModel::register - Customer inserted successfully {"customer_id":"4"}
[2026-05-17 01:27:48] DEBUG: UserModel::register - Transaction committed successfully 
[2026-05-17 01:27:48] DEBUG: AuthController::register - User registered successfully {"user_id":"6","customer_id":"4"}
[2026-05-17 01:27:48] DEBUG: AuthController::register - Session set {"session_id":"io7j215ecun82leobg7avq2s27"}
[2026-05-17 01:27:48] DEBUG: Incoming Request {"method":"GET","uri":"\/ssms-backend\/public\/api\/auth\/me","content_type":"application\/json","body_length":0,"parsed_body":null,"session_user_id":"6"}
[2026-05-17 01:27:48] DEBUG: Router: parsed {"method":"GET","uri":"api\/auth\/me","segments":["api","auth","me"]}
[2026-05-17 01:27:48] DEBUG: Incoming Request {"method":"GET","uri":"\/ssms-backend\/public\/api\/orders","content_type":"application\/json","body_length":0,"parsed_body":null,"session_user_id":"6"}
[2026-05-17 01:27:48] DEBUG: Router: parsed {"method":"GET","uri":"api\/orders","segments":["api","orders"]}
[2026-05-17 01:27:48] DEBUG: Incoming Request {"method":"GET","uri":"\/ssms-backend\/public\/api\/requests","content_type":"application\/json","body_length":0,"parsed_body":null,"session_user_id":"6"}
[2026-05-17 01:27:48] DEBUG: Router: parsed {"method":"GET","uri":"api\/requests","segments":["api","requests"]}
[2026-05-17 01:28:00] DEBUG: Incoming Request {"method":"GET","uri":"\/ssms-backend\/public\/api\/auth\/me","content_type":"application\/json","body_length":0,"parsed_body":null,"session_user_id":"6"}
[2026-05-17 01:28:00] DEBUG: Router: parsed {"method":"GET","uri":"api\/auth\/me","segments":["api","auth","me"]}
[2026-05-17 01:28:00] DEBUG: Incoming Request {"method":"GET","uri":"\/ssms-backend\/public\/api\/orders","content_type":"application\/json","body_length":0,"parsed_body":null,"session_user_id":"6"}
[2026-05-17 01:28:00] DEBUG: Router: parsed {"method":"GET","uri":"api\/orders","segments":["api","orders"]}
[2026-05-17 01:28:00] DEBUG: Incoming Request {"method":"GET","uri":"\/ssms-backend\/public\/api\/requests","content_type":"application\/json","body_length":0,"parsed_body":null,"session_user_id":"6"}
[2026-05-17 01:28:00] DEBUG: Router: parsed {"method":"GET","uri":"api\/requests","segments":["api","requests"]}
[2026-05-17 01:28:18] DEBUG: Incoming Request {"method":"POST","uri":"\/ssms-backend\/public\/api\/auth\/login","content_type":"application\/json","body_length":49,"parsed_body":{"username":"Adel","password":"***REDACTED***"},"session_user_id":"6"}
[2026-05-17 01:28:18] DEBUG: Router: parsed {"method":"POST","uri":"api\/auth\/login","segments":["api","auth","login"]}
[2026-05-17 01:28:18] DEBUG: Incoming Request {"method":"GET","uri":"\/ssms-backend\/public\/api\/auth\/me","content_type":"application\/json","body_length":0,"parsed_body":null,"session_user_id":6}
[2026-05-17 01:28:18] DEBUG: Router: parsed {"method":"GET","uri":"api\/auth\/me","segments":["api","auth","me"]}
[2026-05-17 01:28:18] DEBUG: Incoming Request {"method":"GET","uri":"\/ssms-backend\/public\/api\/orders","content_type":"application\/json","body_length":0,"parsed_body":null,"session_user_id":6}
[2026-05-17 01:28:18] DEBUG: Router: parsed {"method":"GET","uri":"api\/orders","segments":["api","orders"]}
[2026-05-17 01:28:18] DEBUG: Incoming Request {"method":"GET","uri":"\/ssms-backend\/public\/api\/requests","content_type":"application\/json","body_length":0,"parsed_body":null,"session_user_id":6}
[2026-05-17 01:28:18] DEBUG: Router: parsed {"method":"GET","uri":"api\/requests","segments":["api","requests"]}
[2026-05-17 01:29:44] DEBUG: Incoming Request {"method":"GET","uri":"\/ssms-backend\/public\/api\/auth\/me","content_type":"application\/json","body_length":0,"parsed_body":null,"session_user_id":6}
[2026-05-17 01:29:44] DEBUG: Router: parsed {"method":"GET","uri":"api\/auth\/me","segments":["api","auth","me"]}
[2026-05-17 01:29:44] DEBUG: Incoming Request {"method":"GET","uri":"\/ssms-backend\/public\/api\/orders","content_type":"application\/json","body_length":0,"parsed_body":null,"session_user_id":6}
[2026-05-17 01:29:44] DEBUG: Router: parsed {"method":"GET","uri":"api\/orders","segments":["api","orders"]}
[2026-05-17 01:29:44] DEBUG: Incoming Request {"method":"GET","uri":"\/ssms-backend\/public\/api\/requests","content_type":"application\/json","body_length":0,"parsed_body":null,"session_user_id":6}
[2026-05-17 01:29:44] DEBUG: Router: parsed {"method":"GET","uri":"api\/requests","segments":["api","requests"]}
[2026-05-17 01:31:04] DEBUG: Incoming Request {"method":"POST","uri":"\/ssms-backend\/public\/api\/auth\/login","content_type":"application\/json","body_length":44,"parsed_body":{"username":"Abd","password":"***REDACTED***"},"session_user_id":6}
[2026-05-17 01:31:04] DEBUG: Router: parsed {"method":"POST","uri":"api\/auth\/login","segments":["api","auth","login"]}
[2026-05-17 01:31:04] DEBUG: Incoming Request {"method":"GET","uri":"\/ssms-backend\/public\/api\/auth\/me","content_type":"application\/json","body_length":0,"parsed_body":null,"session_user_id":5}
[2026-05-17 01:31:04] DEBUG: Router: parsed {"method":"GET","uri":"api\/auth\/me","segments":["api","auth","me"]}
[2026-05-17 01:31:04] DEBUG: Incoming Request {"method":"GET","uri":"\/ssms-backend\/public\/api\/orders","content_type":"application\/json","body_length":0,"parsed_body":null,"session_user_id":5}
[2026-05-17 01:31:04] DEBUG: Router: parsed {"method":"GET","uri":"api\/orders","segments":["api","orders"]}
[2026-05-17 01:31:04] DEBUG: Incoming Request {"method":"GET","uri":"\/ssms-backend\/public\/api\/requests","content_type":"application\/json","body_length":0,"parsed_body":null,"session_user_id":5}
[2026-05-17 01:31:04] DEBUG: Router: parsed {"method":"GET","uri":"api\/requests","segments":["api","requests"]}
[2026-05-17 01:31:36] DEBUG: Incoming Request {"method":"POST","uri":"\/ssms-backend\/public\/api\/auth\/login","content_type":"application\/json","body_length":44,"parsed_body":{"username":"Abd","password":"***REDACTED***"},"session_user_id":5}
[2026-05-17 01:31:36] DEBUG: Router: parsed {"method":"POST","uri":"api\/auth\/login","segments":["api","auth","login"]}
[2026-05-17 01:31:36] DEBUG: Incoming Request {"method":"GET","uri":"\/ssms-backend\/public\/api\/auth\/me","content_type":"application\/json","body_length":0,"parsed_body":null,"session_user_id":5}
[2026-05-17 01:31:36] DEBUG: Router: parsed {"method":"GET","uri":"api\/auth\/me","segments":["api","auth","me"]}
[2026-05-17 01:31:36] DEBUG: Incoming Request {"method":"GET","uri":"\/ssms-backend\/public\/api\/orders","content_type":"application\/json","body_length":0,"parsed_body":null,"session_user_id":5}
[2026-05-17 01:31:36] DEBUG: Router: parsed {"method":"GET","uri":"api\/orders","segments":["api","orders"]}
[2026-05-17 01:31:36] DEBUG: Incoming Request {"method":"GET","uri":"\/ssms-backend\/public\/api\/requests","content_type":"application\/json","body_length":0,"parsed_body":null,"session_user_id":5}
[2026-05-17 01:31:36] DEBUG: Router: parsed {"method":"GET","uri":"api\/requests","segments":["api","requests"]}
[2026-05-17 01:31:45] DEBUG: Incoming Request {"method":"GET","uri":"\/ssms-backend\/public\/api\/auth\/me","content_type":"application\/json","body_length":0,"parsed_body":null,"session_user_id":5}
[2026-05-17 01:31:45] DEBUG: Router: parsed {"method":"GET","uri":"api\/auth\/me","segments":["api","auth","me"]}
[2026-05-17 01:31:45] DEBUG: Incoming Request {"method":"GET","uri":"\/ssms-backend\/public\/api\/orders","content_type":"application\/json","body_length":0,"parsed_body":null,"session_user_id":5}
[2026-05-17 01:31:45] DEBUG: Router: parsed {"method":"GET","uri":"api\/orders","segments":["api","orders"]}
[2026-05-17 01:31:45] DEBUG: Incoming Request {"method":"GET","uri":"\/ssms-backend\/public\/api\/requests","content_type":"application\/json","body_length":0,"parsed_body":null,"session_user_id":5}
[2026-05-17 01:31:45] DEBUG: Router: parsed {"method":"GET","uri":"api\/requests","segments":["api","requests"]}
[2026-05-17 01:31:45] DEBUG: Incoming Request {"method":"GET","uri":"\/ssms-backend\/public\/api\/auth\/me","content_type":"application\/json","body_length":0,"parsed_body":null,"session_user_id":5}
[2026-05-17 01:31:45] DEBUG: Router: parsed {"method":"GET","uri":"api\/auth\/me","segments":["api","auth","me"]}
[2026-05-17 01:31:45] DEBUG: Incoming Request {"method":"GET","uri":"\/ssms-backend\/public\/api\/orders","content_type":"application\/json","body_length":0,"parsed_body":null,"session_user_id":5}
[2026-05-17 01:31:45] DEBUG: Router: parsed {"method":"GET","uri":"api\/orders","segments":["api","orders"]}
[2026-05-17 01:31:46] DEBUG: Incoming Request {"method":"GET","uri":"\/ssms-backend\/public\/api\/requests","content_type":"application\/json","body_length":0,"parsed_body":null,"session_user_id":5}
[2026-05-17 01:31:46] DEBUG: Router: parsed {"method":"GET","uri":"api\/requests","segments":["api","requests"]}
[2026-05-17 01:31:46] DEBUG: Incoming Request {"method":"GET","uri":"\/ssms-backend\/public\/api\/auth\/me","content_type":"application\/json","body_length":0,"parsed_body":null,"session_user_id":5}
[2026-05-17 01:31:46] DEBUG: Router: parsed {"method":"GET","uri":"api\/auth\/me","segments":["api","auth","me"]}
[2026-05-17 01:31:46] DEBUG: Incoming Request {"method":"GET","uri":"\/ssms-backend\/public\/api\/orders","content_type":"application\/json","body_length":0,"parsed_body":null,"session_user_id":5}
[2026-05-17 01:31:46] DEBUG: Router: parsed {"method":"GET","uri":"api\/orders","segments":["api","orders"]}
[2026-05-17 01:31:46] DEBUG: Incoming Request {"method":"GET","uri":"\/ssms-backend\/public\/api\/requests","content_type":"application\/json","body_length":0,"parsed_body":null,"session_user_id":5}
[2026-05-17 01:31:46] DEBUG: Router: parsed {"method":"GET","uri":"api\/requests","segments":["api","requests"]}
[2026-05-17 01:33:22] DEBUG: Incoming Request {"method":"GET","uri":"\/ssms-backend\/public\/api\/auth\/me","content_type":"application\/json","body_length":0,"parsed_body":null,"session_user_id":5}
[2026-05-17 01:33:22] DEBUG: Router: parsed {"method":"GET","uri":"api\/auth\/me","segments":["api","auth","me"]}
[2026-05-17 01:33:22] DEBUG: Incoming Request {"method":"GET","uri":"\/ssms-backend\/public\/api\/orders","content_type":"application\/json","body_length":0,"parsed_body":null,"session_user_id":5}
[2026-05-17 01:33:22] DEBUG: Router: parsed {"method":"GET","uri":"api\/orders","segments":["api","orders"]}
[2026-05-17 01:33:22] DEBUG: Incoming Request {"method":"GET","uri":"\/ssms-backend\/public\/api\/requests","content_type":"application\/json","body_length":0,"parsed_body":null,"session_user_id":5}
[2026-05-17 01:33:22] DEBUG: Router: parsed {"method":"GET","uri":"api\/requests","segments":["api","requests"]}
[2026-05-17 01:33:26] DEBUG: Incoming Request {"method":"GET","uri":"\/ssms-backend\/public\/api\/auth\/me","content_type":"application\/json","body_length":0,"parsed_body":null,"session_user_id":5}
[2026-05-17 01:33:26] DEBUG: Router: parsed {"method":"GET","uri":"api\/auth\/me","segments":["api","auth","me"]}
[2026-05-17 01:33:26] DEBUG: Incoming Request {"method":"GET","uri":"\/ssms-backend\/public\/api\/orders","content_type":"application\/json","body_length":0,"parsed_body":null,"session_user_id":5}
[2026-05-17 01:33:26] DEBUG: Router: parsed {"method":"GET","uri":"api\/orders","segments":["api","orders"]}
[2026-05-17 01:33:26] DEBUG: Incoming Request {"method":"GET","uri":"\/ssms-backend\/public\/api\/requests","content_type":"application\/json","body_length":0,"parsed_body":null,"session_user_id":5}
[2026-05-17 01:33:26] DEBUG: Router: parsed {"method":"GET","uri":"api\/requests","segments":["api","requests"]}
[2026-05-17 01:33:26] DEBUG: Incoming Request {"method":"GET","uri":"\/ssms-backend\/public\/api\/auth\/me","content_type":"application\/json","body_length":0,"parsed_body":null,"session_user_id":5}
[2026-05-17 01:33:26] DEBUG: Router: parsed {"method":"GET","uri":"api\/auth\/me","segments":["api","auth","me"]}
[2026-05-17 01:33:26] DEBUG: Incoming Request {"method":"GET","uri":"\/ssms-backend\/public\/api\/orders","content_type":"application\/json","body_length":0,"parsed_body":null,"session_user_id":5}
[2026-05-17 01:33:26] DEBUG: Router: parsed {"method":"GET","uri":"api\/orders","segments":["api","orders"]}
[2026-05-17 01:33:26] DEBUG: Incoming Request {"method":"GET","uri":"\/ssms-backend\/public\/api\/requests","content_type":"application\/json","body_length":0,"parsed_body":null,"session_user_id":5}
[2026-05-17 01:33:26] DEBUG: Router: parsed {"method":"GET","uri":"api\/requests","segments":["api","requests"]}
[2026-05-17 01:33:26] DEBUG: Incoming Request {"method":"GET","uri":"\/ssms-backend\/public\/api\/auth\/me","content_type":"application\/json","body_length":0,"parsed_body":null,"session_user_id":5}
[2026-05-17 01:33:26] DEBUG: Router: parsed {"method":"GET","uri":"api\/auth\/me","segments":["api","auth","me"]}
[2026-05-17 01:33:26] DEBUG: Incoming Request {"method":"GET","uri":"\/ssms-backend\/public\/api\/orders","content_type":"application\/json","body_length":0,"parsed_body":null,"session_user_id":5}
[2026-05-17 01:33:26] DEBUG: Router: parsed {"method":"GET","uri":"api\/orders","segments":["api","orders"]}
[2026-05-17 01:33:26] DEBUG: Incoming Request {"method":"GET","uri":"\/ssms-backend\/public\/api\/requests","content_type":"application\/json","body_length":0,"parsed_body":null,"session_user_id":5}
[2026-05-17 01:33:26] DEBUG: Router: parsed {"method":"GET","uri":"api\/requests","segments":["api","requests"]}
[2026-05-17 01:33:27] DEBUG: Incoming Request {"method":"GET","uri":"\/ssms-backend\/public\/api\/auth\/me","content_type":"application\/json","body_length":0,"parsed_body":null,"session_user_id":5}
[2026-05-17 01:33:27] DEBUG: Router: parsed {"method":"GET","uri":"api\/auth\/me","segments":["api","auth","me"]}
[2026-05-17 01:33:27] DEBUG: Incoming Request {"method":"GET","uri":"\/ssms-backend\/public\/api\/orders","content_type":"application\/json","body_length":0,"parsed_body":null,"session_user_id":5}
[2026-05-17 01:33:27] DEBUG: Router: parsed {"method":"GET","uri":"api\/orders","segments":["api","orders"]}
[2026-05-17 01:33:27] DEBUG: Incoming Request {"method":"GET","uri":"\/ssms-backend\/public\/api\/requests","content_type":"application\/json","body_length":0,"parsed_body":null,"session_user_id":5}
[2026-05-17 01:33:27] DEBUG: Router: parsed {"method":"GET","uri":"api\/requests","segments":["api","requests"]}
[2026-05-17 01:33:27] DEBUG: Incoming Request {"method":"GET","uri":"\/ssms-backend\/public\/api\/auth\/me","content_type":"application\/json","body_length":0,"parsed_body":null,"session_user_id":5}
[2026-05-17 01:33:27] DEBUG: Router: parsed {"method":"GET","uri":"api\/auth\/me","segments":["api","auth","me"]}
[2026-05-17 01:33:27] DEBUG: Incoming Request {"method":"GET","uri":"\/ssms-backend\/public\/api\/orders","content_type":"application\/json","body_length":0,"parsed_body":null,"session_user_id":5}
[2026-05-17 01:33:27] DEBUG: Router: parsed {"method":"GET","uri":"api\/orders","segments":["api","orders"]}
[2026-05-17 01:33:27] DEBUG: Incoming Request {"method":"GET","uri":"\/ssms-backend\/public\/api\/requests","content_type":"application\/json","body_length":0,"parsed_body":null,"session_user_id":5}
[2026-05-17 01:33:27] DEBUG: Router: parsed {"method":"GET","uri":"api\/requests","segments":["api","requests"]}
[2026-05-17 01:33:33] DEBUG: Incoming Request {"method":"GET","uri":"\/ssms-backend\/public\/api\/auth\/me","content_type":"application\/json","body_length":0,"parsed_body":null,"session_user_id":5}
[2026-05-17 01:33:33] DEBUG: Router: parsed {"method":"GET","uri":"api\/auth\/me","segments":["api","auth","me"]}
[2026-05-17 01:33:33] DEBUG: Incoming Request {"method":"GET","uri":"\/ssms-backend\/public\/api\/orders","content_type":"application\/json","body_length":0,"parsed_body":null,"session_user_id":5}
[2026-05-17 01:33:33] DEBUG: Router: parsed {"method":"GET","uri":"api\/orders","segments":["api","orders"]}
[2026-05-17 01:33:36] DEBUG: Incoming Request {"method":"GET","uri":"\/ssms-backend\/public\/api\/auth\/me","content_type":"application\/json","body_length":0,"parsed_body":null,"session_user_id":5}
[2026-05-17 01:33:36] DEBUG: Router: parsed {"method":"GET","uri":"api\/auth\/me","segments":["api","auth","me"]}
[2026-05-17 01:33:36] DEBUG: Incoming Request {"method":"GET","uri":"\/ssms-backend\/public\/api\/orders","content_type":"application\/json","body_length":0,"parsed_body":null,"session_user_id":5}
[2026-05-17 01:33:36] DEBUG: Router: parsed {"method":"GET","uri":"api\/orders","segments":["api","orders"]}
[2026-05-17 01:33:36] DEBUG: Incoming Request {"method":"GET","uri":"\/ssms-backend\/public\/api\/requests","content_type":"application\/json","body_length":0,"parsed_body":null,"session_user_id":5}
[2026-05-17 01:33:36] DEBUG: Router: parsed {"method":"GET","uri":"api\/requests","segments":["api","requests"]}
[2026-05-17 01:37:11] DEBUG: Incoming Request {"method":"GET","uri":"\/ssms-backend\/public\/api\/auth\/me","content_type":"application\/json","body_length":0,"parsed_body":null,"session_user_id":5}
[2026-05-17 01:37:11] DEBUG: Router: parsed {"method":"GET","uri":"api\/auth\/me","segments":["api","auth","me"]}
[2026-05-17 01:37:11] DEBUG: Incoming Request {"method":"GET","uri":"\/ssms-backend\/public\/api\/orders","content_type":"application\/json","body_length":0,"parsed_body":null,"session_user_id":5}
[2026-05-17 01:37:11] DEBUG: Router: parsed {"method":"GET","uri":"api\/orders","segments":["api","orders"]}
[2026-05-17 01:37:11] DEBUG: Incoming Request {"method":"GET","uri":"\/ssms-backend\/public\/api\/requests","content_type":"application\/json","body_length":0,"parsed_body":null,"session_user_id":5}
[2026-05-17 01:37:11] DEBUG: Router: parsed {"method":"GET","uri":"api\/requests","segments":["api","requests"]}
[2026-05-17 01:37:12] DEBUG: Incoming Request {"method":"GET","uri":"\/ssms-backend\/public\/api\/auth\/me","content_type":"application\/json","body_length":0,"parsed_body":null,"session_user_id":5}
[2026-05-17 01:37:12] DEBUG: Router: parsed {"method":"GET","uri":"api\/auth\/me","segments":["api","auth","me"]}
[2026-05-17 01:37:12] DEBUG: Incoming Request {"method":"GET","uri":"\/ssms-backend\/public\/api\/orders","content_type":"application\/json","body_length":0,"parsed_body":null,"session_user_id":5}
[2026-05-17 01:37:12] DEBUG: Router: parsed {"method":"GET","uri":"api\/orders","segments":["api","orders"]}
[2026-05-17 01:37:12] DEBUG: Incoming Request {"method":"GET","uri":"\/ssms-backend\/public\/api\/requests","content_type":"application\/json","body_length":0,"parsed_body":null,"session_user_id":5}
[2026-05-17 01:37:12] DEBUG: Router: parsed {"method":"GET","uri":"api\/requests","segments":["api","requests"]}
[2026-05-17 01:37:13] DEBUG: Incoming Request {"method":"GET","uri":"\/ssms-backend\/public\/api\/auth\/me","content_type":"application\/json","body_length":0,"parsed_body":null,"session_user_id":5}
[2026-05-17 01:37:13] DEBUG: Router: parsed {"method":"GET","uri":"api\/auth\/me","segments":["api","auth","me"]}
[2026-05-17 01:37:13] DEBUG: Incoming Request {"method":"GET","uri":"\/ssms-backend\/public\/api\/orders","content_type":"application\/json","body_length":0,"parsed_body":null,"session_user_id":5}
[2026-05-17 01:37:13] DEBUG: Router: parsed {"method":"GET","uri":"api\/orders","segments":["api","orders"]}
[2026-05-17 01:37:13] DEBUG: Incoming Request {"method":"GET","uri":"\/ssms-backend\/public\/api\/requests","content_type":"application\/json","body_length":0,"parsed_body":null,"session_user_id":5}
[2026-05-17 01:37:13] DEBUG: Router: parsed {"method":"GET","uri":"api\/requests","segments":["api","requests"]}
[2026-05-17 01:37:13] DEBUG: Incoming Request {"method":"GET","uri":"\/ssms-backend\/public\/api\/auth\/me","content_type":"application\/json","body_length":0,"parsed_body":null,"session_user_id":5}
[2026-05-17 01:37:13] DEBUG: Router: parsed {"method":"GET","uri":"api\/auth\/me","segments":["api","auth","me"]}
[2026-05-17 01:37:13] DEBUG: Incoming Request {"method":"GET","uri":"\/ssms-backend\/public\/api\/orders","content_type":"application\/json","body_length":0,"parsed_body":null,"session_user_id":5}
[2026-05-17 01:37:13] DEBUG: Router: parsed {"method":"GET","uri":"api\/orders","segments":["api","orders"]}
[2026-05-17 01:37:13] DEBUG: Incoming Request {"method":"GET","uri":"\/ssms-backend\/public\/api\/requests","content_type":"application\/json","body_length":0,"parsed_body":null,"session_user_id":5}
[2026-05-17 01:37:13] DEBUG: Router: parsed {"method":"GET","uri":"api\/requests","segments":["api","requests"]}
[2026-05-17 01:37:14] DEBUG: Incoming Request {"method":"GET","uri":"\/ssms-backend\/public\/api\/auth\/me","content_type":"application\/json","body_length":0,"parsed_body":null,"session_user_id":5}
[2026-05-17 01:37:14] DEBUG: Router: parsed {"method":"GET","uri":"api\/auth\/me","segments":["api","auth","me"]}
[2026-05-17 01:37:14] DEBUG: Incoming Request {"method":"GET","uri":"\/ssms-backend\/public\/api\/orders","content_type":"application\/json","body_length":0,"parsed_body":null,"session_user_id":5}
[2026-05-17 01:37:14] DEBUG: Router: parsed {"method":"GET","uri":"api\/orders","segments":["api","orders"]}
[2026-05-17 01:37:14] DEBUG: Incoming Request {"method":"GET","uri":"\/ssms-backend\/public\/api\/requests","content_type":"application\/json","body_length":0,"parsed_body":null,"session_user_id":5}
[2026-05-17 01:37:14] DEBUG: Router: parsed {"method":"GET","uri":"api\/requests","segments":["api","requests"]}
[2026-05-17 01:37:15] DEBUG: Incoming Request {"method":"GET","uri":"\/ssms-backend\/public\/api\/auth\/me","content_type":"application\/json","body_length":0,"parsed_body":null,"session_user_id":5}
[2026-05-17 01:37:15] DEBUG: Router: parsed {"method":"GET","uri":"api\/auth\/me","segments":["api","auth","me"]}
[2026-05-17 01:37:15] DEBUG: Incoming Request {"method":"GET","uri":"\/ssms-backend\/public\/api\/orders","content_type":"application\/json","body_length":0,"parsed_body":null,"session_user_id":5}
[2026-05-17 01:37:15] DEBUG: Router: parsed {"method":"GET","uri":"api\/orders","segments":["api","orders"]}
[2026-05-17 01:37:15] DEBUG: Incoming Request {"method":"GET","uri":"\/ssms-backend\/public\/api\/requests","content_type":"application\/json","body_length":0,"parsed_body":null,"session_user_id":5}
[2026-05-17 01:37:15] DEBUG: Router: parsed {"method":"GET","uri":"api\/requests","segments":["api","requests"]}
[2026-05-17 01:37:16] DEBUG: Incoming Request {"method":"GET","uri":"\/ssms-backend\/public\/api\/auth\/me","content_type":"application\/json","body_length":0,"parsed_body":null,"session_user_id":5}
[2026-05-17 01:37:16] DEBUG: Router: parsed {"method":"GET","uri":"api\/auth\/me","segments":["api","auth","me"]}
[2026-05-17 01:37:16] DEBUG: Incoming Request {"method":"GET","uri":"\/ssms-backend\/public\/api\/orders","content_type":"application\/json","body_length":0,"parsed_body":null,"session_user_id":5}
[2026-05-17 01:37:16] DEBUG: Router: parsed {"method":"GET","uri":"api\/orders","segments":["api","orders"]}
[2026-05-17 01:37:16] DEBUG: Incoming Request {"method":"GET","uri":"\/ssms-backend\/public\/api\/requests","content_type":"application\/json","body_length":0,"parsed_body":null,"session_user_id":5}
[2026-05-17 01:37:16] DEBUG: Router: parsed {"method":"GET","uri":"api\/requests","segments":["api","requests"]}
[2026-05-17 01:37:17] DEBUG: Incoming Request {"method":"GET","uri":"\/ssms-backend\/public\/api\/auth\/me","content_type":"application\/json","body_length":0,"parsed_body":null,"session_user_id":5}
[2026-05-17 01:37:17] DEBUG: Router: parsed {"method":"GET","uri":"api\/auth\/me","segments":["api","auth","me"]}
[2026-05-17 01:37:17] DEBUG: Incoming Request {"method":"GET","uri":"\/ssms-backend\/public\/api\/orders","content_type":"application\/json","body_length":0,"parsed_body":null,"session_user_id":5}
[2026-05-17 01:37:17] DEBUG: Router: parsed {"method":"GET","uri":"api\/orders","segments":["api","orders"]}
[2026-05-17 01:37:17] DEBUG: Incoming Request {"method":"GET","uri":"\/ssms-backend\/public\/api\/requests","content_type":"application\/json","body_length":0,"parsed_body":null,"session_user_id":5}
[2026-05-17 01:37:17] DEBUG: Router: parsed {"method":"GET","uri":"api\/requests","segments":["api","requests"]}
[2026-05-17 01:37:21] DEBUG: Incoming Request {"method":"GET","uri":"\/ssms-backend\/public\/api\/auth\/me","content_type":"application\/json","body_length":0,"parsed_body":null,"session_user_id":5}
[2026-05-17 01:37:21] DEBUG: Router: parsed {"method":"GET","uri":"api\/auth\/me","segments":["api","auth","me"]}
[2026-05-17 01:37:21] DEBUG: Incoming Request {"method":"GET","uri":"\/ssms-backend\/public\/api\/orders","content_type":"application\/json","body_length":0,"parsed_body":null,"session_user_id":5}
[2026-05-17 01:37:21] DEBUG: Router: parsed {"method":"GET","uri":"api\/orders","segments":["api","orders"]}
[2026-05-17 01:37:21] DEBUG: Incoming Request {"method":"GET","uri":"\/ssms-backend\/public\/api\/requests","content_type":"application\/json","body_length":0,"parsed_body":null,"session_user_id":5}
[2026-05-17 01:37:21] DEBUG: Router: parsed {"method":"GET","uri":"api\/requests","segments":["api","requests"]}
[2026-05-17 01:37:23] DEBUG: Incoming Request {"method":"GET","uri":"\/ssms-backend\/public\/api\/auth\/me","content_type":"application\/json","body_length":0,"parsed_body":null,"session_user_id":5}
[2026-05-17 01:37:23] DEBUG: Router: parsed {"method":"GET","uri":"api\/auth\/me","segments":["api","auth","me"]}
[2026-05-17 01:37:23] DEBUG: Incoming Request {"method":"GET","uri":"\/ssms-backend\/public\/api\/orders","content_type":"application\/json","body_length":0,"parsed_body":null,"session_user_id":5}
[2026-05-17 01:37:23] DEBUG: Router: parsed {"method":"GET","uri":"api\/orders","segments":["api","orders"]}
[2026-05-17 01:37:23] DEBUG: Incoming Request {"method":"GET","uri":"\/ssms-backend\/public\/api\/requests","content_type":"application\/json","body_length":0,"parsed_body":null,"session_user_id":5}
[2026-05-17 01:37:23] DEBUG: Router: parsed {"method":"GET","uri":"api\/requests","segments":["api","requests"]}
[2026-05-17 01:37:32] DEBUG: Incoming Request {"method":"GET","uri":"\/ssms-backend\/public\/api\/auth\/me","content_type":"application\/json","body_length":0,"parsed_body":null,"session_user_id":5}
[2026-05-17 01:37:32] DEBUG: Router: parsed {"method":"GET","uri":"api\/auth\/me","segments":["api","auth","me"]}
[2026-05-17 01:37:33] DEBUG: Incoming Request {"method":"GET","uri":"\/ssms-backend\/public\/api\/orders","content_type":"application\/json","body_length":0,"parsed_body":null,"session_user_id":5}
[2026-05-17 01:37:33] DEBUG: Router: parsed {"method":"GET","uri":"api\/orders","segments":["api","orders"]}
[2026-05-17 01:37:33] DEBUG: Incoming Request {"method":"GET","uri":"\/ssms-backend\/public\/api\/requests","content_type":"application\/json","body_length":0,"parsed_body":null,"session_user_id":5}
[2026-05-17 01:37:33] DEBUG: Router: parsed {"method":"GET","uri":"api\/requests","segments":["api","requests"]}
[2026-05-17 22:20:11] DEBUG: Incoming Request {"method":"POST","uri":"\/ssms-backend\/public\/api\/auth\/login","content_type":"application\/json","body_length":52,"parsed_body":{"username":"qa_customer_tmp","password":"***REDACTED***"},"session_user_id":null}
[2026-05-17 22:20:11] DEBUG: Router: parsed {"method":"POST","uri":"api\/auth\/login","segments":["api","auth","login"]}
[2026-05-17 22:20:12] DEBUG: Incoming Request {"method":"GET","uri":"\/ssms-backend\/public\/api\/auth\/me","content_type":"application\/json","body_length":0,"parsed_body":null,"session_user_id":10}
[2026-05-17 22:20:12] DEBUG: Router: parsed {"method":"GET","uri":"api\/auth\/me","segments":["api","auth","me"]}
[2026-05-17 22:20:12] DEBUG: Incoming Request {"method":"GET","uri":"\/ssms-backend\/public\/api\/orders","content_type":"application\/json","body_length":0,"parsed_body":null,"session_user_id":10}
[2026-05-17 22:20:12] DEBUG: Router: parsed {"method":"GET","uri":"api\/orders","segments":["api","orders"]}
[2026-05-17 22:20:12] DEBUG: Incoming Request {"method":"GET","uri":"\/ssms-backend\/public\/api\/requests","content_type":"application\/json","body_length":0,"parsed_body":null,"session_user_id":10}
[2026-05-17 22:20:12] DEBUG: Router: parsed {"method":"GET","uri":"api\/requests","segments":["api","requests"]}
[2026-05-17 22:20:14] DEBUG: Incoming Request {"method":"GET","uri":"\/ssms-backend\/public\/api\/auth\/me","content_type":"application\/json","body_length":0,"parsed_body":null,"session_user_id":10}
[2026-05-17 22:20:14] DEBUG: Router: parsed {"method":"GET","uri":"api\/auth\/me","segments":["api","auth","me"]}
[2026-05-17 22:20:14] DEBUG: Incoming Request {"method":"GET","uri":"\/ssms-backend\/public\/api\/orders","content_type":"application\/json","body_length":0,"parsed_body":null,"session_user_id":10}
[2026-05-17 22:20:14] DEBUG: Router: parsed {"method":"GET","uri":"api\/orders","segments":["api","orders"]}
[2026-05-17 22:20:19] DEBUG: Incoming Request {"method":"GET","uri":"\/ssms-backend\/public\/api\/auth\/me","content_type":"application\/json","body_length":0,"parsed_body":null,"session_user_id":10}
[2026-05-17 22:20:19] DEBUG: Router: parsed {"method":"GET","uri":"api\/auth\/me","segments":["api","auth","me"]}
[2026-05-17 22:20:19] DEBUG: Incoming Request {"method":"GET","uri":"\/ssms-backend\/public\/api\/orders\/3","content_type":"application\/json","body_length":0,"parsed_body":null,"session_user_id":10}
[2026-05-17 22:20:19] DEBUG: Router: parsed {"method":"GET","uri":"api\/orders\/3","segments":["api","orders","3"]}
[2026-05-17 22:22:06] DEBUG: Incoming Request {"method":"POST","uri":"\/ssms-backend\/public\/api\/auth\/login","content_type":"application\/json","body_length":57,"parsed_body":{"username":"qa_admin_tmp","password":"***REDACTED***"},"session_user_id":10}
[2026-05-17 22:22:06] DEBUG: Router: parsed {"method":"POST","uri":"api\/auth\/login","segments":["api","auth","login"]}
[2026-05-17 22:22:07] ERROR: API Error: VALIDATION_ERROR - Invalid username or password {"status_code":400}
[2026-05-17 22:22:10] DEBUG: Incoming Request {"method":"POST","uri":"\/ssms-backend\/public\/api\/auth\/login","content_type":"application\/json","body_length":57,"parsed_body":{"username":"qa_admin_tmp","password":"***REDACTED***"},"session_user_id":10}
[2026-05-17 22:22:10] DEBUG: Router: parsed {"method":"POST","uri":"api\/auth\/login","segments":["api","auth","login"]}
[2026-05-17 22:22:10] ERROR: API Error: VALIDATION_ERROR - Invalid username or password {"status_code":400}
[2026-05-17 22:22:20] DEBUG: Incoming Request {"method":"POST","uri":"\/ssms-backend\/public\/api\/auth\/login","content_type":"application\/json","body_length":49,"parsed_body":{"username":"qa_admin_tmp","password":"***REDACTED***"},"session_user_id":10}
[2026-05-17 22:22:20] DEBUG: Router: parsed {"method":"POST","uri":"api\/auth\/login","segments":["api","auth","login"]}
[2026-05-17 22:22:20] DEBUG: Incoming Request {"method":"GET","uri":"\/ssms-backend\/public\/api\/admin\/orders","content_type":"application\/json","body_length":0,"parsed_body":null,"session_user_id":8}
[2026-05-17 22:22:20] DEBUG: Router: parsed {"method":"GET","uri":"api\/admin\/orders","segments":["api","admin","orders"]}
[2026-05-17 22:22:20] DEBUG: Incoming Request {"method":"GET","uri":"\/ssms-backend\/public\/api\/stones","content_type":"application\/json","body_length":0,"parsed_body":null,"session_user_id":8}
[2026-05-17 22:22:20] DEBUG: Router: parsed {"method":"GET","uri":"api\/stones","segments":["api","stones"]}
[2026-05-17 22:22:20] DEBUG: Incoming Request {"method":"GET","uri":"\/ssms-backend\/public\/api\/admin\/requests","content_type":"application\/json","body_length":0,"parsed_body":null,"session_user_id":8}
[2026-05-17 22:22:20] DEBUG: Router: parsed {"method":"GET","uri":"api\/admin\/requests","segments":["api","admin","requests"]}
[2026-05-17 22:23:09] DEBUG: Incoming Request {"method":"POST","uri":"\/ssms-backend\/public\/api\/auth\/login","content_type":"application\/json","body_length":52,"parsed_body":{"username":"qa_customer_tmp","password":"***REDACTED***"},"session_user_id":8}
[2026-05-17 22:23:09] DEBUG: Router: parsed {"method":"POST","uri":"api\/auth\/login","segments":["api","auth","login"]}
[2026-05-17 22:23:10] DEBUG: Incoming Request {"method":"GET","uri":"\/ssms-backend\/public\/api\/auth\/me","content_type":"application\/json","body_length":0,"parsed_body":null,"session_user_id":10}
[2026-05-17 22:23:10] DEBUG: Router: parsed {"method":"GET","uri":"api\/auth\/me","segments":["api","auth","me"]}
[2026-05-17 22:23:10] DEBUG: Incoming Request {"method":"GET","uri":"\/ssms-backend\/public\/api\/orders","content_type":"application\/json","body_length":0,"parsed_body":null,"session_user_id":10}
[2026-05-17 22:23:10] DEBUG: Router: parsed {"method":"GET","uri":"api\/orders","segments":["api","orders"]}
[2026-05-17 22:23:10] DEBUG: Incoming Request {"method":"GET","uri":"\/ssms-backend\/public\/api\/requests","content_type":"application\/json","body_length":0,"parsed_body":null,"session_user_id":10}
[2026-05-17 22:23:10] DEBUG: Router: parsed {"method":"GET","uri":"api\/requests","segments":["api","requests"]}
[2026-05-17 22:23:16] DEBUG: Incoming Request {"method":"GET","uri":"\/ssms-backend\/public\/api\/auth\/me","content_type":"application\/json","body_length":0,"parsed_body":null,"session_user_id":10}
[2026-05-17 22:23:16] DEBUG: Router: parsed {"method":"GET","uri":"api\/auth\/me","segments":["api","auth","me"]}
[2026-05-17 22:23:16] DEBUG: Incoming Request {"method":"GET","uri":"\/ssms-backend\/public\/api\/orders","content_type":"application\/json","body_length":0,"parsed_body":null,"session_user_id":10}
[2026-05-17 22:23:16] DEBUG: Router: parsed {"method":"GET","uri":"api\/orders","segments":["api","orders"]}
[2026-05-17 22:23:16] DEBUG: Incoming Request {"method":"GET","uri":"\/ssms-backend\/public\/api\/requests","content_type":"application\/json","body_length":0,"parsed_body":null,"session_user_id":10}
[2026-05-17 22:23:16] DEBUG: Router: parsed {"method":"GET","uri":"api\/requests","segments":["api","requests"]}
[2026-05-17 22:23:18] DEBUG: Incoming Request {"method":"GET","uri":"\/ssms-backend\/public\/api\/auth\/me","content_type":"application\/json","body_length":0,"parsed_body":null,"session_user_id":10}
[2026-05-17 22:23:18] DEBUG: Router: parsed {"method":"GET","uri":"api\/auth\/me","segments":["api","auth","me"]}
[2026-05-17 22:23:18] DEBUG: Incoming Request {"method":"GET","uri":"\/ssms-backend\/public\/api\/orders","content_type":"application\/json","body_length":0,"parsed_body":null,"session_user_id":10}
[2026-05-17 22:23:18] DEBUG: Router: parsed {"method":"GET","uri":"api\/orders","segments":["api","orders"]}
[2026-05-17 22:23:21] DEBUG: Incoming Request {"method":"GET","uri":"\/ssms-backend\/public\/api\/auth\/me","content_type":"application\/json","body_length":0,"parsed_body":null,"session_user_id":10}
[2026-05-17 22:23:21] DEBUG: Router: parsed {"method":"GET","uri":"api\/auth\/me","segments":["api","auth","me"]}
[2026-05-17 22:23:21] DEBUG: Incoming Request {"method":"GET","uri":"\/ssms-backend\/public\/api\/orders","content_type":"application\/json","body_length":0,"parsed_body":null,"session_user_id":10}
[2026-05-17 22:23:21] DEBUG: Router: parsed {"method":"GET","uri":"api\/orders","segments":["api","orders"]}
[2026-05-17 22:23:21] DEBUG: Incoming Request {"method":"GET","uri":"\/ssms-backend\/public\/api\/requests","content_type":"application\/json","body_length":0,"parsed_body":null,"session_user_id":10}
[2026-05-17 22:23:21] DEBUG: Router: parsed {"method":"GET","uri":"api\/requests","segments":["api","requests"]}
[2026-05-17 22:23:22] DEBUG: Incoming Request {"method":"GET","uri":"\/ssms-backend\/public\/api\/auth\/me","content_type":"application\/json","body_length":0,"parsed_body":null,"session_user_id":10}
[2026-05-17 22:23:22] DEBUG: Router: parsed {"method":"GET","uri":"api\/auth\/me","segments":["api","auth","me"]}
[2026-05-17 22:23:22] DEBUG: Incoming Request {"method":"GET","uri":"\/ssms-backend\/public\/api\/orders","content_type":"application\/json","body_length":0,"parsed_body":null,"session_user_id":10}
[2026-05-17 22:23:22] DEBUG: Router: parsed {"method":"GET","uri":"api\/orders","segments":["api","orders"]}
[2026-05-17 22:23:23] DEBUG: Incoming Request {"method":"GET","uri":"\/ssms-backend\/public\/api\/requests","content_type":"application\/json","body_length":0,"parsed_body":null,"session_user_id":10}
[2026-05-17 22:23:23] DEBUG: Router: parsed {"method":"GET","uri":"api\/requests","segments":["api","requests"]}
[2026-05-17 22:25:01] DEBUG: Incoming Request {"method":"GET","uri":"\/ssms-backend\/public\/api\/auth\/me","content_type":"application\/json","body_length":0,"parsed_body":null,"session_user_id":10}
[2026-05-17 22:25:01] DEBUG: Router: parsed {"method":"GET","uri":"api\/auth\/me","segments":["api","auth","me"]}
[2026-05-17 22:25:01] DEBUG: Incoming Request {"method":"GET","uri":"\/ssms-backend\/public\/api\/orders","content_type":"application\/json","body_length":0,"parsed_body":null,"session_user_id":10}
[2026-05-17 22:25:01] DEBUG: Router: parsed {"method":"GET","uri":"api\/orders","segments":["api","orders"]}
[2026-05-17 22:25:03] DEBUG: Incoming Request {"method":"GET","uri":"\/ssms-backend\/public\/api\/auth\/me","content_type":"application\/json","body_length":0,"parsed_body":null,"session_user_id":10}
[2026-05-17 22:25:03] DEBUG: Router: parsed {"method":"GET","uri":"api\/auth\/me","segments":["api","auth","me"]}
[2026-05-17 22:25:03] DEBUG: Incoming Request {"method":"GET","uri":"\/ssms-backend\/public\/api\/orders\/3","content_type":"application\/json","body_length":0,"parsed_body":null,"session_user_id":10}
[2026-05-17 22:25:03] DEBUG: Router: parsed {"method":"GET","uri":"api\/orders\/3","segments":["api","orders","3"]}
[2026-05-17 22:25:06] DEBUG: Incoming Request {"method":"GET","uri":"\/ssms-backend\/public\/api\/auth\/me","content_type":"application\/json","body_length":0,"parsed_body":null,"session_user_id":10}
[2026-05-17 22:25:06] DEBUG: Router: parsed {"method":"GET","uri":"api\/auth\/me","segments":["api","auth","me"]}
[2026-05-17 22:25:07] DEBUG: Incoming Request {"method":"GET","uri":"\/ssms-backend\/public\/api\/orders\/3","content_type":"application\/json","body_length":0,"parsed_body":null,"session_user_id":10}
[2026-05-17 22:25:07] DEBUG: Router: parsed {"method":"GET","uri":"api\/orders\/3","segments":["api","orders","3"]}
[2026-05-17 22:42:09] DEBUG: Incoming Request {"method":"POST","uri":"\/ssms-backend\/public\/api\/auth\/login","content_type":"application\/json","body_length":49,"parsed_body":{"username":"qa_admin_tmp","password":"***REDACTED***"},"session_user_id":10}
[2026-05-17 22:42:09] DEBUG: Router: parsed {"method":"POST","uri":"api\/auth\/login","segments":["api","auth","login"]}
[2026-05-17 22:42:10] DEBUG: Incoming Request {"method":"GET","uri":"\/ssms-backend\/public\/api\/admin\/orders","content_type":"application\/json","body_length":0,"parsed_body":null,"session_user_id":8}
[2026-05-17 22:42:10] DEBUG: Router: parsed {"method":"GET","uri":"api\/admin\/orders","segments":["api","admin","orders"]}
[2026-05-17 22:42:10] DEBUG: Incoming Request {"method":"GET","uri":"\/ssms-backend\/public\/api\/stones","content_type":"application\/json","body_length":0,"parsed_body":null,"session_user_id":8}
[2026-05-17 22:42:10] DEBUG: Router: parsed {"method":"GET","uri":"api\/stones","segments":["api","stones"]}
[2026-05-17 22:42:10] DEBUG: Incoming Request {"method":"GET","uri":"\/ssms-backend\/public\/api\/admin\/requests","content_type":"application\/json","body_length":0,"parsed_body":null,"session_user_id":8}
[2026-05-17 22:42:10] DEBUG: Router: parsed {"method":"GET","uri":"api\/admin\/requests","segments":["api","admin","requests"]}
[2026-05-17 22:42:14] DEBUG: Incoming Request {"method":"GET","uri":"\/ssms-backend\/public\/api\/stones","content_type":"application\/json","body_length":0,"parsed_body":null,"session_user_id":8}
[2026-05-17 22:42:14] DEBUG: Router: parsed {"method":"GET","uri":"api\/stones","segments":["api","stones"]}
[2026-05-17 22:42:14] DEBUG: Incoming Request {"method":"GET","uri":"\/ssms-backend\/public\/api\/admin\/orders","content_type":"application\/json","body_length":0,"parsed_body":null,"session_user_id":8}
[2026-05-17 22:42:14] DEBUG: Router: parsed {"method":"GET","uri":"api\/admin\/orders","segments":["api","admin","orders"]}
[2026-05-17 22:42:14] DEBUG: Incoming Request {"method":"GET","uri":"\/ssms-backend\/public\/api\/admin\/requests","content_type":"application\/json","body_length":0,"parsed_body":null,"session_user_id":8}
[2026-05-17 22:42:14] DEBUG: Router: parsed {"method":"GET","uri":"api\/admin\/requests","segments":["api","admin","requests"]}
[2026-05-17 22:42:19] DEBUG: Incoming Request {"method":"GET","uri":"\/ssms-backend\/public\/api\/stones","content_type":"application\/json","body_length":0,"parsed_body":null,"session_user_id":8}
[2026-05-17 22:42:19] DEBUG: Router: parsed {"method":"GET","uri":"api\/stones","segments":["api","stones"]}
[2026-05-17 22:42:19] DEBUG: Incoming Request {"method":"GET","uri":"\/ssms-backend\/public\/api\/admin\/orders","content_type":"application\/json","body_length":0,"parsed_body":null,"session_user_id":8}
[2026-05-17 22:42:19] DEBUG: Router: parsed {"method":"GET","uri":"api\/admin\/orders","segments":["api","admin","orders"]}
[2026-05-17 22:42:19] DEBUG: Incoming Request {"method":"GET","uri":"\/ssms-backend\/public\/api\/admin\/requests","content_type":"application\/json","body_length":0,"parsed_body":null,"session_user_id":8}
[2026-05-17 22:42:19] DEBUG: Router: parsed {"method":"GET","uri":"api\/admin\/requests","segments":["api","admin","requests"]}
[2026-05-17 22:42:31] DEBUG: Incoming Request {"method":"GET","uri":"\/ssms-backend\/public\/api\/admin\/orders","content_type":"application\/json","body_length":0,"parsed_body":null,"session_user_id":8}
[2026-05-17 22:42:31] DEBUG: Router: parsed {"method":"GET","uri":"api\/admin\/orders","segments":["api","admin","orders"]}
[2026-05-17 22:42:31] DEBUG: Incoming Request {"method":"GET","uri":"\/ssms-backend\/public\/api\/stones","content_type":"application\/json","body_length":0,"parsed_body":null,"session_user_id":8}
[2026-05-17 22:42:31] DEBUG: Router: parsed {"method":"GET","uri":"api\/stones","segments":["api","stones"]}
[2026-05-17 22:42:31] DEBUG: Incoming Request {"method":"GET","uri":"\/ssms-backend\/public\/api\/admin\/requests","content_type":"application\/json","body_length":0,"parsed_body":null,"session_user_id":8}
[2026-05-17 22:42:31] DEBUG: Router: parsed {"method":"GET","uri":"api\/admin\/requests","segments":["api","admin","requests"]}
[2026-05-17 22:43:39] DEBUG: Incoming Request {"method":"POST","uri":"\/ssms-backend\/public\/api\/auth\/login","content_type":"application\/json","body_length":49,"parsed_body":{"username":"qa_admin_tmp","password":"***REDACTED***"},"session_user_id":8}
[2026-05-17 22:43:39] DEBUG: Router: parsed {"method":"POST","uri":"api\/auth\/login","segments":["api","auth","login"]}
[2026-05-17 22:43:39] DEBUG: Incoming Request {"method":"GET","uri":"\/ssms-backend\/public\/api\/stones","content_type":"application\/json","body_length":0,"parsed_body":null,"session_user_id":8}
[2026-05-17 22:43:39] DEBUG: Router: parsed {"method":"GET","uri":"api\/stones","segments":["api","stones"]}
[2026-05-17 22:43:39] DEBUG: Incoming Request {"method":"GET","uri":"\/ssms-backend\/public\/api\/admin\/orders","content_type":"application\/json","body_length":0,"parsed_body":null,"session_user_id":8}
[2026-05-17 22:43:39] DEBUG: Router: parsed {"method":"GET","uri":"api\/admin\/orders","segments":["api","admin","orders"]}
[2026-05-17 22:43:40] DEBUG: Incoming Request {"method":"GET","uri":"\/ssms-backend\/public\/api\/admin\/requests","content_type":"application\/json","body_length":0,"parsed_body":null,"session_user_id":8}
[2026-05-17 22:43:40] DEBUG: Router: parsed {"method":"GET","uri":"api\/admin\/requests","segments":["api","admin","requests"]}
[2026-05-17 22:43:41] DEBUG: Incoming Request {"method":"GET","uri":"\/ssms-backend\/public\/api\/stones","content_type":"application\/json","body_length":0,"parsed_body":null,"session_user_id":8}
[2026-05-17 22:43:41] DEBUG: Router: parsed {"method":"GET","uri":"api\/stones","segments":["api","stones"]}
[2026-05-17 22:43:42] DEBUG: Incoming Request {"method":"GET","uri":"\/ssms-backend\/public\/api\/admin\/orders","content_type":"application\/json","body_length":0,"parsed_body":null,"session_user_id":8}
[2026-05-17 22:43:42] DEBUG: Router: parsed {"method":"GET","uri":"api\/admin\/orders","segments":["api","admin","orders"]}
[2026-05-17 22:43:42] DEBUG: Incoming Request {"method":"GET","uri":"\/ssms-backend\/public\/api\/admin\/requests","content_type":"application\/json","body_length":0,"parsed_body":null,"session_user_id":8}
[2026-05-17 22:43:42] DEBUG: Router: parsed {"method":"GET","uri":"api\/admin\/requests","segments":["api","admin","requests"]}
[2026-05-17 22:45:40] DEBUG: Incoming Request {"method":"GET","uri":"\/ssms-backend\/public\/api\/admin\/orders","content_type":"application\/json","body_length":0,"parsed_body":null,"session_user_id":8}
[2026-05-17 22:45:40] DEBUG: Router: parsed {"method":"GET","uri":"api\/admin\/orders","segments":["api","admin","orders"]}
[2026-05-17 22:45:40] DEBUG: Incoming Request {"method":"GET","uri":"\/ssms-backend\/public\/api\/stones","content_type":"application\/json","body_length":0,"parsed_body":null,"session_user_id":8}
[2026-05-17 22:45:40] DEBUG: Router: parsed {"method":"GET","uri":"api\/stones","segments":["api","stones"]}
[2026-05-17 22:45:40] DEBUG: Incoming Request {"method":"GET","uri":"\/ssms-backend\/public\/api\/admin\/requests","content_type":"application\/json","body_length":0,"parsed_body":null,"session_user_id":8}
[2026-05-17 22:45:40] DEBUG: Router: parsed {"method":"GET","uri":"api\/admin\/requests","segments":["api","admin","requests"]}
[2026-05-17 22:45:45] DEBUG: Incoming Request {"method":"GET","uri":"\/ssms-backend\/public\/api\/stones","content_type":"application\/json","body_length":0,"parsed_body":null,"session_user_id":8}
[2026-05-17 22:45:45] DEBUG: Router: parsed {"method":"GET","uri":"api\/stones","segments":["api","stones"]}
[2026-05-17 22:45:45] DEBUG: Incoming Request {"method":"GET","uri":"\/ssms-backend\/public\/api\/admin\/requests","content_type":"application\/json","body_length":0,"parsed_body":null,"session_user_id":8}
[2026-05-17 22:45:45] DEBUG: Router: parsed {"method":"GET","uri":"api\/admin\/requests","segments":["api","admin","requests"]}
[2026-05-17 22:45:45] DEBUG: Incoming Request {"method":"GET","uri":"\/ssms-backend\/public\/api\/admin\/orders","content_type":"application\/json","body_length":0,"parsed_body":null,"session_user_id":8}
[2026-05-17 22:45:45] DEBUG: Router: parsed {"method":"GET","uri":"api\/admin\/orders","segments":["api","admin","orders"]}
[2026-05-17 22:45:51] DEBUG: Incoming Request {"method":"GET","uri":"\/ssms-backend\/public\/api\/admin\/orders","content_type":"application\/json","body_length":0,"parsed_body":null,"session_user_id":8}
[2026-05-17 22:45:51] DEBUG: Router: parsed {"method":"GET","uri":"api\/admin\/orders","segments":["api","admin","orders"]}
[2026-05-17 22:45:51] DEBUG: Incoming Request {"method":"GET","uri":"\/ssms-backend\/public\/api\/stones","content_type":"application\/json","body_length":0,"parsed_body":null,"session_user_id":8}
[2026-05-17 22:45:51] DEBUG: Router: parsed {"method":"GET","uri":"api\/stones","segments":["api","stones"]}
[2026-05-17 22:45:51] DEBUG: Incoming Request {"method":"GET","uri":"\/ssms-backend\/public\/api\/admin\/requests","content_type":"application\/json","body_length":0,"parsed_body":null,"session_user_id":8}
[2026-05-17 22:45:51] DEBUG: Router: parsed {"method":"GET","uri":"api\/admin\/requests","segments":["api","admin","requests"]}
[2026-05-17 22:46:04] DEBUG: Incoming Request {"method":"GET","uri":"\/ssms-backend\/public\/api\/admin\/requests","content_type":"application\/json","body_length":0,"parsed_body":null,"session_user_id":8}
[2026-05-17 22:46:04] DEBUG: Router: parsed {"method":"GET","uri":"api\/admin\/requests","segments":["api","admin","requests"]}
[2026-05-17 22:46:04] DEBUG: Incoming Request {"method":"GET","uri":"\/ssms-backend\/public\/api\/stones","content_type":"application\/json","body_length":0,"parsed_body":null,"session_user_id":8}
[2026-05-17 22:46:04] DEBUG: Router: parsed {"method":"GET","uri":"api\/stones","segments":["api","stones"]}
[2026-05-17 22:46:05] DEBUG: Incoming Request {"method":"GET","uri":"\/ssms-backend\/public\/api\/admin\/orders","content_type":"application\/json","body_length":0,"parsed_body":null,"session_user_id":8}
[2026-05-17 22:46:05] DEBUG: Router: parsed {"method":"GET","uri":"api\/admin\/orders","segments":["api","admin","orders"]}
[2026-05-17 22:46:05] DEBUG: Incoming Request {"method":"GET","uri":"\/ssms-backend\/public\/api\/admin\/orders","content_type":"application\/json","body_length":0,"parsed_body":null,"session_user_id":8}
[2026-05-17 22:46:05] DEBUG: Router: parsed {"method":"GET","uri":"api\/admin\/orders","segments":["api","admin","orders"]}
[2026-05-17 22:46:05] DEBUG: Incoming Request {"method":"GET","uri":"\/ssms-backend\/public\/api\/stones","content_type":"application\/json","body_length":0,"parsed_body":null,"session_user_id":8}
[2026-05-17 22:46:05] DEBUG: Router: parsed {"method":"GET","uri":"api\/stones","segments":["api","stones"]}
[2026-05-17 22:46:05] DEBUG: Incoming Request {"method":"GET","uri":"\/ssms-backend\/public\/api\/admin\/requests","content_type":"application\/json","body_length":0,"parsed_body":null,"session_user_id":8}
[2026-05-17 22:46:05] DEBUG: Router: parsed {"method":"GET","uri":"api\/admin\/requests","segments":["api","admin","requests"]}
[2026-05-17 22:46:09] DEBUG: Incoming Request {"method":"GET","uri":"\/ssms-backend\/public\/api\/stones","content_type":"application\/json","body_length":0,"parsed_body":null,"session_user_id":8}
[2026-05-17 22:46:09] DEBUG: Router: parsed {"method":"GET","uri":"api\/stones","segments":["api","stones"]}
[2026-05-17 22:46:09] DEBUG: Incoming Request {"method":"GET","uri":"\/ssms-backend\/public\/api\/admin\/requests","content_type":"application\/json","body_length":0,"parsed_body":null,"session_user_id":8}
[2026-05-17 22:46:09] DEBUG: Router: parsed {"method":"GET","uri":"api\/admin\/requests","segments":["api","admin","requests"]}
[2026-05-17 22:46:09] DEBUG: Incoming Request {"method":"GET","uri":"\/ssms-backend\/public\/api\/admin\/orders","content_type":"application\/json","body_length":0,"parsed_body":null,"session_user_id":8}
[2026-05-17 22:46:09] DEBUG: Router: parsed {"method":"GET","uri":"api\/admin\/orders","segments":["api","admin","orders"]}
[2026-05-17 22:49:40] DEBUG: Incoming Request {"method":"GET","uri":"\/ssms-backend\/public\/api\/admin\/orders","content_type":"application\/json","body_length":0,"parsed_body":null,"session_user_id":8}
[2026-05-17 22:49:40] DEBUG: Router: parsed {"method":"GET","uri":"api\/admin\/orders","segments":["api","admin","orders"]}
[2026-05-17 22:49:40] DEBUG: Incoming Request {"method":"GET","uri":"\/ssms-backend\/public\/api\/stones","content_type":"application\/json","body_length":0,"parsed_body":null,"session_user_id":8}
[2026-05-17 22:49:40] DEBUG: Router: parsed {"method":"GET","uri":"api\/stones","segments":["api","stones"]}
[2026-05-17 22:49:40] DEBUG: Incoming Request {"method":"GET","uri":"\/ssms-backend\/public\/api\/admin\/requests","content_type":"application\/json","body_length":0,"parsed_body":null,"session_user_id":8}
[2026-05-17 22:49:40] DEBUG: Router: parsed {"method":"GET","uri":"api\/admin\/requests","segments":["api","admin","requests"]}
[2026-05-17 22:49:42] DEBUG: Incoming Request {"method":"GET","uri":"\/ssms-backend\/public\/api\/auth\/me","content_type":"application\/json","body_length":0,"parsed_body":null,"session_user_id":8}
[2026-05-17 22:49:42] DEBUG: Router: parsed {"method":"GET","uri":"api\/auth\/me","segments":["api","auth","me"]}
[2026-05-17 22:49:45] DEBUG: Incoming Request {"method":"GET","uri":"\/ssms-backend\/public\/api\/auth\/me","content_type":"application\/json","body_length":0,"parsed_body":null,"session_user_id":8}
[2026-05-17 22:49:45] DEBUG: Router: parsed {"method":"GET","uri":"api\/auth\/me","segments":["api","auth","me"]}
[2026-05-17 22:49:52] DEBUG: Incoming Request {"method":"GET","uri":"\/ssms-backend\/public\/api\/admin\/orders","content_type":"application\/json","body_length":0,"parsed_body":null,"session_user_id":8}
[2026-05-17 22:49:52] DEBUG: Router: parsed {"method":"GET","uri":"api\/admin\/orders","segments":["api","admin","orders"]}
[2026-05-17 22:49:52] DEBUG: Incoming Request {"method":"GET","uri":"\/ssms-backend\/public\/api\/stones","content_type":"application\/json","body_length":0,"parsed_body":null,"session_user_id":8}
[2026-05-17 22:49:52] DEBUG: Router: parsed {"method":"GET","uri":"api\/stones","segments":["api","stones"]}
[2026-05-17 22:49:52] DEBUG: Incoming Request {"method":"GET","uri":"\/ssms-backend\/public\/api\/admin\/requests","content_type":"application\/json","body_length":0,"parsed_body":null,"session_user_id":8}
[2026-05-17 22:49:52] DEBUG: Router: parsed {"method":"GET","uri":"api\/admin\/requests","segments":["api","admin","requests"]}
[2026-05-17 22:49:54] DEBUG: Incoming Request {"method":"GET","uri":"\/ssms-backend\/public\/api\/auth\/me","content_type":"application\/json","body_length":0,"parsed_body":null,"session_user_id":8}
[2026-05-17 22:49:54] DEBUG: Router: parsed {"method":"GET","uri":"api\/auth\/me","segments":["api","auth","me"]}
[2026-05-17 22:50:15] DEBUG: Incoming Request {"method":"GET","uri":"\/ssms-backend\/public\/api\/auth\/me","content_type":"application\/json","body_length":0,"parsed_body":null,"session_user_id":8}
[2026-05-17 22:50:15] DEBUG: Router: parsed {"method":"GET","uri":"api\/auth\/me","segments":["api","auth","me"]}
[2026-05-17 22:53:38] DEBUG: Incoming Request {"method":"GET","uri":"\/ssms-backend\/public\/api\/auth\/me","content_type":"application\/json","body_length":0,"parsed_body":null,"session_user_id":8}
[2026-05-17 22:53:38] DEBUG: Router: parsed {"method":"GET","uri":"api\/auth\/me","segments":["api","auth","me"]}
[2026-05-17 22:54:01] DEBUG: Incoming Request {"method":"GET","uri":"\/ssms-backend\/public\/api\/auth\/me","content_type":"application\/json","body_length":0,"parsed_body":null,"session_user_id":8}
[2026-05-17 22:54:01] DEBUG: Router: parsed {"method":"GET","uri":"api\/auth\/me","segments":["api","auth","me"]}
[2026-05-17 22:54:22] DEBUG: Incoming Request {"method":"GET","uri":"\/ssms-backend\/public\/api\/auth\/me","content_type":"application\/json","body_length":0,"parsed_body":null,"session_user_id":8}
[2026-05-17 22:54:22] DEBUG: Router: parsed {"method":"GET","uri":"api\/auth\/me","segments":["api","auth","me"]}
[2026-05-17 22:55:16] DEBUG: Incoming Request {"method":"GET","uri":"\/ssms-backend\/public\/api\/auth\/me","content_type":"application\/json","body_length":0,"parsed_body":null,"session_user_id":null}
[2026-05-17 22:55:16] DEBUG: Router: parsed {"method":"GET","uri":"api\/auth\/me","segments":["api","auth","me"]}
[2026-05-17 22:55:16] ERROR: API Error: UNAUTHORIZED - Please login to continue {"status_code":401}
[2026-05-17 22:55:55] DEBUG: Incoming Request {"method":"GET","uri":"\/ssms-backend\/public\/api\/auth\/me","content_type":"application\/json","body_length":0,"parsed_body":null,"session_user_id":8}
[2026-05-17 22:55:55] DEBUG: Router: parsed {"method":"GET","uri":"api\/auth\/me","segments":["api","auth","me"]}
[2026-05-17 22:55:58] DEBUG: Incoming Request {"method":"GET","uri":"\/ssms-backend\/public\/api\/auth\/me","content_type":"application\/json","body_length":0,"parsed_body":null,"session_user_id":8}
[2026-05-17 22:55:58] DEBUG: Router: parsed {"method":"GET","uri":"api\/auth\/me","segments":["api","auth","me"]}
[2026-05-17 22:56:00] DEBUG: Incoming Request {"method":"GET","uri":"\/ssms-backend\/public\/api\/auth\/me","content_type":"application\/json","body_length":0,"parsed_body":null,"session_user_id":8}
[2026-05-17 22:56:00] DEBUG: Router: parsed {"method":"GET","uri":"api\/auth\/me","segments":["api","auth","me"]}
[2026-05-17 22:56:02] DEBUG: Incoming Request {"method":"GET","uri":"\/ssms-backend\/public\/api\/auth\/me","content_type":"application\/json","body_length":0,"parsed_body":null,"session_user_id":8}
[2026-05-17 22:56:02] DEBUG: Router: parsed {"method":"GET","uri":"api\/auth\/me","segments":["api","auth","me"]}
[2026-05-17 22:56:05] DEBUG: Incoming Request {"method":"GET","uri":"\/ssms-backend\/public\/api\/auth\/me","content_type":"application\/json","body_length":0,"parsed_body":null,"session_user_id":8}
[2026-05-17 22:56:05] DEBUG: Router: parsed {"method":"GET","uri":"api\/auth\/me","segments":["api","auth","me"]}
[2026-05-17 22:56:08] DEBUG: Incoming Request {"method":"GET","uri":"\/ssms-backend\/public\/api\/auth\/me","content_type":"application\/json","body_length":0,"parsed_body":null,"session_user_id":8}
[2026-05-17 22:56:08] DEBUG: Router: parsed {"method":"GET","uri":"api\/auth\/me","segments":["api","auth","me"]}
[2026-05-17 22:56:14] DEBUG: Incoming Request {"method":"GET","uri":"\/ssms-backend\/public\/api\/auth\/me","content_type":"application\/json","body_length":0,"parsed_body":null,"session_user_id":8}
[2026-05-17 22:56:14] DEBUG: Router: parsed {"method":"GET","uri":"api\/auth\/me","segments":["api","auth","me"]}
[2026-05-17 22:56:15] DEBUG: Incoming Request {"method":"GET","uri":"\/ssms-backend\/public\/api\/auth\/me","content_type":"application\/json","body_length":0,"parsed_body":null,"session_user_id":8}
[2026-05-17 22:56:15] DEBUG: Router: parsed {"method":"GET","uri":"api\/auth\/me","segments":["api","auth","me"]}
[2026-05-17 22:58:51] DEBUG: Incoming Request {"method":"GET","uri":"\/ssms-backend\/public\/api\/auth\/me","content_type":"application\/json","body_length":0,"parsed_body":null,"session_user_id":8}
[2026-05-17 22:58:51] DEBUG: Router: parsed {"method":"GET","uri":"api\/auth\/me","segments":["api","auth","me"]}
[2026-05-17 23:06:28] DEBUG: Incoming Request {"method":"POST","uri":"\/ssms-backend\/public\/api\/auth\/login","content_type":"application\/json","body_length":52,"parsed_body":{"username":"qa_customer_tmp","password":"***REDACTED***"},"session_user_id":8}
[2026-05-17 23:06:28] DEBUG: Router: parsed {"method":"POST","uri":"api\/auth\/login","segments":["api","auth","login"]}
[2026-05-17 23:06:29] ERROR: Database error in router {"error":"SQLSTATE[42S02]: Base table or view not found: 1146 Table 'ssms.customer_login_history' doesn't exist","code":"42S02","file":"C:\\wamp64\\www\\ssms-backend\\models\\CustomerAccountModel.php","line":101}
[2026-05-17 23:06:29] ERROR: API Error: SERVER_ERROR - Database error: SQLSTATE[42S02]: Base table or view not found: 1146 Table 'ssms.customer_login_history' doesn't exist {"status_code":500}
[2026-05-17 23:06:35] DEBUG: Incoming Request {"method":"POST","uri":"\/ssms-backend\/public\/api\/auth\/login","content_type":"application\/json","body_length":52,"parsed_body":{"username":"qa_customer_tmp","password":"***REDACTED***"},"session_user_id":10}
[2026-05-17 23:06:35] DEBUG: Router: parsed {"method":"POST","uri":"api\/auth\/login","segments":["api","auth","login"]}
[2026-05-17 23:06:36] ERROR: Database error in router {"error":"SQLSTATE[42S02]: Base table or view not found: 1146 Table 'ssms.customer_login_history' doesn't exist","code":"42S02","file":"C:\\wamp64\\www\\ssms-backend\\models\\CustomerAccountModel.php","line":101}
[2026-05-17 23:06:36] ERROR: API Error: SERVER_ERROR - Database error: SQLSTATE[42S02]: Base table or view not found: 1146 Table 'ssms.customer_login_history' doesn't exist {"status_code":500}
[2026-05-17 23:07:09] DEBUG: Incoming Request {"method":"POST","uri":"\/ssms-backend\/public\/api\/auth\/login","content_type":"application\/json","body_length":52,"parsed_body":{"username":"qa_customer_tmp","password":"***REDACTED***"},"session_user_id":10}
[2026-05-17 23:07:09] DEBUG: Router: parsed {"method":"POST","uri":"api\/auth\/login","segments":["api","auth","login"]}
[2026-05-17 23:07:09] ERROR: Database error in router {"error":"SQLSTATE[42S02]: Base table or view not found: 1146 Table 'ssms.customer_login_history' doesn't exist","code":"42S02","file":"C:\\wamp64\\www\\ssms-backend\\models\\CustomerAccountModel.php","line":101}
[2026-05-17 23:07:09] ERROR: API Error: SERVER_ERROR - Database error: SQLSTATE[42S02]: Base table or view not found: 1146 Table 'ssms.customer_login_history' doesn't exist {"status_code":500}
[2026-05-17 23:07:16] DEBUG: Incoming Request {"method":"POST","uri":"\/ssms-backend\/public\/api\/auth\/login","content_type":"application\/json","body_length":52,"parsed_body":{"username":"qa_customer_tmp","password":"***REDACTED***"},"session_user_id":10}
[2026-05-17 23:07:16] DEBUG: Router: parsed {"method":"POST","uri":"api\/auth\/login","segments":["api","auth","login"]}
[2026-05-17 23:07:16] ERROR: Database error in router {"error":"SQLSTATE[42S02]: Base table or view not found: 1146 Table 'ssms.customer_login_history' doesn't exist","code":"42S02","file":"C:\\wamp64\\www\\ssms-backend\\models\\CustomerAccountModel.php","line":101}
[2026-05-17 23:07:16] ERROR: API Error: SERVER_ERROR - Database error: SQLSTATE[42S02]: Base table or view not found: 1146 Table 'ssms.customer_login_history' doesn't exist {"status_code":500}
[2026-05-18 11:50:17] DEBUG: Incoming Request {"method":"GET","uri":"\/ssms-backend\/public\/api\/auth\/me","content_type":"application\/json","body_length":0,"parsed_body":null,"session_user_id":null}
[2026-05-18 11:50:17] DEBUG: Router: parsed {"method":"GET","uri":"api\/auth\/me","segments":["api","auth","me"]}
[2026-05-18 11:50:17] ERROR: Database error in router {"error":"SQLSTATE[HY000]: General error: 3780 Referencing column 'user_id' and referenced column 'user_id' in foreign key constraint 'customer_login_history_ibfk_1' are incompatible.","code":"HY000","file":"C:\\wamp64\\www\\ssms-backend\\models\\CustomerAccountModel.php","line":16}
[2026-05-18 11:50:17] ERROR: API Error: SERVER_ERROR - Database error: SQLSTATE[HY000]: General error: 3780 Referencing column 'user_id' and referenced column 'user_id' in foreign key constraint 'customer_login_history_ibfk_1' are incompatible. {"status_code":500}
[2026-05-18 11:52:58] DEBUG: Incoming Request {"method":"POST","uri":"\/ssms-backend\/public\/api\/auth\/login","content_type":"application\/json","body_length":49,"parsed_body":{"username":"qa_admin_tmp","password":"***REDACTED***"},"session_user_id":null}
[2026-05-18 11:52:58] DEBUG: Router: parsed {"method":"POST","uri":"api\/auth\/login","segments":["api","auth","login"]}
[2026-05-18 11:52:58] DEBUG: Incoming Request {"method":"GET","uri":"\/ssms-backend\/public\/api\/admin\/requests","content_type":"application\/json","body_length":0,"parsed_body":null,"session_user_id":8}
[2026-05-18 11:52:58] DEBUG: Router: parsed {"method":"GET","uri":"api\/admin\/requests","segments":["api","admin","requests"]}
[2026-05-18 11:52:58] DEBUG: Incoming Request {"method":"GET","uri":"\/ssms-backend\/public\/api\/stones","content_type":"application\/json","body_length":0,"parsed_body":null,"session_user_id":8}
[2026-05-18 11:52:58] DEBUG: Router: parsed {"method":"GET","uri":"api\/stones","segments":["api","stones"]}
[2026-05-18 11:52:58] DEBUG: Incoming Request {"method":"GET","uri":"\/ssms-backend\/public\/api\/admin\/orders","content_type":"application\/json","body_length":0,"parsed_body":null,"session_user_id":8}
[2026-05-18 11:52:58] DEBUG: Router: parsed {"method":"GET","uri":"api\/admin\/orders","segments":["api","admin","orders"]}
[2026-05-18 11:53:03] DEBUG: Incoming Request {"method":"GET","uri":"\/ssms-backend\/public\/api\/admin\/orders","content_type":"application\/json","body_length":0,"parsed_body":null,"session_user_id":8}
[2026-05-18 11:53:03] DEBUG: Router: parsed {"method":"GET","uri":"api\/admin\/orders","segments":["api","admin","orders"]}
[2026-05-18 11:53:03] DEBUG: Incoming Request {"method":"GET","uri":"\/ssms-backend\/public\/api\/orders\/3","content_type":"application\/json","body_length":0,"parsed_body":null,"session_user_id":8}
[2026-05-18 11:53:03] DEBUG: Router: parsed {"method":"GET","uri":"api\/orders\/3","segments":["api","orders","3"]}
[2026-05-18 11:53:03] DEBUG: Incoming Request {"method":"GET","uri":"\/ssms-backend\/public\/api\/admin\/users?role=Employee&status=Active","content_type":"application\/json","body_length":0,"parsed_body":null,"session_user_id":8}
[2026-05-18 11:53:03] DEBUG: Router: parsed {"method":"GET","uri":"api\/admin\/users","segments":["api","admin","users"]}
[2026-05-18 11:53:31] DEBUG: Incoming Request {"method":"PUT","uri":"\/ssms-backend\/public\/api\/admin\/orders\/3\/assign","content_type":"application\/json","body_length":19,"parsed_body":{"employee_id":"3"},"session_user_id":8}
[2026-05-18 11:53:31] DEBUG: Router: parsed {"method":"PUT","uri":"api\/admin\/orders\/3\/assign","segments":["api","admin","orders","3","assign"]}
[2026-05-18 11:53:31] DEBUG: Incoming Request {"method":"GET","uri":"\/ssms-backend\/public\/api\/admin\/orders","content_type":"application\/json","body_length":0,"parsed_body":null,"session_user_id":8}
[2026-05-18 11:53:31] DEBUG: Router: parsed {"method":"GET","uri":"api\/admin\/orders","segments":["api","admin","orders"]}
[2026-05-18 11:53:31] DEBUG: Incoming Request {"method":"GET","uri":"\/ssms-backend\/public\/api\/orders\/3","content_type":"application\/json","body_length":0,"parsed_body":null,"session_user_id":8}
[2026-05-18 11:53:31] DEBUG: Router: parsed {"method":"GET","uri":"api\/orders\/3","segments":["api","orders","3"]}
[2026-05-18 11:53:31] DEBUG: Incoming Request {"method":"GET","uri":"\/ssms-backend\/public\/api\/admin\/users?role=Employee&status=Active","content_type":"application\/json","body_length":0,"parsed_body":null,"session_user_id":8}
[2026-05-18 11:53:31] DEBUG: Router: parsed {"method":"GET","uri":"api\/admin\/users","segments":["api","admin","users"]}
[2026-05-18 11:54:33] DEBUG: Incoming Request {"method":"POST","uri":"\/ssms-backend\/public\/api\/auth\/login","content_type":"application\/json","body_length":52,"parsed_body":{"username":"qa_customer_tmp","password":"***REDACTED***"},"session_user_id":8}
[2026-05-18 11:54:33] DEBUG: Router: parsed {"method":"POST","uri":"api\/auth\/login","segments":["api","auth","login"]}
[2026-05-18 11:54:34] DEBUG: Incoming Request {"method":"GET","uri":"\/ssms-backend\/public\/api\/auth\/me","content_type":"application\/json","body_length":0,"parsed_body":null,"session_user_id":10}
[2026-05-18 11:54:34] DEBUG: Router: parsed {"method":"GET","uri":"api\/auth\/me","segments":["api","auth","me"]}
[2026-05-18 11:54:34] DEBUG: Incoming Request {"method":"GET","uri":"\/ssms-backend\/public\/api\/orders","content_type":"application\/json","body_length":0,"parsed_body":null,"session_user_id":10}
[2026-05-18 11:54:34] DEBUG: Router: parsed {"method":"GET","uri":"api\/orders","segments":["api","orders"]}
[2026-05-18 11:54:34] DEBUG: Incoming Request {"method":"GET","uri":"\/ssms-backend\/public\/api\/requests","content_type":"application\/json","body_length":0,"parsed_body":null,"session_user_id":10}
[2026-05-18 11:54:34] DEBUG: Router: parsed {"method":"GET","uri":"api\/requests","segments":["api","requests"]}
[2026-05-18 11:54:36] DEBUG: Incoming Request {"method":"GET","uri":"\/ssms-backend\/public\/api\/auth\/me","content_type":"application\/json","body_length":0,"parsed_body":null,"session_user_id":10}
[2026-05-18 11:54:36] DEBUG: Router: parsed {"method":"GET","uri":"api\/auth\/me","segments":["api","auth","me"]}
[2026-05-18 11:54:36] DEBUG: Incoming Request {"method":"GET","uri":"\/ssms-backend\/public\/api\/customer\/profile","content_type":"application\/json","body_length":0,"parsed_body":null,"session_user_id":10}
[2026-05-18 11:54:36] DEBUG: Router: parsed {"method":"GET","uri":"api\/customer\/profile","segments":["api","customer","profile"]}
[2026-05-18 11:54:36] ERROR: Database error in router {"error":"SQLSTATE[42S02]: Base table or view not found: 1146 Table 'ssms.customer_account_settings' doesn't exist","code":"42S02","file":"C:\\wamp64\\www\\ssms-backend\\models\\CustomerAccountModel.php","line":96}
[2026-05-18 11:54:36] ERROR: API Error: SERVER_ERROR - Database error: SQLSTATE[42S02]: Base table or view not found: 1146 Table 'ssms.customer_account_settings' doesn't exist {"status_code":500}
[2026-05-18 11:58:12] DEBUG: Incoming Request {"method":"GET","uri":"\/ssms-backend\/public\/api\/auth\/me","content_type":"application\/json","body_length":0,"parsed_body":null,"session_user_id":10}
[2026-05-18 11:58:12] DEBUG: Router: parsed {"method":"GET","uri":"api\/auth\/me","segments":["api","auth","me"]}
[2026-05-18 11:58:12] DEBUG: Incoming Request {"method":"GET","uri":"\/ssms-backend\/public\/api\/customer\/profile","content_type":"application\/json","body_length":0,"parsed_body":null,"session_user_id":10}
[2026-05-18 11:58:12] DEBUG: Router: parsed {"method":"GET","uri":"api\/customer\/profile","segments":["api","customer","profile"]}
[2026-05-18 11:58:49] DEBUG: Incoming Request {"method":"PUT","uri":"\/ssms-backend\/public\/api\/customer\/profile","content_type":"application\/json","body_length":177,"parsed_body":{"first_name":"QAA","last_name":"Customer Temp","email":"qa.customer.tmp@ssms.local","phone":"555-9003","address":"Temporary QA account","city":"","country":"","postal_code":""},"session_user_id":10}
[2026-05-18 11:58:49] DEBUG: Router: parsed {"method":"PUT","uri":"api\/customer\/profile","segments":["api","customer","profile"]}
[2026-05-18 11:59:00] DEBUG: Incoming Request {"method":"PUT","uri":"\/ssms-backend\/public\/api\/customer\/profile","content_type":"application\/json","body_length":176,"parsed_body":{"first_name":"QA","last_name":"Customer Temp","email":"qa.customer.tmp@ssms.local","phone":"555-9003","address":"Temporary QA account","city":"","country":"","postal_code":""},"session_user_id":10}
[2026-05-18 11:59:00] DEBUG: Router: parsed {"method":"PUT","uri":"api\/customer\/profile","segments":["api","customer","profile"]}
[2026-05-18 11:59:18] DEBUG: Incoming Request {"method":"POST","uri":"\/ssms-backend\/public\/api\/customer\/avatar","content_type":"multipart\/form-data; boundary=----WebKitFormBoundaryuNfAplA2MjZTgUon","body_length":0,"parsed_body":null,"session_user_id":10}
[2026-05-18 11:59:18] DEBUG: Router: parsed {"method":"POST","uri":"api\/customer\/avatar","segments":["api","customer","avatar"]}
[2026-05-18 11:59:18] DEBUG: Incoming Request {"method":"GET","uri":"\/ssms-backend\/public\/api\/customer\/profile","content_type":"application\/json","body_length":0,"parsed_body":null,"session_user_id":10}
[2026-05-18 11:59:18] DEBUG: Router: parsed {"method":"GET","uri":"api\/customer\/profile","segments":["api","customer","profile"]}
[2026-05-18 11:59:39] DEBUG: Incoming Request {"method":"GET","uri":"\/ssms-backend\/public\/api\/auth\/me","content_type":"application\/json","body_length":0,"parsed_body":null,"session_user_id":10}
[2026-05-18 11:59:39] DEBUG: Router: parsed {"method":"GET","uri":"api\/auth\/me","segments":["api","auth","me"]}
[2026-05-18 11:59:39] DEBUG: Incoming Request {"method":"GET","uri":"\/ssms-backend\/public\/api\/customer\/profile","content_type":"application\/json","body_length":0,"parsed_body":null,"session_user_id":10}
[2026-05-18 11:59:39] DEBUG: Router: parsed {"method":"GET","uri":"api\/customer\/profile","segments":["api","customer","profile"]}
[2026-05-18 11:59:46] DEBUG: Incoming Request {"method":"GET","uri":"\/ssms-backend\/public\/api\/auth\/me","content_type":"application\/json","body_length":0,"parsed_body":null,"session_user_id":10}
[2026-05-18 11:59:46] DEBUG: Router: parsed {"method":"GET","uri":"api\/auth\/me","segments":["api","auth","me"]}
[2026-05-18 11:59:46] DEBUG: Incoming Request {"method":"GET","uri":"\/ssms-backend\/public\/api\/customer\/profile","content_type":"application\/json","body_length":0,"parsed_body":null,"session_user_id":10}
[2026-05-18 11:59:46] DEBUG: Router: parsed {"method":"GET","uri":"api\/customer\/profile","segments":["api","customer","profile"]}
[2026-05-18 12:02:17] DEBUG: Incoming Request {"method":"GET","uri":"\/ssms-backend\/public\/api\/auth\/me","content_type":"application\/json","body_length":0,"parsed_body":null,"session_user_id":10}
[2026-05-18 12:02:17] DEBUG: Router: parsed {"method":"GET","uri":"api\/auth\/me","segments":["api","auth","me"]}
[2026-05-18 12:02:17] DEBUG: Incoming Request {"method":"GET","uri":"\/ssms-backend\/public\/api\/customer\/profile","content_type":"application\/json","body_length":0,"parsed_body":null,"session_user_id":10}
[2026-05-18 12:02:17] DEBUG: Router: parsed {"method":"GET","uri":"api\/customer\/profile","segments":["api","customer","profile"]}
[2026-05-18 12:02:18] DEBUG: Incoming Request {"method":"GET","uri":"\/ssms-backend\/public\/api\/auth\/me","content_type":"application\/json","body_length":0,"parsed_body":null,"session_user_id":10}
[2026-05-18 12:02:18] DEBUG: Router: parsed {"method":"GET","uri":"api\/auth\/me","segments":["api","auth","me"]}
[2026-05-18 12:02:18] DEBUG: Incoming Request {"method":"GET","uri":"\/ssms-backend\/public\/api\/customer\/profile","content_type":"application\/json","body_length":0,"parsed_body":null,"session_user_id":10}
[2026-05-18 12:02:18] DEBUG: Router: parsed {"method":"GET","uri":"api\/customer\/profile","segments":["api","customer","profile"]}
[2026-05-18 12:02:27] DEBUG: Incoming Request {"method":"GET","uri":"\/ssms-backend\/public\/api\/auth\/me","content_type":"application\/json","body_length":0,"parsed_body":null,"session_user_id":10}
[2026-05-18 12:02:27] DEBUG: Router: parsed {"method":"GET","uri":"api\/auth\/me","segments":["api","auth","me"]}
[2026-05-18 12:02:27] DEBUG: Incoming Request {"method":"GET","uri":"\/ssms-backend\/public\/api\/customer\/profile","content_type":"application\/json","body_length":0,"parsed_body":null,"session_user_id":10}
[2026-05-18 12:02:27] DEBUG: Router: parsed {"method":"GET","uri":"api\/customer\/profile","segments":["api","customer","profile"]}
[2026-05-18 12:02:28] DEBUG: Incoming Request {"method":"GET","uri":"\/ssms-backend\/public\/api\/auth\/me","content_type":"application\/json","body_length":0,"parsed_body":null,"session_user_id":10}
[2026-05-18 12:02:28] DEBUG: Router: parsed {"method":"GET","uri":"api\/auth\/me","segments":["api","auth","me"]}
[2026-05-18 12:02:28] DEBUG: Incoming Request {"method":"GET","uri":"\/ssms-backend\/public\/api\/customer\/settings","content_type":"application\/json","body_length":0,"parsed_body":null,"session_user_id":10}
[2026-05-18 12:02:28] DEBUG: Router: parsed {"method":"GET","uri":"api\/customer\/settings","segments":["api","customer","settings"]}
[2026-05-18 12:02:28] ERROR: Database error in router {"error":"SQLSTATE[42S02]: Base table or view not found: 1146 Table 'ssms.customer_addresses' doesn't exist","code":"42S02","file":"C:\\wamp64\\www\\ssms-backend\\models\\CustomerAccountModel.php","line":408}
[2026-05-18 12:02:28] ERROR: API Error: SERVER_ERROR - Database error: SQLSTATE[42S02]: Base table or view not found: 1146 Table 'ssms.customer_addresses' doesn't exist {"status_code":500}
[2026-05-18 12:09:16] DEBUG: Incoming Request {"method":"GET","uri":"\/ssms-backend\/public\/api\/auth\/me","content_type":"application\/json","body_length":0,"parsed_body":null,"session_user_id":10}
[2026-05-18 12:09:16] DEBUG: Router: parsed {"method":"GET","uri":"api\/auth\/me","segments":["api","auth","me"]}
[2026-05-18 12:09:16] DEBUG: Incoming Request {"method":"GET","uri":"\/ssms-backend\/public\/api\/customer\/profile","content_type":"application\/json","body_length":0,"parsed_body":null,"session_user_id":10}
[2026-05-18 12:09:16] DEBUG: Router: parsed {"method":"GET","uri":"api\/customer\/profile","segments":["api","customer","profile"]}
[2026-05-18 12:09:18] DEBUG: Incoming Request {"method":"GET","uri":"\/ssms-backend\/public\/api\/auth\/me","content_type":"application\/json","body_length":0,"parsed_body":null,"session_user_id":10}
[2026-05-18 12:09:18] DEBUG: Router: parsed {"method":"GET","uri":"api\/auth\/me","segments":["api","auth","me"]}
[2026-05-18 12:09:18] DEBUG: Incoming Request {"method":"GET","uri":"\/ssms-backend\/public\/api\/customer\/settings","content_type":"application\/json","body_length":0,"parsed_body":null,"session_user_id":10}
[2026-05-18 12:09:18] DEBUG: Router: parsed {"method":"GET","uri":"api\/customer\/settings","segments":["api","customer","settings"]}
[2026-05-18 12:09:18] ERROR: Database error in router {"error":"SQLSTATE[42S02]: Base table or view not found: 1146 Table 'ssms.customer_addresses' doesn't exist","code":"42S02","file":"C:\\wamp64\\www\\ssms-backend\\models\\CustomerAccountModel.php","line":408}
[2026-05-18 12:09:18] ERROR: API Error: SERVER_ERROR - Database error: SQLSTATE[42S02]: Base table or view not found: 1146 Table 'ssms.customer_addresses' doesn't exist {"status_code":500}
[2026-05-18 12:09:26] DEBUG: Incoming Request {"method":"GET","uri":"\/ssms-backend\/public\/api\/auth\/me","content_type":"application\/json","body_length":0,"parsed_body":null,"session_user_id":10}
[2026-05-18 12:09:26] DEBUG: Router: parsed {"method":"GET","uri":"api\/auth\/me","segments":["api","auth","me"]}
[2026-05-18 12:09:26] DEBUG: Incoming Request {"method":"GET","uri":"\/ssms-backend\/public\/api\/customer\/profile","content_type":"application\/json","body_length":0,"parsed_body":null,"session_user_id":10}
[2026-05-18 12:09:26] DEBUG: Router: parsed {"method":"GET","uri":"api\/customer\/profile","segments":["api","customer","profile"]}
[2026-05-18 12:09:28] DEBUG: Incoming Request {"method":"GET","uri":"\/ssms-backend\/public\/api\/auth\/me","content_type":"application\/json","body_length":0,"parsed_body":null,"session_user_id":10}
[2026-05-18 12:09:28] DEBUG: Router: parsed {"method":"GET","uri":"api\/auth\/me","segments":["api","auth","me"]}
[2026-05-18 12:09:28] DEBUG: Incoming Request {"method":"GET","uri":"\/ssms-backend\/public\/api\/customer\/settings","content_type":"application\/json","body_length":0,"parsed_body":null,"session_user_id":10}
[2026-05-18 12:09:28] DEBUG: Router: parsed {"method":"GET","uri":"api\/customer\/settings","segments":["api","customer","settings"]}
[2026-05-18 12:09:28] ERROR: Database error in router {"error":"SQLSTATE[42S02]: Base table or view not found: 1146 Table 'ssms.customer_addresses' doesn't exist","code":"42S02","file":"C:\\wamp64\\www\\ssms-backend\\models\\CustomerAccountModel.php","line":408}
[2026-05-18 12:09:28] ERROR: API Error: SERVER_ERROR - Database error: SQLSTATE[42S02]: Base table or view not found: 1146 Table 'ssms.customer_addresses' doesn't exist {"status_code":500}
[2026-05-18 12:10:00] DEBUG: Incoming Request {"method":"GET","uri":"\/ssms-backend\/public\/api\/auth\/me","content_type":"application\/json","body_length":0,"parsed_body":null,"session_user_id":10}
[2026-05-18 12:10:00] DEBUG: Router: parsed {"method":"GET","uri":"api\/auth\/me","segments":["api","auth","me"]}
[2026-05-18 12:10:00] DEBUG: Incoming Request {"method":"GET","uri":"\/ssms-backend\/public\/api\/customer\/profile","content_type":"application\/json","body_length":0,"parsed_body":null,"session_user_id":10}
[2026-05-18 12:10:00] DEBUG: Router: parsed {"method":"GET","uri":"api\/customer\/profile","segments":["api","customer","profile"]}
[2026-05-18 12:11:28] DEBUG: Incoming Request {"method":"GET","uri":"\/ssms-backend\/public\/api\/auth\/me","content_type":"application\/json","body_length":0,"parsed_body":null,"session_user_id":10}
[2026-05-18 12:11:28] DEBUG: Router: parsed {"method":"GET","uri":"api\/auth\/me","segments":["api","auth","me"]}
[2026-05-18 12:11:28] DEBUG: Incoming Request {"method":"GET","uri":"\/ssms-backend\/public\/api\/customer\/profile","content_type":"application\/json","body_length":0,"parsed_body":null,"session_user_id":10}
[2026-05-18 12:11:28] DEBUG: Router: parsed {"method":"GET","uri":"api\/customer\/profile","segments":["api","customer","profile"]}
[2026-05-18 12:13:23] DEBUG: Incoming Request {"method":"GET","uri":"\/ssms-backend\/public\/api\/auth\/me","content_type":"application\/json","body_length":0,"parsed_body":null,"session_user_id":10}
[2026-05-18 12:13:23] DEBUG: Router: parsed {"method":"GET","uri":"api\/auth\/me","segments":["api","auth","me"]}
[2026-05-18 12:13:23] DEBUG: Incoming Request {"method":"GET","uri":"\/ssms-backend\/public\/api\/customer\/profile","content_type":"application\/json","body_length":0,"parsed_body":null,"session_user_id":10}
[2026-05-18 12:13:23] DEBUG: Router: parsed {"method":"GET","uri":"api\/customer\/profile","segments":["api","customer","profile"]}
[2026-05-18 12:13:25] DEBUG: Incoming Request {"method":"GET","uri":"\/ssms-backend\/public\/api\/auth\/me","content_type":"application\/json","body_length":0,"parsed_body":null,"session_user_id":10}
[2026-05-18 12:13:25] DEBUG: Router: parsed {"method":"GET","uri":"api\/auth\/me","segments":["api","auth","me"]}
[2026-05-18 12:13:25] DEBUG: Incoming Request {"method":"GET","uri":"\/ssms-backend\/public\/api\/customer\/settings","content_type":"application\/json","body_length":0,"parsed_body":null,"session_user_id":10}
[2026-05-18 12:13:25] DEBUG: Router: parsed {"method":"GET","uri":"api\/customer\/settings","segments":["api","customer","settings"]}
[2026-05-18 12:25:13] DEBUG: Incoming Request {"method":"GET","uri":"\/ssms-backend\/public\/api\/auth\/me","content_type":"application\/json","body_length":0,"parsed_body":null,"session_user_id":10}
[2026-05-18 12:25:13] DEBUG: Router: parsed {"method":"GET","uri":"api\/auth\/me","segments":["api","auth","me"]}
[2026-05-18 12:25:13] DEBUG: Incoming Request {"method":"GET","uri":"\/ssms-backend\/public\/api\/customer\/settings","content_type":"application\/json","body_length":0,"parsed_body":null,"session_user_id":10}
[2026-05-18 12:25:13] DEBUG: Router: parsed {"method":"GET","uri":"api\/customer\/settings","segments":["api","customer","settings"]}
[2026-05-18 15:18:40] DEBUG: Incoming Request {"method":"GET","uri":"\/ssms-backend\/public\/api\/auth\/me","content_type":"application\/json","body_length":0,"parsed_body":null,"session_user_id":10}
[2026-05-18 15:18:40] DEBUG: Router: parsed {"method":"GET","uri":"api\/auth\/me","segments":["api","auth","me"]}
[2026-05-18 15:18:40] DEBUG: Incoming Request {"method":"GET","uri":"\/ssms-backend\/public\/api\/customer\/settings","content_type":"application\/json","body_length":0,"parsed_body":null,"session_user_id":10}
[2026-05-18 15:18:40] DEBUG: Router: parsed {"method":"GET","uri":"api\/customer\/settings","segments":["api","customer","settings"]}
[2026-05-18 15:20:35] DEBUG: Incoming Request {"method":"GET","uri":"\/ssms-backend\/public\/api\/auth\/me","content_type":"application\/json","body_length":0,"parsed_body":null,"session_user_id":10}
[2026-05-18 15:20:36] DEBUG: Router: parsed {"method":"GET","uri":"api\/auth\/me","segments":["api","auth","me"]}
[2026-05-18 15:20:36] DEBUG: Incoming Request {"method":"GET","uri":"\/ssms-backend\/public\/api\/customer\/settings","content_type":"application\/json","body_length":0,"parsed_body":null,"session_user_id":10}
[2026-05-18 15:20:36] DEBUG: Router: parsed {"method":"GET","uri":"api\/customer\/settings","segments":["api","customer","settings"]}
[2026-05-18 15:20:37] DEBUG: Incoming Request {"method":"GET","uri":"\/ssms-backend\/public\/api\/auth\/me","content_type":"application\/json","body_length":0,"parsed_body":null,"session_user_id":10}
[2026-05-18 15:20:37] DEBUG: Router: parsed {"method":"GET","uri":"api\/auth\/me","segments":["api","auth","me"]}
[2026-05-18 15:20:37] DEBUG: Incoming Request {"method":"GET","uri":"\/ssms-backend\/public\/api\/customer\/settings","content_type":"application\/json","body_length":0,"parsed_body":null,"session_user_id":10}
[2026-05-18 15:20:37] DEBUG: Router: parsed {"method":"GET","uri":"api\/customer\/settings","segments":["api","customer","settings"]}
[2026-05-18 15:23:01] DEBUG: Incoming Request {"method":"GET","uri":"\/ssms-backend\/public\/api\/auth\/me","content_type":"application\/json","body_length":0,"parsed_body":null,"session_user_id":10}
[2026-05-18 15:23:01] DEBUG: Router: parsed {"method":"GET","uri":"api\/auth\/me","segments":["api","auth","me"]}
[2026-05-18 15:23:01] DEBUG: Incoming Request {"method":"GET","uri":"\/ssms-backend\/public\/api\/customer\/settings","content_type":"application\/json","body_length":0,"parsed_body":null,"session_user_id":10}
[2026-05-18 15:23:01] DEBUG: Router: parsed {"method":"GET","uri":"api\/customer\/settings","segments":["api","customer","settings"]}
[2026-05-18 15:23:02] DEBUG: Incoming Request {"method":"GET","uri":"\/ssms-backend\/public\/api\/auth\/me","content_type":"application\/json","body_length":0,"parsed_body":null,"session_user_id":10}
[2026-05-18 15:23:02] DEBUG: Router: parsed {"method":"GET","uri":"api\/auth\/me","segments":["api","auth","me"]}
[2026-05-18 15:23:02] DEBUG: Incoming Request {"method":"GET","uri":"\/ssms-backend\/public\/api\/customer\/settings","content_type":"application\/json","body_length":0,"parsed_body":null,"session_user_id":10}
[2026-05-18 15:23:02] DEBUG: Router: parsed {"method":"GET","uri":"api\/customer\/settings","segments":["api","customer","settings"]}
[2026-05-18 15:23:07] DEBUG: Incoming Request {"method":"GET","uri":"\/ssms-backend\/public\/api\/auth\/me","content_type":"application\/json","body_length":0,"parsed_body":null,"session_user_id":10}
[2026-05-18 15:23:07] DEBUG: Router: parsed {"method":"GET","uri":"api\/auth\/me","segments":["api","auth","me"]}
[2026-05-18 15:23:07] DEBUG: Incoming Request {"method":"GET","uri":"\/ssms-backend\/public\/api\/customer\/settings","content_type":"application\/json","body_length":0,"parsed_body":null,"session_user_id":10}
[2026-05-18 15:23:07] DEBUG: Router: parsed {"method":"GET","uri":"api\/customer\/settings","segments":["api","customer","settings"]}
[2026-05-18 15:23:22] DEBUG: Incoming Request {"method":"GET","uri":"\/ssms-backend\/public\/api\/auth\/me","content_type":"application\/json","body_length":0,"parsed_body":null,"session_user_id":10}
[2026-05-18 15:23:22] DEBUG: Router: parsed {"method":"GET","uri":"api\/auth\/me","segments":["api","auth","me"]}
[2026-05-18 15:23:22] DEBUG: Incoming Request {"method":"GET","uri":"\/ssms-backend\/public\/api\/customer\/settings","content_type":"application\/json","body_length":0,"parsed_body":null,"session_user_id":10}
[2026-05-18 15:23:22] DEBUG: Router: parsed {"method":"GET","uri":"api\/customer\/settings","segments":["api","customer","settings"]}
[2026-05-18 15:23:25] DEBUG: Incoming Request {"method":"GET","uri":"\/ssms-backend\/public\/api\/auth\/me","content_type":"application\/json","body_length":0,"parsed_body":null,"session_user_id":10}
[2026-05-18 15:23:25] DEBUG: Router: parsed {"method":"GET","uri":"api\/auth\/me","segments":["api","auth","me"]}
[2026-05-18 15:23:25] DEBUG: Incoming Request {"method":"GET","uri":"\/ssms-backend\/public\/api\/customer\/profile","content_type":"application\/json","body_length":0,"parsed_body":null,"session_user_id":10}
[2026-05-18 15:23:25] DEBUG: Router: parsed {"method":"GET","uri":"api\/customer\/profile","segments":["api","customer","profile"]}
[2026-05-18 15:23:51] DEBUG: Incoming Request {"method":"POST","uri":"\/ssms-backend\/public\/api\/auth\/login","content_type":"application\/json","body_length":52,"parsed_body":{"username":"qa_employee_tmp","password":"***REDACTED***"},"session_user_id":10}
[2026-05-18 15:23:51] DEBUG: Router: parsed {"method":"POST","uri":"api\/auth\/login","segments":["api","auth","login"]}
[2026-05-18 15:23:52] DEBUG: Incoming Request {"method":"GET","uri":"\/ssms-backend\/public\/api\/auth\/me","content_type":"application\/json","body_length":0,"parsed_body":null,"session_user_id":9}
[2026-05-18 15:23:52] DEBUG: Router: parsed {"method":"GET","uri":"api\/auth\/me","segments":["api","auth","me"]}
[2026-05-18 15:23:52] DEBUG: Incoming Request {"method":"GET","uri":"\/ssms-backend\/public\/api\/employee\/orders","content_type":"application\/json","body_length":0,"parsed_body":null,"session_user_id":9}
[2026-05-18 15:23:52] DEBUG: Router: parsed {"method":"GET","uri":"api\/employee\/orders","segments":["api","employee","orders"]}
[2026-05-18 15:23:57] DEBUG: Incoming Request {"method":"GET","uri":"\/ssms-backend\/public\/api\/auth\/me","content_type":"application\/json","body_length":0,"parsed_body":null,"session_user_id":9}
[2026-05-18 15:23:57] DEBUG: Router: parsed {"method":"GET","uri":"api\/auth\/me","segments":["api","auth","me"]}
[2026-05-18 15:23:57] DEBUG: Incoming Request {"method":"GET","uri":"\/ssms-backend\/public\/api\/employee\/orders","content_type":"application\/json","body_length":0,"parsed_body":null,"session_user_id":9}
[2026-05-18 15:23:57] DEBUG: Router: parsed {"method":"GET","uri":"api\/employee\/orders","segments":["api","employee","orders"]}
[2026-05-18 15:24:03] DEBUG: Incoming Request {"method":"GET","uri":"\/ssms-backend\/public\/api\/auth\/me","content_type":"application\/json","body_length":0,"parsed_body":null,"session_user_id":9}
[2026-05-18 15:24:03] DEBUG: Router: parsed {"method":"GET","uri":"api\/auth\/me","segments":["api","auth","me"]}
[2026-05-18 15:24:03] DEBUG: Incoming Request {"method":"GET","uri":"\/ssms-backend\/public\/api\/employee\/orders","content_type":"application\/json","body_length":0,"parsed_body":null,"session_user_id":9}
[2026-05-18 15:24:03] DEBUG: Router: parsed {"method":"GET","uri":"api\/employee\/orders","segments":["api","employee","orders"]}
[2026-05-18 15:24:07] DEBUG: Incoming Request {"method":"GET","uri":"\/ssms-backend\/public\/api\/auth\/me","content_type":"application\/json","body_length":0,"parsed_body":null,"session_user_id":9}
[2026-05-18 15:24:07] DEBUG: Router: parsed {"method":"GET","uri":"api\/auth\/me","segments":["api","auth","me"]}
[2026-05-18 15:24:07] DEBUG: Incoming Request {"method":"GET","uri":"\/ssms-backend\/public\/api\/employee\/orders","content_type":"application\/json","body_length":0,"parsed_body":null,"session_user_id":9}
[2026-05-18 15:24:07] DEBUG: Router: parsed {"method":"GET","uri":"api\/employee\/orders","segments":["api","employee","orders"]}
[2026-05-18 15:28:37] DEBUG: Incoming Request {"method":"GET","uri":"\/ssms-backend\/public\/api\/auth\/me","content_type":"application\/json","body_length":0,"parsed_body":null,"session_user_id":9}
[2026-05-18 15:28:37] DEBUG: Router: parsed {"method":"GET","uri":"api\/auth\/me","segments":["api","auth","me"]}
[2026-05-18 15:28:37] DEBUG: Incoming Request {"method":"GET","uri":"\/ssms-backend\/public\/api\/employee\/orders","content_type":"application\/json","body_length":0,"parsed_body":null,"session_user_id":9}
[2026-05-18 15:28:37] DEBUG: Router: parsed {"method":"GET","uri":"api\/employee\/orders","segments":["api","employee","orders"]}
[2026-05-18 15:34:53] DEBUG: Incoming Request {"method":"GET","uri":"\/ssms-backend\/public\/api\/auth\/me","content_type":"application\/json","body_length":0,"parsed_body":null,"session_user_id":9}
[2026-05-18 15:34:53] DEBUG: Router: parsed {"method":"GET","uri":"api\/auth\/me","segments":["api","auth","me"]}
[2026-05-18 15:34:53] DEBUG: Incoming Request {"method":"GET","uri":"\/ssms-backend\/public\/api\/employee\/orders","content_type":"application\/json","body_length":0,"parsed_body":null,"session_user_id":9}
[2026-05-18 15:34:53] DEBUG: Router: parsed {"method":"GET","uri":"api\/employee\/orders","segments":["api","employee","orders"]}
[2026-05-18 15:34:57] DEBUG: Incoming Request {"method":"GET","uri":"\/ssms-backend\/public\/api\/auth\/me","content_type":"application\/json","body_length":0,"parsed_body":null,"session_user_id":9}
[2026-05-18 15:34:57] DEBUG: Router: parsed {"method":"GET","uri":"api\/auth\/me","segments":["api","auth","me"]}
[2026-05-18 15:34:57] DEBUG: Incoming Request {"method":"GET","uri":"\/ssms-backend\/public\/api\/employee\/orders","content_type":"application\/json","body_length":0,"parsed_body":null,"session_user_id":9}
[2026-05-18 15:34:57] DEBUG: Router: parsed {"method":"GET","uri":"api\/employee\/orders","segments":["api","employee","orders"]}
[2026-05-18 15:36:32] DEBUG: Incoming Request {"method":"GET","uri":"\/ssms-backend\/public\/api\/auth\/me","content_type":"application\/json","body_length":0,"parsed_body":null,"session_user_id":9}
[2026-05-18 15:36:32] DEBUG: Router: parsed {"method":"GET","uri":"api\/auth\/me","segments":["api","auth","me"]}
[2026-05-18 15:36:32] DEBUG: Incoming Request {"method":"GET","uri":"\/ssms-backend\/public\/api\/employee\/orders","content_type":"application\/json","body_length":0,"parsed_body":null,"session_user_id":9}
[2026-05-18 15:36:32] DEBUG: Router: parsed {"method":"GET","uri":"api\/employee\/orders","segments":["api","employee","orders"]}
[2026-05-18 15:36:35] DEBUG: Incoming Request {"method":"GET","uri":"\/ssms-backend\/public\/api\/auth\/me","content_type":"application\/json","body_length":0,"parsed_body":null,"session_user_id":9}
[2026-05-18 15:36:35] DEBUG: Router: parsed {"method":"GET","uri":"api\/auth\/me","segments":["api","auth","me"]}
[2026-05-18 15:36:35] DEBUG: Incoming Request {"method":"GET","uri":"\/ssms-backend\/public\/api\/employee\/orders","content_type":"application\/json","body_length":0,"parsed_body":null,"session_user_id":9}
[2026-05-18 15:36:35] DEBUG: Router: parsed {"method":"GET","uri":"api\/employee\/orders","segments":["api","employee","orders"]}
